id,title,score,url,created_utc,selftext,comments,title_sentiment,selftext_sentiment,average_comment_sentiment
1lr7yhi,Does anyone else think GameStop should conceal duplicate inventory on graded cards? It seems like posting this many reduces perception of scarcity/value. Also how are they getting so many of the same card?,298,https://v.redd.it/z61e5izutraf1,1751597298.0,,"[""[Why GME?](https://www.reddit.com/r/Superstonk/comments/qig65g/welcome_rall_looking_to_catch_up_on_the_gme_saga/) || [What is DRS?](https://www.reddit.com/r/Superstonk/comments/ptvaka/when_you_wish_upon_a_star_a_complete_guide_to/) || Low karma apes [feed the bot here](https://www.reddit.com/r/GMEOrphans/comments/qlvour/welcome_to_gmeorphans_read_this_post/) || [Superstonk Discord](https://discord.gg/hZqWV2kQtq) || [Community Post: *Open Forum*](https://www.reddit.com/r/Superstonk/comments/1ipojer/open_forum/) || [Superstonk:Now with GIFs - Learn more](https://www.reddit.com/r/Superstonk/comments/1cr37r7/superstonk_gets_its_gif_on_get_hyped/)\n\n------------------------------------------------------------------------\n\nTo ensure your post doesn't get removed, please respond to this comment with how this post relates to GME the stock or Gamestop the company.\n\n------------------------------------------------------------------------\n\n\nPlease up- and downvote this comment to [help us determine if this post deserves a place on r/Superstonk!](https://www.reddit.com/r/Superstonk/wiki/index/rules/post_flairs/)"", '💯', 'I agree fully!', '100% someone is manipulating the psa grading system to accomplish this. Someone should @ryancohen about it', ""No because people need to be able to see each individual card. They dont all just use the same photo, each one has a photo of the actual card and slab so you can see slab and card condition for yourself before you buy it. If I'm picking out a PSA 8 card for example, I would personally only want one with dead perfect centering."", ""Lots of collectors/investors buy multiples of PSA 10 slabs for popular valuable cards. Price seems reasonable based on comps. I don't see an issue with having quantity of popular cards. Same thing with hockey young guns and basketball/football prizm rookies. There is a large market and lots of buyers for popular cards in PSA 10. You'd be missing out on potential sales by not having quantity listed."", 'They do really need to work on the sports card inventory. Some of it is well curated / priced. Some of it not so much.', 'Oh so of the 8000 cards people are boasting about shit tons of them are duplicates lmao?\xa0', 'Yes zzz they should it can be frustrating to browse tbh. ♾️🏴\u200d☠️🤙', 'Maybe I’m too much of a bitch but that feels kinda dishonest.', '8000 identical cards, each priced 1000? Seriously?', 'Nah some of us are weird and like certain numbers in the cert number.', 'Um no. Transparency sets an accurate price', 'Who says they arent.', 'What they should do is post 1 listing and an availability count. Makes it easier to scroll for what you want or to see the variety. I would rather see a card once that says 3 in stock instead of 3 of the same card listed individually. Could also have a drop down option for rating. Say you have 10 of the same card 5 rated 8, 3 rated 9 and 2 rated 10. 1 listing with a drop down to select which rating you want with an availability counter for each.', 'They can easily add one product and show stock as x amount.', 'There was a post a very long time ago in the first few months of them buying graded cards. The post showed that prices were being manipulated on sites such as eBay, so that GameStop would pay a bunch of money for worthless cards. It got a lot of traction so I’m hoping they already saw it and are aware of price manipulation.', 'This is helpful. Thanks.', 'Agreed but they could do a collapsed view with a carousel of the different versions. There are a few UIUX ways to solve for this. GameStop lemme know if you want me to fix this lol', 'Agreed, but, you could have a singular listing. And then within that listing, have it filterable by price, rating, special traits, etc... And then the user should be able to peruse that filtered subset.', 'Check out comc.com, I personally think the way they handle inventory is the best. One listing per card / grade, but you can see high res scans of each copy they have. This never ending scrolling would be annoying if you did a general search for the set and not the card.', 'Dude look at the damn pictures yourself they are all the same image', 'Then have them all as shipping choices within that cards link like tcg player does. This is just bad interface design', 'Nonfungible - a word we all learned a while ago is relevant here.', 'Rare cards', 'Yeah, I think I commented there as well.', '![gif](giphy|epxKuZ6sRH88ja9JwT)\n\nHey RC, get this guy on the case', 'I agree. When you buy a diamond, for example, you select your shape, then size, and then other details. \n\nYou should be able to select the card first, then maybe sort by grade, etc. Definitely needs to be improved.', 'Yes do this', 'No they are not', 'Yes they are, they don’t have that many copies of the same card at that grading level. Iv already reported glitches like this before they claimed to have like over 50 psa10 yellow cheeks and after i report it they took them all down.', ""If you're seeing a glitch that's different than what this post is about. If you see multiple PSA 10s on the website, take a closer look and you will see the ink is darker or lighter on some, the serial numbers are different on each slab, and centering will be different as well. They don't reuse the same image for every card.""]",0.4329,0.0,0.155740625
1lr8h83,"GameStop revenue by category, as a percentage of total revenue, by fiscal quarter",286,https://i.redd.it/pmr6yvz2zraf1.png,1751599001.0,,"[""Welcome to r/GME, for questions in regards to GME and DRS check out the links below!\n\nDue to an uptick in scammers offering non official GameStop merchandise (T-Shirts)\n\nDO NOT CLICK THE LINKS THAT ARE NOT OFFICIALLY FROM GAMESTOP. \n\nWe have partnered with Reddit directly to ensure the Communities Safety.\n\n[What is GME?](https://www.reddit.com/r/Superstonk/comments/qig65g/welcome_rall_looking_to_catch_up_on_the_gme_saga/?utm_source=share&utm_medium=ios_app&utm_name=iossmf)\n\n[GameStop's Accomplishments](https://www.reddit.com/r/GME/comments/x3hv46/list_of_official_gamestop_accomplishments/?utm_source=share&utm_medium=ios_app&utm_name=iossmf) \n\n[What is DRS? US / International](https://www.reddit.com/r/Superstonk/comments/ptvaka/when_you_wish_upon_a_star_a_complete_guide_to/?utm_source=share&utm_medium=ios_app&utm_name=iossmf)\n\n[ComputerShare International DRS Support](https://www.reddit.com/r/GMEJungle/comments/r9euj1/computershare_upgrades_drs_support_for/?utm_source=share&utm_medium=ios_app&utm_name=iossmf) \n\n[Feed The Bot Instructions](https://www.reddit.com/r/GMEOrphans/comments/qlvour/welcome_to_gmeorphans_read_this_post/?utm_source=share&utm_medium=ios_app&utm_name=iossmf)\n\n**Power To The Players** \n\n\n*I am a bot, and this action was performed automatically. Please [contact the moderators of this subreddit](/message/compose/?to=/r/GME) if you have any questions or concerns.*"", 'Do they break down retail store versus online?', 'Collectibles is a clear area for growth as software declines - the software decline was inevitable and has been the bearish thesis for a long time. \n\nConsole cycles are bullish - plus, they’re staggered. \n\nSeeing them pivot into collectibles has been great.', 'Nice chart! Did u make it?', 'GME is now a growth company', 'If we could add some sort of “subscription revenue” that would be the game changer….we would become a Netflix type company, from a WallStreet valuation standpoint', 'Wish they would sell more e33 collectors editions 😭', 'chart in percentage is very misleading..  \nThe revenue is decreasing each year', 'Hardware oughta be fat from switch 2.  Software continue trend down, but perhaps a nice bump from switch 2. Collectibles I’d anticipate continue trend up.  Q2 should be juicy.  When collectible revenue really starts popping out to investors we begin to get more of a growth multiple.  As far as BTC goes, I don’t really buy into this upswing, but I’m hoping RC buys any dip bc I think the Genius act will pump BTC and the broader market.  These mega banks are going to issue a fuck ton of stable coins and buy up a bunch of treasuries.  The govt gets support for their debt.  The banks get stable coins to rehypothicate and pump risk assets.  The billionaire class that wrote the bill is foaming at the mouth for increased liquidity and volatility, and will play retail sentiment up and down to make big profits, which just got a tax break from the BBB.  Market makers and banks will be raking it in so they will have plenty of power to continue manipulating this stock and everything else.  GME senior notes incentivize volatility in our stock, but shorting into the ground is disincentivized, on top of that the business isn’t worth trying to cellar box.  I think we’re in a pretty good spot atm.', 'Fantastic graphic thanks', 'This is awesome, so much so, you got my award. 💜  \n  \n...would love to see this with a ""value"" instead of a percentage"" perhaps stacked on top of each other.', 'These percentage breakouts of total revenue only paint a small picture especially when overall revenue is declining. But yes pivoting into collectibles is obviously within their plans and I am behind this.', 'Collectibles go brr', 'No, not as far as I am aware. \xa0I wish they would do so, but that data is not provided in the earnings reports.', 'When they say Ryan Cohen has done nothing they totally ignkre this pivot has been very succesful. Cheers to Ryan', 'Yes, but Q2 is going to get a huge boost in hardware and probably also software from the Switch2 right?', 'Thanks. \xa0Yes I made it\xa0', 'Growth companies ... Grow.\n\nSo how could a company shrinking every year for a decade be a growth company? :)', 'Would love to see another of these based on gross amounts and not %', 'I believe Yes. But being that these are percentages and not $ doesn’t give you a totally clear picture of the growth in the collectibles segment. Would be cool if we had a total dollar amount per each segment to see how much collectible revenue was increasing', 'Excellent work! I shared it on X and added a link to this post to credit you. If you have an X handle i can credit you there too 🫡', 'Fpund your GME wiki site and i found the X accpunt i followed you and i credit you in the comments. Cheers🫡', '""Shrinking every year for a decade"" -- what measurment are you using to mangle that statement into existence?', ""You're hurting people with such logic."", '🍻🫡', ""Revenue\n\nStores\n\nBasically every metric possible except for the existence of more 4% Treasury bonds that they got from diluting shareholders lmao\n\nGrowth companies... Y'know... Grow"", ""I understand no one wants to buck the narrative, and they hate people who do, but....\n\nIt's literally freely available information that's charted in dozens of financial tracking sites.  Search GME revenue for last 10 years."", 'I like the green ones', 'Hey J**Bot**,   \n\n\nWhat\'s your counter argument against this then, you heap of rusted nuts!   \n  \nI agree with you, some stores are unprofitable - so as part of the turnaround strategy - they have been reducing store numbers - focusing primarily on stores that are losing money - so being reasonable we could easily predict that as stores counts go down then gross revenue will also, as two metrics are correlated. \n\nInstead if simple measuring stores/revenue (as that doesn\'t give a very good insight unless your purposefully trying to paint a picture and that satisfies your data needs) then it would be better to look deeper into those figures, if you actually looking for real investment opportunities to find where the current market value doesn\'t represent the inherent value of the company. \n\n1) A better idea would be to look at revenue per store - that way as they reduce the store count reduces we should see the overall revenue generated per store increase, at least if the boards plan and strategy is working - if the revenue per store is decreasing then you will still have a valid point. \n\n2) Better still if we are specifically looking at ""growth"", then we need to measure the one thing that all companies are supposed to do -- and that is make a profit -- so a better metric to measure would be profits rather than flat revenue and store count.', 'You mean something like this:   \n[https://imgur.com/gallery/gme-net-income-chart-last-20-quarters-msWADhz](https://imgur.com/gallery/gme-net-income-chart-last-20-quarters-msWADhz)', ""The company is incapable of profit. \n\nThe only money they've made is from taking it from shareholders and buying treasury bonds lmao\n\nClosed 75% of stores in a decade\n\nMore of a zombie company than a growth company"", ""Somebody putting the image of a spreadsheet on imgur isn't data to me.  But this is:\n\n[https://www.macrotrends.net/stocks/charts/GME/gamestop/revenue](https://www.macrotrends.net/stocks/charts/GME/gamestop/revenue)"", 'Sorry, bot, why have you switched topic?   \n  \nWe weren\'t talking about treasury bonds - and the sale of shares - what has a the board member strategy got to do with how profitable stores are... we are talking about Growth and Profit, why did you switch topics? Is it because I pointed out that they are closing stores that are unprofitable, and now that the stores that are left are becoming \'profitable\' again it\'s poking holes in your FUD campaign?   \n  \nListen bot, if you want to switch topics; can you answer this; ""Are you a bot or just a person wishing they where a bot?"" \n\nJust how much have shorted the stock, to still be here trying to do this after all this time? 🤯', 'So, you\'ve gone back talking about **""revenue""** again?   \n  \nIs that because it\'s the only metric that makes sense to you? \n\nYou\'re not really interested in profitability at all are you? \n\n""Revenue is vanity, profit is sanity, cash is reality.""\n\n$9.6bn cash-in-the-bank is **Reality.**  \n  \nLast years profits and the $48m my company made in profits, in what is traditionally our worst quarter (Q1), are very **Sane.**  \n  \nBut your unwillingness to look at anything other than purely revenue -- which I have agreed is declining because we are closing unprofitable stores, and that is obviously what we needed to do to make the company work again -- is your **insane-ego** backing you into a corner because you can\'t admit your wrong in this instance. \n\nIf you think I\'m the one who is wrong, then I\'ll quote Ryan Cohen himself ... *""It takes money to buy Whisky""* ... so short it more, seriously, I dare you! It\'s at $23/$24 now... so I dare you, short it! \n\n...because I\'m going to buy more - so you really should short more and we\'ll come back in year and see who was right, ok?\n\nHonestly, this is probably the last time you\'ll see it below $25, the fundamentals by many standardised metrics and systems say it should be priced at the $40-$60, personally I think it should be close to the $300 mark, but I\'m proper fanatical, and even if it didn\'t have a an irrationally, insane, passionate customer base, made from hard-core gamers who are just not willing to give up, on their company, then it\'s still a bargain at anything less than $40! \n\nSo, yeah, go short it. Please! Keep the price supressed longer - it just means we can all afford to buy more shares at these discount prices! \n\nThank you for your service.', 'Bruh.  enough with the ""go short it then!""...  I own 1200 shares since 2/21.  Why would I short it.  And everything you\'re saying SHOULD have the stock soaring these days.  But it\'s not.  It SHOULD have skyrocketed after a split.  But it didn\'t.  And the split apparently wasn\'t even honored correctly by multiple  players, and no one did shit.  There was a ""congressional hearing"" into shutting off the buy button in \'21 (lol THAT whole thing), and wouldn\'t you know it... no wrong-doing anywhere.  Weird.  Wonder why. Margin called that would have wiped out Robinhood and others... were reduced by 90%.  Again... weird.  Wonder why.\n\nAnd... last year\'s profit was over 20x from the previous year.  So why isn\'t GME in the clouds.  Geez, I wonder. because we don\'t control shit.  we can buy and DRS until our balls turn blue.  It\'s a rigged game that got away from them once.  And never will again.  Lol with your dependency on ""fundamentals"".  They only work when the game isn\'t rigged.\n\nSo you can come at me with your DD and your ""they can\'t suppress it forever"" crap (which, TBH, I was fully on board with at one time)...\n\nAnd my asnwer is... OK, that DD is great.  Genius, next level work.  But... So what?  OK, apes found all this glaring fraud and complicity.  And?...\n\nIt\'s not changing anything, and hasn\'t for 4.5 yrs.\n\nAnd that\'s the joke... they ARE suppressing it forever.  It will never be allowed to run out of control again.  Ever.  And I;m pretty fucking bitter about that.  But I\'m also done being unrealistic.\n\nThank me for my service?']",0.0,0.0,0.42940285714285714
1lr8u69,Secured at the Dodgers game. PSA grading this at GameStop this weekend,357,https://i.redd.it/2idwu44k2saf1.jpeg,1751600175.0,,"[""[Why GME?](https://www.reddit.com/r/Superstonk/comments/qig65g/welcome_rall_looking_to_catch_up_on_the_gme_saga/) || [What is DRS?](https://www.reddit.com/r/Superstonk/comments/ptvaka/when_you_wish_upon_a_star_a_complete_guide_to/) || Low karma apes [feed the bot here](https://www.reddit.com/r/GMEOrphans/comments/qlvour/welcome_to_gmeorphans_read_this_post/) || [Superstonk Discord](https://discord.gg/hZqWV2kQtq) || [Community Post: *Open Forum*](https://www.reddit.com/r/Superstonk/comments/1ipojer/open_forum/) || [Superstonk:Now with GIFs - Learn more](https://www.reddit.com/r/Superstonk/comments/1cr37r7/superstonk_gets_its_gif_on_get_hyped/)\n\n------------------------------------------------------------------------\n\nTo ensure your post doesn't get removed, please respond to this comment with how this post relates to GME the stock or Gamestop the company.\n\n------------------------------------------------------------------------\n\n\nPlease up- and downvote this comment to [help us determine if this post deserves a place on r/Superstonk!](https://www.reddit.com/r/Superstonk/wiki/index/rules/post_flairs/)"", 'Nice', 'eciN', ""That's sick! Jealous"", ""I want one so bad, they're so pricy rn 🥲"", 'I freaking arrived late ans missed it. Super disappointed.  Nice', 'Pls, before grading remove the palstic… psa will grade the plastic and not the card xD\n\nIn some cases…', ""This thing's sweet"", 'They were free at the entrance. The people were waiting there asking to buy them for $120!! Smh', ""I know, they're going for $350+ on eBay currently. I'm hoping they'll come down a bit 🥲""]",0.4019,0.0,0.04918
1lr9kcv,Secured at the Dodgers game. PSA grading this at GameStop this weekend,164,https://i.redd.it/nngn95dp9saf1.jpeg,1751602565.0,,"[""Welcome to r/GME, for questions in regards to GME and DRS check out the links below!\n\nDue to an uptick in scammers offering non official GameStop merchandise (T-Shirts)\n\nDO NOT CLICK THE LINKS THAT ARE NOT OFFICIALLY FROM GAMESTOP. \n\nWe have partnered with Reddit directly to ensure the Communities Safety.\n\n[What is GME?](https://www.reddit.com/r/Superstonk/comments/qig65g/welcome_rall_looking_to_catch_up_on_the_gme_saga/?utm_source=share&utm_medium=ios_app&utm_name=iossmf)\n\n[GameStop's Accomplishments](https://www.reddit.com/r/GME/comments/x3hv46/list_of_official_gamestop_accomplishments/?utm_source=share&utm_medium=ios_app&utm_name=iossmf) \n\n[What is DRS? US / International](https://www.reddit.com/r/Superstonk/comments/ptvaka/when_you_wish_upon_a_star_a_complete_guide_to/?utm_source=share&utm_medium=ios_app&utm_name=iossmf)\n\n[ComputerShare International DRS Support](https://www.reddit.com/r/GMEJungle/comments/r9euj1/computershare_upgrades_drs_support_for/?utm_source=share&utm_medium=ios_app&utm_name=iossmf) \n\n[Feed The Bot Instructions](https://www.reddit.com/r/GMEOrphans/comments/qlvour/welcome_to_gmeorphans_read_this_post/?utm_source=share&utm_medium=ios_app&utm_name=iossmf)\n\n**Power To The Players** \n\n\n*I am a bot, and this action was performed automatically. Please [contact the moderators of this subreddit](/message/compose/?to=/r/GME) if you have any questions or concerns.*"", 'Siiiiiick', 'just saying... they will grade only the original plastic packageing, not the card itself.', 'damn this is fire', 'Roaring Kitty just followed me on Stocktwits. Hopefully he comes back to Reddit', ""I would assume this is due to the card moving freely in the plastic, and thus being able to be damaged by it over time.\n\nI've seen some ppl say to remove cards from the plastic, but I don't. I still have my ancient mews from the pokemon movie in plastic, ungraded."", 'He’s already on Reddit. Earning achievements all throughout June. Pay attention', 'Haven’t seen any posts from him on Reddit yet, show posts if you see them', 'You don’t need posts to earn achievements. Upvotes do the trick. You’re obviously not paying attention. Fake investor.', 'Been on Reddit since the sneeze', 'But you aren’t paying attention to his accounts and his achievements?']",0.4019,0.0,0.11104545454545454
1lr9ouk,Secured at the Dodgers game. PSA grading this at GameStop this weekend,1589,https://i.redd.it/mqlazxg0bsaf1.jpeg,1751602998.0,,"['https://preview.redd.it/aykye8q9csaf1.jpeg?width=4284&format=pjpg&auto=webp&s=79401f3804e3f0724f25ee5a080e31b79efb86ac\n\nMe too!', 'Imma keep it real with you, GameStop and PSA have been a nightmare for the Pokémon community. I would either find a different source to grade with PSA or go to another grading company. Don’t want to instill fear, but keep in mind that you’re going to be trusting this to the equivalent of an underpaid and undervalued McDonald’s employee\n\nEdit: go not got', 'Use Beckett for the love of God', ""If you're from socal just sent it straight to psa they have a location in anaheim/new port"", 'Daaaamn', ""I'm still getting out of traffic lol. Dude in the bathroom trying to buy cards for $100 a pop after the drone show"", 'Prob don’t need to tell you but take it out of the cellophane if you’re grading it with PSA, they’ll only grade the plastic or at least that’s my interpretation from other products graded still in cellophane. Also prob best to grade a Beckett if you’re going to do it', 'I hate that this kind of stuff only happens in Los Angeles.  First the Laker game and now this. And its never gonna be available online in a reasonable price.', ""On the way out Japanese guy was offering 200 cash each. Had a bag full of them.\xa0\n\n\nI'm sure they're going back to Japan selling for way too much money.\xa0"", 'GRADE with BECKETT \n\nGRADE WITH TAG \n\nYall are so bad, let people grad with whoever they want.  Beckett and PSA are so marginally different it’s not worth mentioning.', 'for one piece cards please use Beckett', 'If you’re in LA, PSA takes cards direct at Burbank Sports Cards.', 'Burbank sports cards has PSA in their store', 'Id like to congratulate the scammer that came up with the idea for grading mass produced cards.', ""I should've bought one of the BVB ones 🥲"", 'i would prefair anything else before PSA  .. first of all their cases doesnt looks any good AND the worker there often switch cards against once with a worse grade .. so i wouldnt trust them at all', 'Put it out of the callophan or they will grade only that and not the card.', 'Do you have a higher res pic of it?', 'Ew there’s baseball on my pirate king. Get it off!', 'At least the card game would still let you to play with it while slabbed.', 'I don’t know how to feel about One Piece characters being members of the Lakers and Dodgers.', 'Grade it your self or with a Lcs game stop tbh can’t be trusted seen to many posts of the employees stealing the cards', 'As a one piece fan, I love seeing more and more of it everywhere…..\nAs a Cubs fan - Booooo Dodgers!! Boooooo.', ""Damn thats dope im so bummed I couldn't get one its so annoying theyd lock this behind a baseball game id have to fly across the country to even maybe get a chance to get one that be like 270 dollar flight then what like 100 for ticket to the game for a maybe a chance to get one 😭 at that point I would just be paying the scalpers prices"", 'Make sure you double check how it works, I’ve seen something like submitting a sealed card has them grade the package, not the card.  So make sure you know if you need to open it before submitting it.', 'Luffy would never be a doyers fan', 'I was so hyped to go but then dodgers showed their true colors being silent about the ice raids. That sucks.', 'Please do not go through Gamestop for grading.\n\nSubmit it yourself or find a reputable card/comic dealer.', 'So, I’m gonna air some ignorance since I’m coming in as a Dodgers fan not really familiar with One Piece (aside from some VERY broad strokes bc friends are fans).\n\nWhat’s the story behind the cards? I thought they looked pretty cool but people at the game were offering $200 and they’re selling for twice that on eBay. That’s…a lot.\n\nI know I’m missing something and looking to get educated 😬', 'Dude, just do the in person PSA at Burbank Sportscards. I’m taking mine there on Sunday', 'Why and when did GameStop start grading lol. That sounds hilarious, feel like I would trust the card less with their name stamped on it\xa0', 'Should I take mine out of the plastic and sleeve it?', 'Interesting how I never used to see people wearing these and as soon as I got that exact hat a couple years back I see everyone else getting em', 'It seems to be hit or miss. If you know and trust your local GameStop employees, using them isn’t bad. I’ve had the subs with them so far with no issues, my annoyance is on the PSA side for when they arrive to them, they don’t mark anything as arrived until the cards start actually going through the grading process. Would ease a lot of minds if they marked it as arrived when they actually got there and keep it in that stage until it’s ready to start the grading process.', 'Gamestop does grading?', 'I’ve had good experiences', 'This is actually a disgusting take. I don’t understand the hate for GameStop or McDonald’s employees when the true root cause of the problem is actually everything within PSA. Feeling so emboldened to talk shit on the GameStop employees as if they do anything other than stick the card in the mail. Beef with PSA and not GameStop.', 'Not at my local GameStop, the lady that works there is an all star. Been going to it for the past 2 years. I even interviewed a dad that came by to grade a set of cards and he said he’s been coming to the store for grading this past year, no issues at all. Depends on the store. Just so happens this store is also the most profitable in the area and is the one consolidating all the closed unprofitable ones with high leases/in bad neighborhoods. I speak to the same lady at the counter regularly and the store director a hand full of times. They’re good folks. Again results may vary depending on your store.', 'Yeah I feel bad for the greater community. I got lucky to be growing up here. Should be accessible to all fans wherever you live.', 'I hate that this kind of stuff only happens in USA', ""LA or NYC is the city to be man.\n\nI grew up in a rural place in Texas and when I eventually got to college and got my first job I realized how much of the world I was missing not being by these cities.\n\nIf I had all the money in the world I'd immediately move and settle in LA. That weather, the beach, the food, the nature, and here with the international collabs. You name it LA has it all man, it's an incredible place to be."", 'First was actually the LA rams', 'They love the Dodgers out there because they worship Shohei Ohtani, that card will be a hot seller', 'They’re not listed under $400 on eBay 😳', 'I did a 5km last year and someone was swapping the bobble head for another one.\xa0 He has a box of random ones for trade.\xa0 I was wondering how that worked since there was like 50k of the current one being passed out.', 'theyre already listed on mercari (like japanese ebay) for 90-110k yen which is like 800+ usd roughly converted in my head..\n\nim sure auction sites like yahoo auctions will be worse too..', 'And PSA is a known scam company that throws out random numbers on the same card.\n\nGood reason people like to suggest something else', ""That'd be the grading companies. Slabbing cards is their business.\n\nIf I wanted to keep it as a display piece I'd get a slab and put it in there myself. It's like a dollar. \n\nWhy you need to 'professionally' grade this card I don't know."", ""They don't switch cards out at all.  Please don’t spread misinformation if you don’t know what you’re talking about."", 'That’s as high as it gets on my phone haha', '...they literally had two one piece shorts playing baseball and fútbol. But sure go off', 'And Borussia Dortmund and they lend their faces to pretty much every candy product in japan if the time calls for it\xa0', 'Not at my local GameStop. They’re good folks, have seen many people return over and over again with their PSA submissions. Plus you get a discount if you’re a pro member with submissions. Results may vary depending on your store.', 'The TCG has been hard to get for a long time and this card as far as I know anyway was only being released at this game so collectors really want it', 'People go crazy for cards/shiny cardboard and nerdy stuff that used to be deemed worthless. Rise in value for collectibles is a recession indicator. Also, one time release rare card + a collab no one would’ve ever imagined happening = once in a lifetime collectors item.', 'Yeah, the cellophane packaging degrades overtime and affects the card', '?', 'Mr worldwide over here', 'You mean the hat for the anime that’s been around for multiple decades? \n\nSorry bro, you’re not the trendsetter you think you are…', 'Bro thinks he trendset the strawhat from one piece', 'Why on earth are you being down voted. Everyone has had a ""I didn\'t notice a lot of X until I bought one"" moment. This happens basically every time I\'m thinking about buying a different car as well. People on reddit get upset for the most bizarre things. I think a lot of people must have misinterpreted the tone of your comment or something.', 'They just send them to PSA for you', 'PSA x GameStop partnership since Fall of 2024. PSA submission services at all GameStop location in exchange for the PSA owner Nat Turner having a seat at the board of GameStop. 1 million GameStop x PSA submission milestone this past May and counting. PSA has never had this much volume in its entire submission until this past 8 months.', ""I don't entirely agree with op because I know PSA sucks ass in certain situations, but the LESS HANDS the card or item touches, the better your odds are. I would certainly not hand my stuff over to a GameStop employee, even though I was one for 5 years; you don't know what will happen before it makes it to the mailbox."", '“disgusting” lol ok dramatic', 'LA might as well be across an entire ocean from the eastern US', 'Yea it only took 30 years for things like this happening in Japan before another country got it.', 'Dortmund is a soccer team and they are located in Germany. They had the first One Piece collab card.', 'I disagree. I went and thought the opposite. The cities are cool but I’d never live there. Specifically LA. Too disconnected from the rest of the world.', 'a month here dealing w traffic and gas will make you wanna go back. yeah we have all that but its insanely crowded here', '$622.78 to $761.17 based on current exchange rate', 'This is entirely subjective and aggregate studies have shown nothing other than PSA tends to be more lenient.  \n\nIt’s really not that serious unless you’re absolutely chasing a black label.', 'Scam company gave me a 10 on my umbreon', 'oh its a multi layer gacha system.\n\nIn addition the grading companies have lots of shady practices like making sure that the distribution of grades matches their selected key and to that end they pretty much make up the grade after a certain point.\n\nI think there is one company that gives you actual verifyable data as to why they graded the card as such.', ""So many people already proofed it by opening already 10 greadet cards to grade them by PSA to receive a 8 grade after they talked photos before And got complety different cards.\xa0\n\n\nStop spreading misinformations by just don't having an idea what's going on.\xa0\nThe world is full of bad persons and of cause there are criminals if the worth is already higher than pure gold ..\xa0"", 'I was merely joking cause the pic is so big ahaha.', 'I can dislike whatever I want. \n\nModified sports vs foxy. Which is somehow never a publicly talked about arc to skip somehow people wanna skip Skypeia. Maybe because it’s not controversial to skip.', '*pitbull noises*', ""Just this specific one from GameStop \n\nAlso I obviously wasn't saying I caused it, it's just a funny coincidence how I never saw anyone with em until I had my own"", 'Bro has basic reading comprehension issues lol', 'Reddit', ""Pretty sure it wasn't the first, because the Lakers had their collab before but i'd like to be corrected if i'm wrong.\n\n\nEdit: after looking into it it seems the Lakers didn't get a tcg card.\xa0"", 'The Louvre got a Van Gogh Pikachu card. That one sucked though because the point of the event was to get kids into art and scalpers were the ones that got the majority of those cards.', '“Aggregate studies” you mean the YouTubers that constantly feed PSA pockets? “PSA graded this a 9, let’s resend again and see if it can be changed” 6 months later “our results are back, it is now a 9.5, let’s see if I can get a 10 this third time” LMAOOO', 'i mean good for you, but i’ve seen multiple people re submit THE SAME CARD and getting different results. \n\nWhich completely shattered my belief in PSA when the same card got a 8,9,10 in different submissions.\n\nObv different humans judge differently, but when the range is that huge it calls a lot into question.', ""That's not at all how grading works."", ""That literally doesn't happen though.  It's very clear you don't know what you're talking about."", 'Explain how my umbreon submission got a 10 then.', 'Man I’m picturing you as the sweatiest basement dweller.', 'Scalpers are fuckin cockroaches', 'Meanwhile you have people constantly resending to BGS go get a black label.  No company is perfect, let’s not act like they are.', 'sure sure, and im also sure you are not deeply invested and profiting off their predatory systems right ?', 'You’re looking in a mirror bud', 'Absolute worst. I did make a mistake with my original post, it was actually the Van Gogh Museum and not the Louvre. [Just look at the website for the event and how much work went into it](https://www.vangoghmuseum.nl/en/about/collaborate/van-gogh-museum-brand-licenses/a-z/pokemon-x-van-gogh-museum). This was something really special and all scalpers saw was dollar signs', 'Never said they were. But at least BGS somewhat tells you their reasons. I’m against grading regardless unless it’s for a personal collection. Your feeding the pockets of scamming for-profit companies for a slight monetary gain on a card. You can send 10 PERFECT black label worthy cards to BGS and they would know all 10 are black label worthy but only give it to one. If all 10 were black labeled, the value of a black label wouldn’t be worth as much. It’s all about controlling the market. Same with PSA, same with any other grading company. They are FOR PROFIT companies.', '[deleted]', 'How many slabs do you need to see that have been cracked and regraded between 7,8,9,10 or vice versa to understand that the standards are largely made up ?\n\n Because, and now this is an assumption, im sure you have seen that personally many times, especially on PSA.', '[deleted]', 'Grading being Subjective to this degree turns a grade from a function of the card into a lootbox, that is whats predatory.', '[deleted]']",0.4019,0.0,0.113158
1lrgzyu,GameStop - A Dad's Lament,107,https://www.reddit.com/r/NSCollectors/comments/1lrgzyu/gamestop_a_dads_lament/,1751630441.0,"I don't know if this is the correct place for this post, but collecting, specifically Nintendo Switch physical games, is what inspired this post.  Please delete or send me a note if I should move it, but as collectors I wanted to put this out to you.

I have always loved video games, our first system as a family was some variation of Pong in the 70s and then Intellivision.  I wont get deep in the weeds but I have always loved video games, until college and early adulthood.  I pirated many on my PC but there was little time.  My MAME collection is massive, or desire to play.

Until I had kids, two of them, both daughters, and the oldest got her DS 11 or 12 years ago and continued through the game generations up to Switch.

GameStop was now a regular Saturday late morning event.  My wife is a therapist and sees clients primarily on the weekend so as soon as she left we would hit the road to GameStop to peruse used games and then to 7-11 for rollers and Slurpees.

Video games were my solid connection with my oldest, she came with us until she left for college, and my youngest.  We would discuss games at length on the way there, will they have this one?  Sometimes we'd see the same one, Lover Pretend, for example, and laugh about it so much that we had to buy it to see what the actual hell.

But GameStop was the anchor, no matter what was going on with them all I had to say was ""GameStop and Slurpees?""  They always said yes, as a father, it was glorious.

All of the GameStops are closed around us now, the nearest one is about an hour away.  There is a used game shop near us at the mall but it isn't the same.  We talk about how we used to get DS games for $4 and the time we bought Skyrim because the cover looked cool then my daughter played it for hours \[still does\].

I am a collector like all of you, I do it because I love games and I love physical games with covers and graphics and bonus stuff.  Those days are dying.  GameStop and used games are almost gone.  My youngest got a Steam Deck two days ago, there are no more late morning trips to search for used games and Slurpees.

But my collection remains and some day they will find it in their attic, most likely around Christmas time when most of us go up in to our attics to get things we only need once a year, and they'll find Dad's Switch collection and \[hopefully\] their own with it.  I know they'll pull it out and set it up and look at the games and remember the stories behind a lot of them.  ""We bought this one because I thought the cover was cool, I played it for seven days straight, my mom was so mad, my Dad gave me high 5s and brought me Mountain Dew Baha Blast.""

TLDR:  GameStop and Video Game collecting brought me closer to my kids and created a great way for me to spend time with them.

\*\*edited some minor grammar and text to make it a little more coherent. ","['""Reminder for everyone: Be respectful of others and their opinions. Personal attacks, harassment, or toxic behavior will not be tolerated and may result in a ban.""\n\n*I am a bot, and this action was performed automatically. Please [contact the moderators of this subreddit](/message/compose/?to=/r/NSCollectors) if you have any questions or concerns.*', 'Definitely the right place for this, we love nostalgic monologues here.', 'Gamestop may be dying but I have seen multiple video game shops open up around me, very reasonably priced and with an awesome selection too. \n\n  \nMight be a while for stores to pop back up,  but going by your post, there maybe market demand for it yet, niche as it may be.', 'Make a new daughter.', 'The easy solution is to move close to a different GameStop. lol. On a more serious note, my little daughter and I still make our monthly trip to GameStop and she can check out the small toy selection while I look through the Switch games. It’s priceless.', ""Man, I feel that. One of the things I hate about the strong digital-only push, everything is so 'individual' now. Same with music and movies."", 'I love this. I’m a father of three (all still in primary school) and we enjoy games together as well primarily on PS5. The tradition you had sounds awesome, and I do something similar with a gas station stop after baseball / softball practice to grab a fountain soda or ICEE and snack with them. Sadly, times change and some traditions must as well. When I was a kid, it was Blockbuster trips to scout the latest movies. \n\nSince your youngest has a steam deck, maybe try to establish a new tradition. Maybe making the gas station run and then coming home to browse the Steam store in big picture mode on the TV? Or if leaving the house doesn’t fit anymore, what about grabbing a bowl of ice cream and browsing the store together?\n\nAs a fellow game collector, that might just turn into a solo hobby for you now. Or more sparse trips to regional game conventions to scout for interesting finds. Supplemented by online shopping on eBay, Mercari, FB Marketplace, etc. I’m lucky in that I have a really great local used game & movie store near me that has way better selection than GameStop ever did. They get new game batches in once per week, and there’s a small group of collectors that come on that morning to browse the latest arrivals.\n\nAnyways, I’d say get creative in forming a new tradition that works for you and your kids now.', 'If you think GameStop is dead head over to superstonk Reddit page and take a gander. GME has something north of 8 billion in cash. They are in a transition phase, HODL', 'Similarly my father and I would bond over garage saling, looking for games at the random houses we’d run across every Saturday morning and buying whatever we found. \n\nNeedless to say over the course of a couple of summers we ended up with 8 NES systems and 6 Genesis. ‘For the controllers’ he’d say. We even found an Atari 2600 for $2, an snes complete in box with Donkey Kong Country dickered down to $20, and a Coleco Gemini Atari clone with 15 games for $10.\n\nHe’s gone now but I still head out Saturday mornings on the lookout for old systems and games, putting my dickering lessons to good use.', 'I just wanted to say to OP that I recently became a father of a little boy, and you are everything I want to be as a Dad. Thank you for your post❤️', 'Dude for real. Seems like every week I find another GameStop thats closed up.', 'Honestly, just accept that you had a long run with them. Those are some banger memories. \n\nThink about other ways you can still game and enjoy with them. \n\nMaybe hype up coming steam sales for the deck?', 'Every Sunday after church,  the kids and I do the same.', 'Please stop feeding your children soda.', 'This is a great definition of my current situation. I felt every word. Mine are young 8 and 6 so I’m at the sweet spot. I’m trying to take advantage of it before they want to do their own thing.', 'I love this post and can mostly relate to the love of games, collecting and finding that rare gem!', 'Thanks.  My youngest getting the Steam Deck the other day really prompted it.   I know she\'s aging out of the ""play/talk video games with Dad"" age and will be off to college in a year so it was bound to end anyway, but man I miss those days.   She\'s still a gamer so we have that connection.', 'GameStop isn’t dying they’re just closing bad leases and transitioning their business to keep up with the times.\n\nThey’ll probably open up another store in your area once they’re done cutting the bad leases.\n\nPhysical gaming is not dying. Digital is a threat but you gotta vote with your wallet.\n\nThis post was a bit too pessimistic for me. Please be more optimistic.', ""I agree, there will always be some demand and stores that will pop up, but it won't be the same."", 'I’m too old for that.', 'That made me laugh out loud lol.', 'We go to them if there’s one close to where we are if we’re out of town, but having one 10 minutes away and a “better” one 15 minutes away made it easy to become part of the weekly routine or quick plan.  The nearest one now is about an hour away.', 'Imagine he did that and then that location closed lol. All those agent fees and moving costs just to have gamestop stick it to you in the end anyway.', 'Agreed.', 'Find something to connect with them, your kids won’t seek you out, but if you seek them out with something they are interested in you can make a connection.  I was fortunate it was video games and Nintendo Switch for the most part, but it opened the door to other conversations and time together.', 'It’s a lament, an acceptance of inevitable change, that’s all.', 'Lol, thanks for the chuckle.', 'Enjoy it.  They’ll always do their own thing, you just have to find a way to be part of it.', 'Not pessimistic just real.  Physical media as a whole is dead or dying.  When was the last time someone bought a CD, DVD, or any software on physical media?  All gone, the modern business model demands it.  Gaming is the final bastion of physical media and face it, it’s almost over.  There will be niche stuff I am sure, but as far as mass mainstream media, dead.', 'I think it’s more so people are willing to purchase physical media online vs brick and mortar these days, I live in the middle of nowhere and I have 2 GS within 35 mins of me, both steadily have lines when entering. Can’t say I’ve noticed the same a year ago. I think we are in for a physical resurgence. I think more people are waking up to the fact that they are being taken advantage of digitally. It could just be copium though.', 'I hope you are correct and would welcome the revolution.']",-0.4588,0.9977,0.31469677419354836
1lrox17,Gamestop B2G1 Haul!!,87,https://i.redd.it/f78qhxwsawaf1.jpeg,1751651376.0,"Happy 4th of July and happy me! 
Just wanted to share but it was my first time ordering preowned online at gamestop and got lucky with the top being all the actual game case! 
Also even got lucky and found the 3 pokémon’s at a store near me! Not sure if i made the most out of the promotion, but I’m happy with the results! 😎","['""Reminder for everyone: Be respectful of others and their opinions. Personal attacks, harassment, or toxic behavior will not be tolerated and may result in a ban.""\n\n*I am a bot, and this action was performed automatically. Please [contact the moderators of this subreddit](/message/compose/?to=/r/NSCollectors) if you have any questions or concerns.*', 'Heck yeah. Solid win.', 'None of the gamestops near me have the pokemon games with dlc instock', 'I hate that this isn’t a thing in Canada atleast from what I can see', 'Welcome to Splatoon! We’re nuts, but we have fun.', 'I need all of that. Great haul', 'Bro you found sword thats the only win for me', 'Every GameStop near me is stocking up on Pokemon Scarlet and Violet with DLC. Guess there was a reprint or smth recently.', 'All the gamestops near me had the rev 1, there are 4 different revisions. Only reason my gamestops have them is because people want rev 3 or 4', 'They bought overstock from Best Buy.', 'Yeah, only MSE and JP has 003/004, not NTSC-U. Every one of them I asked to check the cart were 001s', 'Is there a way to tell on the box which rev it is? Or do you have to open it and look at the cart?', 'What different about rev 3 or 4? Compared to the other revs?', 'And the 001s aren’t worth $85', ""You have to look at the cartridge. I've asked the employees if they can check the cartridge for me to know which it is, they could probably do the same for you."", 'Rev 3 and 4 have both dlc on the cartridge while rev 1 and 2 only have the 1st dlc. Rev 4 just has the latest updates than 3', 'Dang I just bought both from GameStop for 85 each. I think that’s a little much for them. Were does it say the rev number?', 'https://preview.redd.it/z9rkyp96z4bf1.jpeg?width=4032&format=pjpg&auto=webp&s=f02dedab978c5aa469ec61dfe48a8d5c5a4163c1', 'https://preview.redd.it/p5r460c7z4bf1.jpeg?width=4032&format=pjpg&auto=webp&s=45b8bc24865548e238bfb8872e3e0e7c75b17986', 'Are these rev 1?', 'Its the printed on text, yours ends in 001 so it is rev 1.']",0.0,0.9741,0.14445714285714284
1lru5qy,Gamestop Tv,130,https://i.redd.it/1fqm6swcgxaf1.jpeg,1751665330.0,Anyone else sick of checking for new BOPS orders every single time this commercial plays?,"['Someone said it sounds like the pornhub drums. Whatever that means', 'Thought I was losing my shit the other day. Kept hearing it and looking at the computer.', 'One of my coworkers said to ye saw online (I assume here) that Push Start Arcade is PSA and there are theories that Papa Cohen is hinting at attempting to acquire PSA and is leaving breadcrumbs.', 'some days i spend flinching and checking for the jumping box everytime the ad comes on, and some days i ignore pacman entirely cus i brush off the noise as just being the ad only for there to actually be orders i didnt notice… cant win', ""This ad is driving me up the wall! The worst part is I don't even understand what it's for?"", 'That picture reminds me of arcade paradise. Fun game.', 'Say what now', 'Isn’t the CEO into Crypto? Probably launching GS NFTs or a Shitcoin', 'I feel like an outlier here but I really love this commercial XD\n\nGamestop and gaming in general has been so afraid recently of making offensive adverts, i remember the tiny Tina ad getting censored with black bars over the dancing mushroom butts, and then the guilty gear ad getting pulled because it had a cut off swear at the start of the song. But here is Buck saying shit badly beeped over, the ph drum parody, he swings down the street sign like a pole dancer; I love it. Reminds me of the manager conference video that floats around youtube.', ""***THAT'S*** WHERE THAT SOUND IS COMING FROM?!?!\n\nI just thought our computers were glitching or dinging everytime something happened in like MM or an email or something!! 😆"", ""Is that like, a new edm song? Can't say I've ever heard of it before."", 'Yes! Every time I hear this I think there’s a damn SFS. \nMy main store hasn’t had speakers for over a month. A storm fried them, so I normally don’t hear the adds, but here lately I’ve been going back and forth to another store just a stones throw away, and they have audio over there. I’m still not used to it. lol', 'The only thing that dismantles my theory is the Push To Start thing at the end really but:\n\nI have a feeling this is about the Power Packs coming back. Push Start Arcade = PSA. Buck\'s desperation to see what\'s inside = the blind bag aspect of the Power Packs.\n\nAt one point Buck says ""why do they need two of those?"" So maybe some Power Packs might have two cards?', 'That makes more sense lol. I didn’t see the post he was taking about. But it was the second time I heard a fellow employee say that Cohen wants to buy PSA. I hope not. I fear PSA will lose what credibility they have left if that happened.', ""I'd heard that kind of thing was both A) not true entirely and B) attempted but PSA rejected the offer""]",0.0,-0.3182,0.08492666666666668
1lruk1a,How Gamestop can Boost Revenues,127,https://www.reddit.com/r/Superstonk/comments/1lruk1a/how_gamestop_can_boost_revenues/,1751666456.0,"I’m no expert - but this is my take on Gamestop after about 8 months of learning about GME. What are your revenue boosting ideas? This is mine:

- Gamestop to commission indie games that revolve around community - super fun - challenging- RPGs, Shoot em ups, Multiplayer horrors, team racing, zombie survivals, multiple choice story games

- Create an original IP Catalogue of games - make card games off those games - then make animated films off of those (with netflix partnership) - netflix to purchase film rights off them to fund it - or if they do it solo - they can release theatrically first if gaming audience is bankable for that film - then license to streamers for short time frames.

- by making card games attached to games - they can make money off packs, make money on grading / storage. 

-But the unique twist is - each card has a digital asset feature - a unique one use QR code which allows weapons / skins / mini games / maps for people to play with

- hold e sports events with top streamers playing indie games against eachother - think Mario cart/ crash bandicoot team racing but ramped up

- final fantasy chocobo racing

- final fantasy blitz ball 

- partner with brands to create games where brands can share equity in those unique games. Think Cristiano ronaldo fifa street but you have to find ballers in the streets of brazil - side quests and mini games to find and sign team mates - with all customisable boot skins and abilities

Ultimately they should keep a large cash runway and use the interest to fund small indie projects that revolve around community interest and fun/ innovation


","[""[Why GME?](https://www.reddit.com/r/Superstonk/comments/qig65g/welcome_rall_looking_to_catch_up_on_the_gme_saga/) || [What is DRS?](https://www.reddit.com/r/Superstonk/comments/ptvaka/when_you_wish_upon_a_star_a_complete_guide_to/) || Low karma apes [feed the bot here](https://www.reddit.com/r/GMEOrphans/comments/qlvour/welcome_to_gmeorphans_read_this_post/) || [Superstonk Discord](https://discord.gg/hZqWV2kQtq) || [Community Post: *Open Forum*](https://www.reddit.com/r/Superstonk/comments/1ipojer/open_forum/) || [Superstonk:Now with GIFs - Learn more](https://www.reddit.com/r/Superstonk/comments/1cr37r7/superstonk_gets_its_gif_on_get_hyped/)\n\n------------------------------------------------------------------------\n\nTo ensure your post doesn't get removed, please respond to this comment with how this post relates to GME the stock or Gamestop the company.\n\n------------------------------------------------------------------------\n\n\nPlease up- and downvote this comment to [help us determine if this post deserves a place on r/Superstonk!](https://www.reddit.com/r/Superstonk/wiki/index/rules/post_flairs/)"", 'Your post\'s flair has been changed to ""Speculation / Opinion"" because it did not meet our DD length requirement of 2000 characters. Learn about our **[Automoderator settings](https://www.reddit.com/r/Superstonk/wiki/index/automod_info)**.\n\n*I am a bot, and this action was performed automatically. Please [contact the moderators of this subreddit](/message/compose/?to=/r/Superstonk) if you have any questions or concerns.*', 'I like the idea of being the venture capitalist', 'Movies are tough to make $$$ imo but indie games/card games are a good idea', ""Sorry OP, those are not GME's industry. It's immensely hard and capital intensive to start a gaming company from scratch. \n\nBetter to acquire one, but even that has nothing even adjacent to their current operations. It would likely put them in competition with their current partners. \n\nCompletely bad plays."", 'They can become a bank', 'Pro member lounges with perks. Gaming events on-site. Launching a streaming service to rival Twitch/YouTube, but have some sort of bar to entry. We wouldn\'t want 95% low effort garbage that we have on current platforms eating up resources and wasting viewer time. Anyone can get in if they demonstrate some knowledge on how to put a live stream together effectively. It incentivises people to do some research and learn, as opposed to turn on camera and game, ""please give me money"".', 'I think collectibles are the way to go. There really is no dominant brand in this space. Buy a large stake in sothebys, partner with pawn stars and Gary Vee, and go all in on baseball cards and sports collectibles. Become the only major retail outlet that goes upmarket and down market with physical locations. The only real brand in collectibles. \n\nAlternatively, I like the indie game focus, as long as it has a unique twist to it - collectibles and trading.\n\nAs a third option, I’d love to see them really get into private market deals that the average retail investor cannot. They’d become a proxy for the Andurils, OpenAI, Space X etc', 'Digital TCG pack opening where you can get a physical card graded by PSA or buy sell trade and play digitally.', ""I'm sure RC knows his options on where to take the company and the board he has around him which all of them have built a very profitable company.\n\nI dont know why all these posts based on pure speculation and coming from a standard investor not a billionaire who has runs in the board.\n\nTurning a company around against enormous opposition is no mean feat and now we are starting to see the real deep fucking value \n\nDon't bother wasting your time on ',what if's' if you have no influence on them becoming a reality.\n\nLet the man cook"", 'Create or buy cryptocurrency cards sold only at GameStop stores or buy out Cardsmith', 'You’ll get flamed for saying it but I agree atleast with the portion about funding indie developers. There are plenty of small indie studios GameStop could make deals with', 'They could step into the hole E3 expo has left and ad the collectibles to the expo.\n\nJust my idea', ""Here's an easy one. No one likes going to Gamestop and having the guy at the counter ask if you want a warranty, a credit card, join the rewards program, or whatever else they ask. It's an almost universally hated experience by customers and employees alike. \n\nInstead, package the extended warranty as a PowerUp rewards member. Add another tier of rewards thats maybe $99 a year, but it includes the full warranty on every purchase. \n\nI will never buy an extended warranty, but it would be really nice to have as a bonus to being a higher tier rewards member. This way you are basically packaging your most profitable product inside of an annual subscription. \n\nNow customers have a reason to buy at GameStop over Walmart or Amazon."", 'CandyCon but as a pluggable controller for phones that pairs with a gaming hub app. They could make deals with developers to rerelease old games (think NES, SNES, Sega, Gameboy) on the app platform that you can use the controller to play anywhere. Options to stream the games or download the assets so you can play offline. I’d personally spend $5-10 to have an official version of the original Pokemon game that I could play whenever I wanted.', ""They'd be much better off partnering with largely successful indie games to sell merch or collectibles"", 'Big risk, big rewards. Venturing into what though? I think they should do food at these big gaming events - cater to the taste buds - tendies all over', 'If you low budget it or partner with streamers who will cover the cost of\nProduction and more.\n\nI think it’s a pretty good model with certain countries film tax credit incentives', 'Commission some indie game\nmakers or small studios that are about that life - $2M per game, let them get to work. If there’s money to be made, gotta get the bag - not gonna rub up anyone the wrong way. Might be open to collaborating on it\n\n8.5 bn+ cash to work with', 'Acquisitions can be expensive, added head count, more money burned in G&A, some previous contracts,\nComp Packages and takes time to streamline companies.\n\nPartnership or outsource/ commission is bettsr option imo. Loads of talented indie game developers that have been let go by large companies- get them hired up and set on specific indie projects while you can', 'Isk about that, do you see the success of Sandfall with Expedition 33?', 'Would be better to buy up a LOT of old, nearly abandoned gaming IPs and then try to license them out for movies and games.', 'How? And why?', 'Love this idea', 'Now we’re talking- fantastic idea', 'Great idea!!', 'As long as the game bangs and the development is affordably priced, it’s a good way to bring value to the community', 'Good idea, but if they had 360 control and IP in their own hit game. They would have cards/merch/ game skins, film rights, television rights\n\nI don’t come from game development but i guess it costs a bomb to create it and no guarantee audience will love it. I don’t know the ratio that make money to ones that lose money', 'TLDR - but I read this comment and food isn’t a good way to make money unless it’s high end JS', ""Games, indie games. They have playr why isn't that being utilized or featured"", 'I\'m sure Gamestop\'s team is hard at work reading posts on a Subreddit called ""Superstonk"".', 'Hey, let\'s point at something successful and just say, ""they can do that!"" Without any real knowledge about how to do that.. \n\n\n\n~20–30% of indie games break even or make a small profit.\n\n~5–10% make a comfortable profit ($100k–$1M+).\n\n<1% become breakout hits (think: Stardew Valley, Hollow Knight, Valheim).', ""I'm really hoping that is what Push Start Arcade is. I'm skeptical due to licensing issues with the big TCG companies though. We maybe get some version of this though. Nat Turner is already an investor in courtyard that does digital openings of PSA repacks for TCG and sports cards. One of the nft games on the old marketplace had digital card pack openings too."", 'There’s pretty high margins on some food, and beverages - gamers love to stay long periods of time.\n\nSo keep em fed, hydrated and happy.\n\nKeep the gaming ecosystem and in person community feel strong', 'What genre? What do you think the arcade thing was they released?', 'my suspicion is that it’s waiting in the wings for the wombo combo', 'Oh don’t you sorry, i emailed them a detailed plan 😂 am I qualified to lead a multi billi company.. no. Will I make suggestions because I think i’m right.. yes 🤣', 'Im not saying its a guarantee, I am just pointing out the very recent success of a brand new studio.', ""All genres, your going to have winners and losers - but if you get good at it you'll have more winners."", ""And I'm just pointing out all of the failures that take place."", 'What genres do you enjoy though?', 'Fps, adventure, rpg']",0.4019,0.9889,0.40253809523809525
1lruvgk,Crazy find at GameStop,286,https://i.redd.it/1p6gn5jfmxaf1.jpeg,1751667373.0,Found Hamster Pomni along with Ragatha and Burger Jax,"['Hello /u/TheRealRprSonic, an unedited ""Custom"" flair was detected. Please edit/change flair to match post content.\n\n\n*I am a bot, and this action was performed automatically. Please [contact the moderators of this subreddit](/message/compose/?to=/r/TheDigitalCircus) if you have any questions or concerns.*', 'Mythic pull', ""Isn't that out of stock on the glitch store? If so, that really is a rare find"", ""Why can't my gamestop sell this stuff💔"", 'The Jurger is way more massive than I expected', 'smol', 'It would be weird if anyone in my family found them.', 'Had no idea what that was about but saw it at a GameStop about 2wks ago', 'I really hope they restock the Hampter Pomni', 'poor mindless animal must have sneaked in by mistake ;-;', 'Omg! Pomni is so cute😍🥹', 'Lucky the game stop in my town closed', ""Meanwhile I'm still waiting on my Ragatha plushie to ship😭"", 'I didn’t even know they sold Glitch store TADC stuff??\n\nI don’t have any merch, jeez I’m the worst fan ever', 'The pathetic creature', 'https://preview.redd.it/3kopv3jm00bf1.png?width=720&format=png&auto=webp&s=c146f9da8692d5ac3bc94509f46c42c9d9a1bc9f\n\nHampter', ""I haven't seen any TADC but I found N dog and V cat at my gamestop"", 'Eat it', 'hampni', 'Found that too in Texas', 'Shit a real plush made by the actual glitch store!!', 'did they sell the fat f4kk too?', 'theyre expanding soon youll see these things in zimbabwe', ""Let's go, rare find indeed!"", 'Holy moly I need to go to GameStop', '""CAINE WHERE ARE MY ## THUNBS""', 'I’ve seen them at my game stop too, I’m getting Jax TOMORROW', 'Holy crap! I wish I get my hands on one but the last time I went to my local GameStop they sold out of these plushies, so I ended up getting an Animiniz instead :(', 'https://preview.redd.it/ys5g8buhtnbf1.png?width=224&format=png&auto=webp&s=bbcf071073139063d9b0e7d29c5094c0783d2239', 'Yeah, it was so crazy to see it just sitting there. I had to get it', 'Is it in Madisonville?', ""I don't even have a GameStop :heart-broken:"", ""Why can't my gamestop... ah. we dont... have a gamestop."", 'massive?', 'You can also find TADC merch at Hot Topic! And if you are interested, they also have Murder Drones and Gaslight District merch. Miniso also has some, but they only have the Animiniz so far. They are also planning to release merch from all shows on Amazon on October 15th. :)', 'https://preview.redd.it/7swb4s1juabf1.jpeg?width=3024&format=pjpg&auto=webp&s=dce15922642bf9a1208aa6e181b20960202b1cdb', 'Albuquerque', ""Heh, and by massive, well... Let's just say, my jurger"", ""Way back when I was just a little bitty boy                                                                                      Living in a box under the stairs in the corner of the basement of the house  \nHalf a block down the street from Jerry's Bait Shop (You know the place)  \nWell, anyway, back then life was going swell and everything was just peachy""]",-0.34,0.0,-0.04088717948717948
1lrytq4,My buy 2 Get 1 GameStop purchase. Took me all of five seconds to decide.,214,https://i.redd.it/bk2atenaoyaf1.jpeg,1751680109.0,"All complete with manuals, all three look brand new. ","[""Hello u/Dragon_Small_Z! Thank you for your submission to r/gamecollecting. This is a message shared automatically to inform you about a few of our rules:\n\n• Are you asking about if your **game is real/fake**, the **identification** or **value** of an item? If so, **your submission will be removed** under Rule 2. Please delete it, and ask in the megathread.\n\n• No self-promotion/video submission of any kind, unless if already approved by mods prior to submitting. Any further attempts to self-promote without approval from the moderators will be seen as spam, and will result to the restriction of your account from our community under Rule 3. This includes applications, valuation tools, etc. \n\n• Is this just a screenshot of a CL/FB/etc ad that is overpriced or obvious troll, or for some other notable reason? These would all be considered low effort and will be removed under Rule 4.\n\n• Memes cannot be posted unless it's on Meme Monday, which is the first Monday of the month.\n\n• Are you trying to sell, trade or buy something? If so, your submission will be removed under Rule 9. Please delete it and [read our rules please](https://www.reddit.com/r/gamecollecting/about/rules/).\n\n**Failure of deleting your post that violates these rules may result in a temporary or permanent ban.** If your post doesn't break any of these rules, you can ignore this message. \n\n\n*I am a bot, and this action was performed automatically. Please [contact the moderators of this subreddit](/message/compose/?to=/r/gamecollecting) if you have any questions or concerns.*"", 'I grew up with Tazmania. One of the first games I ever beat!', 'I have the SNES version of Taz mania. Got to figure out where it is.', 'Cover art alone brings back all the memories from renting games at our local joint.', 'Can’t imagine how little someone got from trading those in 😳', 'That’s a nice GameStop haul! See I told you ur turn was next 😊', 'That’s a great selection of Genesis titles right! Good find!', 'Damn Tazmania and Lion King. Our Dark Souls games back in the days. 😂', ""I couldn't get past the mine cart level in Taz Mania"", 'Good luck with Lion King. I beat that game but it’s no easy task!', 'That was the first game that caught my eye, then I saw the other two next to it and walked straight to the counter.', 'How did you beat that minecart level?', 'Same!', 'It tormented me as a kid could never beat it. That and Sega Toy Story that game is mythically bullshit', 'I love this game. I actually at age 2 or 3 completely destroyed a copy after trying to put it back into the Genesis while it was on and my mom had to buy another copy. Taz: Escape from Mars is also very much worth your time.', 'Are these GameStop’s in the middle of no where cause these are cool retros to collect.  \n\nThe EBGames in my major city and surrounding areas do not have retro games at all, they keep all their shelve space for latest gen and toys and manga…', 'Lol you did!', 'I beat it as a kid and going back to it now I honestly have no idea how I did it.', 'Pure memorization. My dad who is now 71 this year beat it first and then taught my brother and me a rhythm/song for it. Once you know it, you can beat it with your eyes closed because you’re not reacting visually .', ""I'm in Reno Nevada. Not exactly no where. But there is only one GameStop here that has retro stuff. You find out which stores are retro stores on their website."", 'Same here. I couldn’t even tell you. I don’t think I have the patience now. Lol.', 'That’s awesome!', ""I've been to Reno a couple of times and while it isn't nowhere, you can sure see it from there. :)"", ""If you're in Nevada and NOT in Reno or Vegas you are absolutely in the middle of nowhere b""]",0.0,0.0,0.1243625
1ls28sl,GameStop is in accumulation mode!! Continuing to buy I don't care!!! $GME 📈,308,https://v.redd.it/ijvknp4bpzaf1,1751692644.0,,"[""Welcome to r/GME, for questions in regards to GME and DRS check out the links below!\n\nDue to an uptick in scammers offering non official GameStop merchandise (T-Shirts)\n\nDO NOT CLICK THE LINKS THAT ARE NOT OFFICIALLY FROM GAMESTOP. \n\nWe have partnered with Reddit directly to ensure the Communities Safety.\n\n[What is GME?](https://www.reddit.com/r/Superstonk/comments/qig65g/welcome_rall_looking_to_catch_up_on_the_gme_saga/?utm_source=share&utm_medium=ios_app&utm_name=iossmf)\n\n[GameStop's Accomplishments](https://www.reddit.com/r/GME/comments/x3hv46/list_of_official_gamestop_accomplishments/?utm_source=share&utm_medium=ios_app&utm_name=iossmf) \n\n[What is DRS? US / International](https://www.reddit.com/r/Superstonk/comments/ptvaka/when_you_wish_upon_a_star_a_complete_guide_to/?utm_source=share&utm_medium=ios_app&utm_name=iossmf)\n\n[ComputerShare International DRS Support](https://www.reddit.com/r/GMEJungle/comments/r9euj1/computershare_upgrades_drs_support_for/?utm_source=share&utm_medium=ios_app&utm_name=iossmf) \n\n[Feed The Bot Instructions](https://www.reddit.com/r/GMEOrphans/comments/qlvour/welcome_to_gmeorphans_read_this_post/?utm_source=share&utm_medium=ios_app&utm_name=iossmf)\n\n**Power To The Players** \n\n\n*I am a bot, and this action was performed automatically. Please [contact the moderators of this subreddit](/message/compose/?to=/r/GME) if you have any questions or concerns.*"", '[deleted]', 'RoaringKitty just followed me on Stocktwits today. Hopefully he will be back on Reddit soon', 'StarveRetail. CanadianRATraitor\n\n![gif](giphy|N0nyPOrKptLMzzi6ym|downsized)', 'Thanks for posting/sharing your efforts! PowertothePlayers🖤❤️🏴\u200d☠️', ""Check also RZLV if you like AI-company.\nWill be big name & great news will be out.\n\nLast news Russell 2000 & 3000 inclusion.\n$70M ARR revenue way a head it's time schedule.\n\nMake DD & step in. Big recommendation but not financial advice. Make your own choises."", 'not the entire year. But it was in accumulation mode a year ago, before it broke up to 28\n\nthen again in september and october, before it ran to 34 for the rest of the year. \n\nthen again in april of this year, before we went up to 35.80. \n\nso, if the previous year is any indication, there is a likelihood of a small run before we drop to our summer lows in preparation of yet another accumulation phase in autumn that leads us to the high of the year.', ""He's long gone.""]",-0.5853,0.0,0.22545
1ls29ly,GameStop is in accumulation mode!! Continuing to buy I don't care!!! $GME 📈,777,https://v.redd.it/z23uhpkmpzaf1,1751692729.0,,"[""[Why GME?](https://www.reddit.com/r/Superstonk/comments/qig65g/welcome_rall_looking_to_catch_up_on_the_gme_saga/) || [What is DRS?](https://www.reddit.com/r/Superstonk/comments/ptvaka/when_you_wish_upon_a_star_a_complete_guide_to/) || Low karma apes [feed the bot here](https://www.reddit.com/r/GMEOrphans/comments/qlvour/welcome_to_gmeorphans_read_this_post/) || [Superstonk Discord](https://discord.gg/hZqWV2kQtq) || [Community Post: *Open Forum*](https://www.reddit.com/r/Superstonk/comments/1ipojer/open_forum/) || [Superstonk:Now with GIFs - Learn more](https://www.reddit.com/r/Superstonk/comments/1cr37r7/superstonk_gets_its_gif_on_get_hyped/)\n\n------------------------------------------------------------------------\n\nTo ensure your post doesn't get removed, please respond to this comment with how this post relates to GME the stock or Gamestop the company.\n\n------------------------------------------------------------------------\n\n\nPlease up- and downvote this comment to [help us determine if this post deserves a place on r/Superstonk!](https://www.reddit.com/r/Superstonk/wiki/index/rules/post_flairs/)"", 'Haven’t seen you post in while. Thought something happened to you.\xa0', 'Cheers for the update bro...👊', '![gif](giphy|tMOyj4hkcxSfe)', 'Oh... trust me, I have been accumulating every chance I get. I collect shares like people collect Pokémon cards. Cheers ape', 'I am surprised when I hear people say we will go to 17. Did they not see the amount of firepower it took to hit 21.50$? We are at 23.50$ and 87% utilization. I think it will take a huge effort to drop us 6.50$ and at what cost?', ""Better than 95% of what's usually posted here  \nThanks brother"", '… you calling for a SPY correction this week?', 'We made 88miklion adjusted last quarter I believe we will make triple digit millions s for the first time this quarter', 'I don’t see what the issue is. We all see the naked shorting. It’s only a matter of time. Whether it’s tomorrow or 5 years from now, I will continue to buy the dips and HODL!!!', 'I’m all good aha just not too much to talk about since price hasn’t done much plus it’s a short trading week', 'At 18$ Gamestop can buy back all shares .', 'Maybe but wouldn’t bet the farm on it. Trend is your friend and I am long many stocks', 'Big facts people just negative and are miserable in their lives unfortunately and want to make other people miserable with them. Keep on buying brother 💓', 'GameStop isn’t “waiting for another catalyst”. \n\nAll of OPs previous predictions were wrong. So… grain of salt.\n\nIt isnt going down to $17 or lower… OP is pedaling bullshit.', 'They can’t, only 100m earmarked for buy backs.', 'I mean sure but I’m generally asking if a GME leg down could plausibly be tied to general market trends or if it is a separate thing that happens to coincide? \n\nLike this sub has gotten pretty decent at tracking plausible GME price patterns but we have no control or insight over the macro market usually \n\nWill be a very telling week coming up I bet.', 'To be honest the back and forth is good as it’s good to discuss people might not always see eye to eye but the goal is the same', 'Never said it was going to $17 lol open your ears 👂 anyways bye bye 👋']",-0.5853,0.0,0.2975105263157895
1ls6aj6,Insane price at GameStop lol,87,https://i.redd.it/ibb5s36mmpaf1.jpeg,1751709165.0,,"['Buy2g1 free?  Profit?', 'That game has been priced like that for a while.  Seems surprised that a limited run game has a high value.', 'Not sure how a second hand price is Nintendos fault lol\n\nAnother swing and a miss for this sub', 'punch busy squash silky degree quickest lavish jellyfish slim juggle\n\n *This post was mass deleted and anonymized with [Redact](https://redact.dev/home)*', ""This is entirely because Nintendo were greedy bitches and decide I'd you should only be able to buy it for a few months. Even when I bring this up to Nintendo fanboys, they ignore it and insult me."", 'i know. there seems to be a scarcity coming for physical media games in my country. there are only very few physical game stores left, and the retro store for example has prices even higher than that for only a ps1 game because it is nowhere to be found anymore in original state. they dare to ask 150 euro for a ps1 game on disc. this is multiple of what they used to cost when that console was on the market. and now it seems to be coming to switch 1 now too.\n\n**119 EURO FOR A PREOWNED GAME** **?!**  i forgot to read the exact price tag but it says : **preowned.** wtf. and those are old games too. what are they thinking', 'After looking at GameStops prices for individually buying mario 64, Sunshine, and Galaxy, I\'m 90% sure they just added the 3 prices together and made that the price because ""it\'s got 3 games on 1 card so we\'re going to charge you for all 3"" or something like that', 'I think it’s because not a lot of physical copies is made. Just unlucky', ""The game had a limited run, so it's gonna have a decently high price. Even then, it's moreso GameStop adding the price of all 3 and selling them as 1."", 'Piracy', 'Pre-owned lmao!!!!!!', 'Are y’all dense? This was a limited release game that is no longer is sold or made. It had a limited release for Mario’s 30th anniversary and that’s it. It’s now worth a lot more because of this.', 'It happens with these kind of multi games. Specially Mario, Zelda games. Because of their limited release in the after marked they get expensive and hard to find. There are wii and GameCube games like this as well.', 'Just buy 2 get the Mario for free then return the other 2. My GameStop allows that.', 'Not just GameStop, I recently went to Anime Expo 2025 and they had Mario 3d all stars for the exact same price. I wouldn’t mind if it was 70-80 but double what it’s worth? That’s insane', ""It's a limited edition game, that's obvious"", 'With pro membership you can save *checks notes* 6 whole bucks', 'That’s gamestops pricing, not nintendos brah', 'you poor sweet summer child this is not the first time. Xenoblade Chronicles for the Wii was the same. Since that game was a Gamestop exclusive, employees were told to open all the new copies, then put them on the shelves as used to charge $100 for each.', 'No game at GameStop should be priced higher than original msrp but doesn’t shock me they used to do the same thing with xenoblade on wii before it got remastered for switch since it was exclusive to GameStop when it originally released they sold used copies for like $90-$100 during the Wii and Wii U era.. 🤷\u200d♂️', ""It's 3 masterpieces, Nintendo could have easily charged $200 for it. This deal is steal !"", 'its not really insane its actually cheaper than you can find it on places like facebook market place. The game had a limited supply production and so physical copies are actually pretty rare and you also cannot buy this game on the nintendo eshop either anymore. I seen someone selling it for $260 near me, and he sold it no problem. Made me contemplate selling mine too but I think im going to hold onto my copy a little longer', 'Sir this, is a nintendo sub... not gamestop', 'I played Nintendo games for free on my PC', 'Is this a Repost?!\nI have seen and commented on this exact picture on another post.', 'It’s used too not even sealed lol', 'Thats market value for that cart.', ""I'm so tempted to sell my copy. It's not even a good collection tbh"", ""Umm.... actually not.   \nI got lucky and grabbed it as soon as it came into the store.   \nBut that game is going for STUPID prices. \n\nI would say that the price label is about $20 over value but yeah. It's that sought after."", 'Yeah, why would a game that was limited run and everyone wants to have in their collection be so expensive??', 'This is actually the cheapest I found for this game many ppl are charging 200+', 'If you could choose which one is free then yeah but good luck convincing GameStop of that', 'Does not work that way, you need to pay for the more expensive game(s) and you get the cheaper game for free...', 'Limited run game will have a high value. Because it limited. 🙄', 'idk how it is in america but in europe i can find it online from 60 to 80 euros, 120 is crazy', 'Just wait for the 40th anniversary this year. I got a feeling they’ll redrop this game.', ""That's what I came here to say."", 'Maybe since its a first party game and digital printing works like having a counterfeit money press it shouldnt have been a fomo item then assholes like gamestop wouldnt give you 3 bucks (dunno who tf is trading nintendo games to gamestop though) and then charge you double the new price…', 'dont you think that -s-e-c-o-n-d-h-a-n-d- price is a little way up too high for such old games ?', ""It's Nintendo's fault for making the game available for a limited time, physical or digital. The game sold on pure FOMO, so whatever is left on the market has a bloated price."", '>including Nintendo games\n\nGood luck playing switch 2 games\n\nOr any incomapatible game in yuzu', ""Steamdeck sucks at switch emulation bro be real. Also no emulator can play everything. Most will have bugs, glitches or just won't run at all. Even a powerful PC cant emulate everything perfectly."", 'Theft.\xa0', 'Can the steam deck play bloodborne yet?\n\nI know there’s was like massive progress made last year on pc.', 'AGREED. My steam deck saved my life multiple times when I stuck a fork in the toaster to get my toast out (ignoring idiotic liberal “wisdom” as it is NOT dangerous I was being sabotaged).', ""The Steam deck has legal access to both XBOX and Sony games. Nintendo is the only one of the big three that never shares. They haven't figured out yet that the biggest deterrent for piracy is to make their games easy to buy."", ""Can you post a guide for my friends that emulate on the Steam deck on how they can play online with me on my Switch? Stuff like MK8, Splatoon 3, Smash Bros Ultimate because they can't figure it out."", ""I love steam but Jesus christ everything on reddit that has literally anything to do with gaming NEVER fails to bring up the steam deck. are you paid? can I be paid to glaze the steam deck? I'll gladly do it."", 'Yea and anyone that pirates games is a douchebag.', ""As a certified Nintendo fanboy I don't ignore you nor insult you. That they released this as a Mario anniversary but then made it limited for a few months was one of the most shittiest moves they pulled in the switch life cycle. No sugarcoating. I give you guys that."", '[removed]', 'During the middle of a pandemic too btw ^', 'This is entirely on that gamestop.\xa0', 'How is making it limited greedy? Greedy would be selling it still at full price. Theyre losing money this way', 'Greedy would be selling it more.. and gamestop doesnt take orders from nintendo about pricing used games 🙄', 'How does them making it limited make Nintendo greedy? They don\'t get any money from the inflated second-hand price.\n\nPointing out the flawed logic isn\'t ""ignoring and insulting"" you, either. You are objectively blinded by this weird hate thing you\'ve got going on that you aren\'t making any sense.', ""They're thinking the game is no longer available new in any format and it's a collector's item. Nintendo games especially tend to go for a lot on the secondary market when they're rare. Try finding physicals of most older Pokemon, fire emblem, and cult classic DS/3DS games. I remember trying to find a physical copy of SMRPG in the early 2000s. It was rare and expensive."", ""Yes prices are going up for second hand games, but with this specific game you can't ignore that it's a (stupid) special edition that was only available for a limited time and is now unavailable for both physical AND digital."", 'Maybe.\n\nGamestop is gouging at $120-ish though. The game goes for [$96](https://www.pricecharting.com/game/nintendo-switch/super-mario-3d-all-stars) on Price Charting otherwise.', ""'The game had a limited run'  \nHence we're mad on Nintendo too, not just on Gamestop, idiot."", 'And who decided for the bundle to be a limited release, genius??', '200+ for 3 emulated games is insane XD', 'Huh??', ""Why would you need to choose when they're all 3 super 3d all stars"", 'Right. You buy 2 Mario get 1 Mario free.', 'That was my point.', 'If they improve it I might have to pick up the new version.  \nI got all stars for my son and we went to play N64 version and were like damn these controls and camera suck.  Lol', 'Oh I’m not saying I like the high price, but GameStop set that price, not Nintendo', 'Its really not', 'I believe it’s fully playable although you will definitely have to add performance mods', ""What's funny is, I used to love Nintendo. Just the past few years have jaded me."", 'Alright even on a satire subreddit there’s not really any need for slurs', 'Oh yea! How could I forget that one?', 'Not entirely. Nintendo created artificial scarcity.', 'Creating artificial scarcity. Its not making more money in the long run. Its saying hey you can only buy this now, dont miss your chance. Causing literally anyone who wants it to buy it, or scalp it to do so.', 'Learn economics. They did it to get a massive burst of money at once.', ""It makes them greedy because its forcing everyone to buy it new and fast. When games are on the shelf for a few months, sales slow down a lot. It's called artificial scarcity. Proof is them taking the digital version online down. They did that to force as many sales as fast as possible because they dont get money from secondhand sales. So they get as many as possible within the few months. Pretty obvious they do this crap too."", 'Yep. I used to work at gamestop before covid and copys of heartgold and soulsilver could not be found in my city. When someone traded in a copy of soulsilver i immediatly took a break and bought it on the spot for somthing like $60 at the time. I never saw another copy of the gen2 remakes for sale since', 'Yeah, I know. Just explaining the price.', 'My uncle, he works at Nintendo. Im suprised this is worth over MSRP.\xa0\n\n\nNot by much but still, shelfs used to be FULL of it.\xa0', 'Ya ik I think it’s fact that it’s physical is why they are pricing it so high', ""gamestop has a deal with you can buy 2 pre owned games and get 1 free. thing is the free game is only applied to the cheapest one of the 3 games so they're saying there's no way you could make this the free game"", ""I'm glad I kept my 3-D all-stars sealed and never opened it. $120 for a used copy is common, maybe I should get it graded....lol"", 'Yeah to be honest I don’t think they’ll ever improve Mario 64. N64 games are just a product of their time , one joy stick made games have horrible cameras. I don’t like the n64 personally at all, I started with the GameCube lol, my brother had a Dreamcast so I preferred that over the n64.', 'It literally is.\xa0', 'So it still plays games made 10 years ago poorly?', 'Nice. I hate Sony for publishing such a good game and then doing absolutely nothing with it. Nice to see other people get to play it.', ""Same. When I switched to PC, I kept up with Nintendo, because I like their games. They've changed, though. No fun, pack-in titles. No quirky apps. A paid online service, with notoriously terrible lag. A button that is useless, if you don't pay for online. A $10 tech demo. New features to NSO that fans have been asking for for years being pointlessly locked behind the Switch 2. Raising the standard price of games, knowing full well that they'll never drop their prices, no matter how old they get. Nintendo has easily become the most greedy of the big three. Heck, the only reason to buy Nintendo now is because, unlike Microsoft or Sony, their games never come to PC...legally."", '[removed]', 'They couldve made much more just keeping it normal. Its shitty ports using emulation anyway. I remember seeing these for 60 bucks on gamestop used for a while. I doubt they made more by keeping it a limited product. They just figured theyre shitty ports so might as well put them on their emulation program', 'lol, keep parroting', 'Ok that\'s fair for a normal release but I feel this was more of a special release. Like a limited edition collection of these games to celebrate them.\n\nPlenty of companies do special limited run releases like this.\n\nIf it was a brand new game I\'d have a pretty bad opinion of it, sure. But I dont think anybody was forced to buy it because they are all really old games now.\n\nPurely just a piece for fans, and yh I get they want to capitilise on those sales but, again, that\'s no different to how ""special editions"" work. Charge a premium and have it limited.\n\nBeing against it is fine. But this is a widely done marketing practice by all developers and publishers. Not solely Nintendo.', ""I sold my HeartGold for $150 during COVID, so I'm not surprised. I got at least $100 for all of my DS Pokemon games."", 'If I remember correctly, it also only applies to a certain price ranges, like 1-10 dollars for buy 2 and get 1 free, or 11-20 or 21-30 etc etc numbers, that are buy 2 and get one free.', 'That deal was last week. It’s 4 for $10 for games $5 and under. 4 for $20 for games $10 and under. 4 for $40  for games $20 and under. But why would the company give you the more expensive game for free? That’s a stupid business model.', 'Yeah big improvements in just a few years there.\nN64 was the first home console I bought when it first came out.  Going back really was like damn.\n\nAnd my son wanted to try Mario cause he loved odyssey.  Needless to say he might of played an hour of it.', 'tf Mario 64 still holds up', 'You don\'t own the games when you ""buy"" them at the store, hence it\'s not theft.', ""If buying a game isn't owning it, piracy isn't theft."", 'I don’t think you quite understand how performance taxing emulating a ps4 is especially with an emulator that is still in development', 'Yea I’ve never owned a PlayStation before so I never got to play Bloodborne, but now I can just play it on my pc (not very well unfortunately but it’s better than not playing at all). So far made my way up to the second boss and have been struggling to kill him despite his moveset being awfully basic most of the fight', ""I stopped buying, but kept watching because I grew up with them. The N64 and gamecube were my favorites aside from the ps2 and 4. I love Pokémon, but I can't support them after S&V. I want to buy the new Metroid Prime really bad. MP 1 was one of my favorite fpses. I want them to care again. I want them to stop looking at us like pay pigs. I WANT them to make stuff i want to buy. But not like this."", '[removed]', ""Omg dude, did a Nintendo fan nut in your hair or something? I argue with them too, but they're arent terrible people for liking a company. They just put their nostalgia goggles on. Just throwing slurs is gonna just make you look like an ass."", ""Someone here thinks you've crossed the line, why are you acting like a shithead? Reddit’s global rules apply here as well bro. Cut the shit, nerd.\n\nHow about you read the rules next time:\nhttps://www.reddit.com/r/FuckNintendo/about/rules\n\nSincerely, the moderators of r/FuckNintendo"", 'Its so they can make a fuck ton of money at once. Does nobody understand supply and demand?', 'Wtf? Parroting? Because ik what should be common knowledge? Go back to school.', ""If it was a finished proper ports of the games, you'd have a little more to argue. Though selling 3 of your best games for a limited time only is pretty fuckin stupid, they arent ports. They're just emulation of the games too, which is hysterically ironic."", 'Sad day to be a old pokemon fan who just wants to play the older titles. Sounds like you cleaned up though.', 'I beat the game last year with the n64 switch online controller. The game plays fine with the original controller, but that camera is terrible in later levels. I would honestly replay sunshine over n64 any day.', 'No, I do, which is why all the ""just use an emulator!"" takes are so stupid.\n\nYou\'re still waiting around to play a 10 y/o game and will likely wait years more for a smooth experience.', 'Didn’t realize saying Retard now makes you equivalent to someone who massacred millions of people just because of their ethnicity', '[removed]', ""Someone here thinks you've crossed the line, why are you acting like a shithead? Reddit’s global rules apply here as well bro. Cut the shit, nerd.\n\nHow about you read the rules next time:\nhttps://www.reddit.com/r/FuckNintendo/about/rules\n\nSincerely, the moderators of r/FuckNintendo"", 'hoooooly shnikies', 'I’d rather wait to play Bloodborne on an emulator than buy a few hundred dollar console just so I can exclusively play that 1 game. If there were many other games on the PS4 or 5 that I wanted to play then sure buying the console would be more reasonable. But atm Bloodborne is the only one I care about so', ""Someone here thinks you've crossed the line, why are you acting like a shithead? Reddit’s global rules apply here as well bro. Cut the shit, nerd.\n\nHow about you read the rules next time:\nhttps://www.reddit.com/r/FuckNintendo/about/rules\n\nSincerely, the moderators of r/FuckNintendo""]",0.0258,0.0,0.09944017094017095
1lsbhnn,"GameStop - stop, during morning walk…",406,https://i.redd.it/m1kz8q3qi2bf1.jpeg,1751726660.0,Limit 1 per,"['What was in your tin? Mine had chilling pain.', 'The markup hurts', 'I pulled a Blastoise from that same exact Alakazam 151 box lol', 'Damn your gamestop TAXIN! my store selling them for 23 and 12\n\nMy tin had fusion strike and lost origin', '$47 for six packs lol', 'Looks like me and the wife are spending 90$ today 😅', 'You got ripped off', 'Does GameStop sell at retail price? My kid tries to collect but we can never find them. target is the only retail price we can find but they are out. The local gamer store has them priced almost double. I have to keep telling him “no” because this makes no sense to me', 'The markup is a little too much on these for my taste', 'My local GS was bullshit. I didn’t know for pro members they open the store 3 hours earlier then store hours, so when I got there right when they opened they were all sold out. So bs but whatever', 'GameStops gotta go with this markup lmao', ""What's in the mini tins?"", 'I was gonna go to game stop this morning., but the mark up changed my mind. I got the alakazam and zapdos joint from best buy last week for 40$. Plus ive been eating off the vending machine next to my spot.', '4 packs for $30. Scalpers and these noobs cooked this hobby up', 'Waaaay overpriced lmao', 'staten island gamestop?', '1 per group apparently. Gamestop in dixon city pa is lame as fuck', 'Gonna turn into morning run 🤣🤣🤣', 'Yea I just left got the same 🔥', 'People are going to be reading this post in a year or two and begging to pay $8 a pack for 151. Sealed 151 is going to the moon eventually in a few years.', 'Check your best buy. I got my tins $5 less and even some prismatic bundles for 28 each.', ""I can't believe people actually waited in line for these 2 items, at an inflated price.. I'm a little biased because I have all the 151 cards I wanted, but even if I didn't, I would not waste my time on that small amount of product."", 'After seeing these prices I’m glad I slept in lol', 'I pulled the espeon alt art secret rare from fusion strike!!', 'Still need this promo. Missed the drop since I am not spending my time at gamestop on the 4th.', 'Was able to score 2 of each with my lady today! We just got into these and she heard about the drop a few days ago so we were so hyped. Her favorite cards are an incomplete set, for now, of reverse holo Haunter & Gengar. I was able to pull a full art Squirtle and my Abra promo card has 3 galaxy swirls in the main square of the card. She also pulled 4 holo energy cards that I absolutely love and wish I’d pulled at least one but she’s got that on me lol. Happy hunting!', 'Just picked up one of these Tins today! Got lost origin and fusion strike', 'Bought this today . The tin contained Chilling Reign and Lost Origin . Got no hits in the 6 packs 👎🏼', 'I have not opened it', 'Mine has Fusion Strike and Lost Origin', 'I got lost origin and chilling reign myself', '$8 markup on the 151 ($2/pk) not a big deal to me', 'Nice.', 'I think you’re quoting some old price, or just flat out lying. GameStop SKU gonna ring up the same price.', 'How much do you pay for 6 packs?', 'I got my 6 packs for 38 bucks. Gonna sell the alkazam for 40 and I opened th3 tin. Got a pikachu vmax from lost origin (the 10 dollar one)', 'Where do you see 6 packs? I see 4', 'I miss the days when I could walk into my LGS and buy 3 packs of almost any modern set for $10. $8 a pack at retail is nuts.', ""Lol 😂 I know it. It's rediculous. I would never pay these prices. $13 for a 2 pack tin at a retail chain? Stupidity at its finest. I did buy an Alakazam box. But that's because I have a pro membership and a $5 coupon.. so I got it for MSRP. Which to be honest, I still dont like paying. Haaha"", 'And i did exactly that today lmfao had the wife go with me since its 1 per customer 😅😂 i hope you got yours!', 'Usually what a broke jealous person would say', 'How when he paid retail and not resale lol', 'No, they are above msrp.', ""I would assume you can report that to corporate. That isn't a benefit and isn't listed on their policy anywhere."", 'Only thing ProMembers get is a small discount , not early hours', 'Someone here said they got Fusion Strike but the ones at my Walmart (C23 I think) had Astral Radiance and Lost Origin.', 'What time are you going to the machine? Mine is always empty when I check', 'No', 'Check your local Target, got prismatic and DR bundles  for 29.99 and a Switch2, on release day, to go!…\n\nhttps://www.reddit.com/r/pokemoncards/s/e1yVS9nVMu\n\nAlso check your local Walmart, found some fabulous CZ box sets and tins, walked in at 6:am on a sunny day off from work… \n\nhttps://www.reddit.com/r/pokemoncards/s/ZX0gy4EVdk\n\n**Edit bought for as MSRP as MSRP can be!… 😂', 'Ah ha!!!… so you like to clear the Walmart shelves like me. Thanks for being with me on that.', 'Came out of the fifth of July', 'Same for me', 'Wild both mine had lost origin & chillin', 'Same. Especially since 151 is impossible to find anywhere else. I catch restocks every week at other stores and nobody else stocks it anymore.', ""I definitely don't enjoy paying slightly over msrp from a retail shop, but it's better than $15+ from some random online.\n\nIll take my chances with sealed coming from a store. Still always look for retail when I'm out but I'll take what I can get if it's not crazy.\n\nHell Walmart has reprinted Dialga and Palkia box sets ($40 msrp) selling for $45 that have one less pack than the original release. Found another today at Walmart but I alrwady have a couple others at home and decided to pass.\n\nI just want booster boxes at this point."", 'I think he is confused because those are GameStop pro prices (if you include a 5 dollar monthly discount on the box). Box is like 28 something and the tin is 12 something with pro (before tax).', 'Well for starters I bought six Fusion Strike packs from Pokemon Center this week for $24', '$28.56', 'Box is 4 tin is 2', 'I just spent 36 bucks on 4 packs , x2 lost origins and x2 brilliant stars from one of my LGS, just about only place in town that has product and sells close to tcg player market value …..\n\nIt sucks here', 'Bro you make $.25 bets on FanDuel. Sit your clown ass down and open your cards and be happy.\xa0', 'Keep paying for overpriced cards', 'That’s not retail price. Box sells for $22 retail.', 'Making it challenging for my 10yo to enjoy. I don’t let him buy those, I’m trying to teach him value and wise spending. We only buy when target has them. \n\nBut on that note he probably only enjoys because he’s watching YouTubers open the cards and they are the ones buying them out. 😂', 'Oh I’m gonna work on it diligently soon. I use to work retail so understand what he’s doing for his revenue but that’s just not fair especially to the kids that get here waiting in line', ""GameStops were H24 or something like that. A number I never seen before. I looked at it. But wasn't going to pay that price unless it was C22 which have Evolving skies"", 'Well im in Texas and Ive learned that they restock the machines somewhere between Monday and Tuesday. Possibly Sunday i will confirm tomorrow. The machine from what i can tell will say sold out but if you check back an hour or so later it will have more packs. Luckily i live down the street from one. Its like a 3 minute drive for me.', ""🤣 no no, just saying I definitely wouldn't stand in a line (on purpose) for 6 packs. I did stand in a target line on Friday for a drop and all they got was the eevee pouch, and the Cynthia box, but I didn't know ahead of time that's all it was going to be like with the GameStop drop."", ""Shiiii, you right just looked at receipt, I didn't realize it took the 5 dollars right off the price of the box instead of subtracting from subtotal. But lying about it would be crazy work 🤣"", '🫏 post', 'Sure you did. I believe you.', ""I love that people are down voting you because you got cards at MSRP. I got the same drop on PC, if you're signed up for notifications it's not that hard to get Pokemon Center drops."", 'Daym he said for STARTERS', 'How often are you getting those off PC not very often. We got lucky with that drop.', 'W post', 'What PC atill have products?', 'I’m fucking wheezing holy shit 😂', 'Deer lord 😭', 'Yes, throw away money for the thrill and enjoyment. You can do that when you’re not pinching every penny like it’s your last', 'Bro makes enough to not be pressed over a few dollars. GameStop prices suck but aren’t the worst out there like you goofys act. When you actually have a job and aren’t a scalper a few bucks doesn’t matter.', 'Yoooo dammmnnnnnnn', 'Lmaaaao 🤣🤣💀', 'Is it your money?, if not stfu', 'Well I paid 23 for mine woowww a dollar more… u get what I’m saying bro its coming from a RETAIL STORE not a scalper or reseller and its under market still at that price', 'My 5 year old started collecting last year, it’s been a challenge. I bought a few at GameStop for her birthday just to ensure she has some that day- it’s all she wants 😅 \n\nWe’ve had some luck at Best Buy, they sell at msrp. Barnes & Noble, too. \n\nTarget and Walmart are the most difficult to get cards at because they get bought out so quick. Our Target has a limit but they’re still gone within an hour or less. Walmart has no limit, one guy comes in and buys it all right when they restock.', 'My Walmart had about 10 when I went in but they were all C23.', ""Lol you did right. Don't pay that price unless you have coupons and reward points to bring it down"", ""I did too. If you have a way of getting notifications for website restocks it's pretty easy to catch cards."", 'Jealousy. And they love justifying paying over MSRP', 'Downvoted because no one’s cares. Pokémon center drops don’t happen that often. Once a week maybe and the fusion strike packs were super random. We all know GS prices aren’t the best but better than market. Downvoted because being condescending about the price when some people can’t get shit and “not hard” lmfao every pc drop I see hundreds/thousands of people sad they couldn’t hit. If you aren’t in queue early of immediately you don’t get shit. Yall funny', ""I'm signed up and I never get the notifications in time. Getting through the Pokemon center queue is not a flex. Be thankful you lucked out, but don't disparage others that haven't."", 'I signed up and have not received any such notification 😕', 'May I ask how do you sign up for them? Would love to try and get some journey together at msrp?', 'No he got downvoted for being an ass. He could’ve just gave some advice for Pokémon center alerts . This isn’t a bad buy on the streets . If it was that easy to get off the Pokémon center we’d all get great deals , obviously', 'I have given up on pc drops. Never been able to get anything. Waste of my time. If you have some secret way to get through, please let me know.', 'Ive signed up and never got a notification i always miss them pokemon center drops 😭😭😭 if you have any idea how i can get notified about pokemon center drops PLEASE HELP ME 😅😅😅', 'These comments are really out of touch. I\'ve seen several say ""it\'s very easy"", ""not that hard"", etc. I\'m sorry but what world do you live in? I\'m on a large discord that tracks all these drops, I often get notifications before everyone else does, etc. And even I have maybe a 50/50 shot of hitting the drops. Between the enormous queue, short in stock window (typically about 30 min in my experience), and the anti-bot stuff which flags false positives all the time... Is it remotely possible? Yes. Is it ""easy""? Absolutely not. Normal people don\'t have a shot in hell. You have to live and breathe this stuff and have no other life obligations to hit these drops, and only a very small percentage of the fan base ends up getting anything at all. That\'s just a fact.', '(For onlookers: this is sadly not true 😔)', 'There’s usually a good drop on PC once a week, it’s just random', ""They never have any TCG sitting available in stock. Been this way for months. They usually do one restock per week on a random day and time. You'll only know of a restock if you're on a Discord that notifies you (usually paid) or you follow an X account that does it (@PokemonRestocks is decent, but I've found it to be slightly delayed)."", ""I'm with you in the sense that I don't get why people are shitting on you for getting cards at a price you were happy with but being able to afford and get a thrill out of betting 25 pennies really isn't the brag you seem to think it is."", '[deleted]', ""Idk man. Charging people $13 on mini tins is about as crazy as it gets for a big chain like Walmart or GameStop. Can't wait for the hype to die down. Once the bandwagoners stop paying these prices. These stores that upped their prices are going to be shitting themselves when they end up with overstock no one is buying. And then they will have to clearance it out and not make shit for it. Just get rid of excess inventory to clear up space. Like the good ole days lol 🤣"", 'This guy paid $30, we aren’t talking about you bud. Just because it’s from a retail store doesn’t mean it’s retail price.', ""Yeah I don't want to pay wallmarts $12 unless it's c22. I found 1 single one last week"", ""Im a sucker for gen1 tho lol but definitely might as well use my 5 bucks, not mention my box was GOATED, pulled venasaur sir, charmander and squirtle irs and Erica's invitation full art I was so pumped"", 'No one cares what you think. That’s the main point.', 'Cry about it', ""I've gotten through queue with product in stock for every single drop the past 2 - 3 months. I'm in a Discord for restock notifications."", 'I havent either and im signed up as well it sucks 😭', 'People wanna flex their luck so hard that they’ll straight up lie. Weird work in my opinion', 'Ahh I see, thanks for the info', 'Yea I hear ya, but listen… I bet 1000 Pennie’s and even 10,000 Pennie’s for a win occasionally….\n\nhttps://www.reddit.com/r/streetgainer/s/6cklbunmIM\n\nNever said it was a flex, I didn’t bring to thread the other poster did. I’m no different than anyone enjoying games or at a casino.', 'Buy cases from where?… you ain’t buying cases from the factory unless you’re a retailer, clown. Stop trying to sound more in the know than you are. If you’re buying cases, you’re buying for someone else who’s selling for a profit. Not MSRP bone head.', 'I didn’t say I like it lol. but if someone can’t get anything and paid $14 for a tin I’m not gonna get on Reddit and talk shit to them when they are happy to just get packs. That’s all.\n\nI would love to get packs easier at msrp. It’ll happen again. Until then, locked in on, online drops.', 'It’s an Internet forum made for discussion - you new here?', 'Yall the ones crying that’s the hilarious part. But go off shitter 😂 crying cus this man spent a few dollars over msrp.', ""Surely there's better ways to try and be relevant to a conversation."", 'Ah a discord. Free? AWESOME! Feel free to share that link for us that are out here paying over MSRP at GameStop.', 'Right?! Fusion strike is the main set im after right now too!', ""Yeah. It's obnoxious and pathetic, actually"", ""No lies here. I've gotten through the queue with product in stock for nearly every restock. If you're in a restock notification Discord and enter queue as soon as you get the notification you're almost guaranteed to get something."", 'This just shows how new you are to the hobby, if buying from GameStop didn’t already out you.', ""Sure I get it. Not all areas are the same. Alot easier to find packs in my area than a place like California or New York I'm sure. So I can avoid higher prices"", 'Yes, very new. Check my history.', 'Wipe your nose brother it’s gonna be alright.', 'Weird, dude immediately got quiet and didn’t want to share resources after bragging about it, seems legit 🥴', 'Yeah thats the set im on the hunt for also, ive never opened any fusion strike, im hoping the 2 tins i got at gamestop today have fusion strike in them so i can have a chance at pulling the gengar vmax alt art that i really really want but dont have 600 to drop on one card 😅', 'Right, the key being ""enter the queue as soon as the notification comes through"" - that\'s not a small thing. People have to work, live life, do things other than pokemon. If you enter the queue even 10 minutes later, that\'s often all it takes to miss the restock. Let alone join and set up notifications for a discord purely for the sake of getting cards. AND then even if you do get in queue at the right time, you have to wait it out, sometimes for 45 minutes to an hour, and monitor for when you get into the site and have about a 5 minute window to make the purchase, or get kicked out and almost certainly miss it for good. \n\nThe fact that it\'s not obvious to you why that is not easy or practical for most people, including a ton of fans of all ages and walks of life, is why I said your comment is out of touch.', 'While you’re at it, check this post. All bought from target same day… \nhttps://www.reddit.com/r/pokemoncards/s/C6mytcBOq0\nWhy am I showing this you ask?, well no reason, it’s a forum made for discussion.', 'Oh you’re one of those idiots. Have a good one and when you grow up I hope you do well. Thanks bud', ""Same 🤣 I've managed to get ahold of a couple packs but nothing much.. got a cool pikachu out of them tho haha there are a bunch of cards in that set I want. I'd be happy with the much less valuable gengar I just want to pull them from packs like they're supposed to be acquired. I enjoy pain apparently haha good luck tho! I have a couple tins on the way to me as well!"", 'Got 10x that from the Walmart drop last week. Not the flex you think it is.']",-0.296,0.0,0.1144466165413534
1lsd0r6,GameStop 10,5,https://i.redd.it/qudqpyfzu2bf1.jpeg,1751730783.0,First time sending in cards and tried GameStop TOOOOOOK FOREVER to get back and still waiting to pick up but I got a 10 👌🏻💯 I will need to go to LCS and resend that rookie cal Ripken auto in though I guess it was sent in by GameStop wrong.,"[""Thanks for participating in the r/footballcards community. If you're new to the hobby and have lots of questions, I understand. However, please be aware that many repetitive questions are asked daily on the sub, so please try to search for answers before asking.\n\nHere are some links to get you started:\n\n[Football Cards FAQ](https://www.reddit.com/r/footballcards/comments/14lhc6q/faq_frequently_asked_questions_ask_questions_here/)\n\nCard value/prices: [Beckett](https://www.beckett.com), [COMC](https://www.comc.com), [130point](https://130point.com/sales/), [ebay](https://www.ebay.com), [WaxStat](https://www.waxstat.com)\n\nWhere to buy: [Dacardworld](https://www.dacardworld.com), [Blowout Cards](https://www.blowoutcards.com), [Steel City](https://www.steelcitycollectibles.com/), [ebay](https://www.ebay.com), [Beckett Marketplace](https://marketplace.beckett.com/), [Sportlots](https://www.sportlots.com)\n\nStorage & Supplies & Top Loaders Etc: [BCW](https://www.bcwsupplies.com), [UltraPro](https://www.ultrapro.com/), [Cardboard Gold](https://www.cardboardgold.com/)\n\nGrading resources: [Beckett](https://www.beckett.com/grading), [PSA](https://www.psacard.com/), [Blowout Forum](https://www.blowoutforums.com/forumdisplay.php?f=122)\n\nChecklists & Release Calendar: [Cardboard Connection checklists](https://www.cardboardconnection.com/sports-cards-sets/nfl-football-cards), [Release Calendar](https://www.cardboardconnection.com/new-release-calender), [Beckett - Every card database](https://www.beckett.com)\n\nGreat User Content: [Icy's FAQ Pt. 2](https://www.reddit.com/r/footballcards/comments/1b97pkj/getting_back_into_cards_guidetips_my_story/)\nBest of: [Are we in another junk era?](https://www.reddit.com/r/footballcards/comments/1ck07w0/if_the_junk_era_was_because_of_mass_produced/)\nGreat read: [I'm addicted to breaking](https://www.reddit.com/r/footballcards/comments/1gwlprh/im_addicted_to_breaking_ama/)\n\nGood luck and have fun ripping. Thanks again for joining and participating in the sub.\n\n*I am a bot, and this action was performed automatically. Please [contact the moderators of this subreddit](/message/compose/?to=/r/footballcards) if you have any questions or concerns.*"", 'You better post a pic when you get it .', 'GameStop unfortunately only sends to PSA for card grading. Like you said- you’ll have to have your LCS send it or send it in yourself to PSA/DNA for auto authentication.   \nI’m going through the same myself- dropped off 5 cards for grading there and I asked specifically about autos. Would’ve been so mad to have wasted 3 months', 'Another reminder that LCSs have been providing this service well before GameStop and idk about you but I trust a shop owner who I have visited dozens of times along w my kids than some GameStop employee to handle these correctly', 'Once it’s finished grading it posts the grades on the GameStop app? My cards are currently in assembly and I’ve been itching to see what I got', 'How long did it take? Im a month into gamestop grading and mine still shows shipped to psa LOL', 'So psa increases the fee with a 10?', 'Nice!!! That’s awesome!! Worth the wait it looks like', '[deleted]', 'I just love how PSA up-charges you for doing their job on a card YOU had to invest in. Such a sham.', 'I will definitely do that!', 'Yeah I didn’t know any my LCS was moving buildings so they weren’t doing the service until they move and the next shop is 40 mins away', 'My LCS was moving to another spot and wasn’t doing the service with the move', 'Some people don’t have LCSs.', 'And also your LCS shops likely have much more to send in bulk and likely get better prices. Mine is around $18 bucks and closer to $40 if it comes to a 10.', 'Same but at same time want to wait. Especially if it’s less than what you were expecting, then it’s even tougher to wait for them to show up.', 'I feel that I was beyond waiting and happy with the result', '4-5 months', 'I just got back 12 cards I sent off on May 8th today through GameStop', 'Yeah. Its BS but they are the only ones who do this because of ""perceived value"" being a PSA 10 holds.', 'Yes it sucks but it’s because they’re name holds value', 'Yes it was I was hoping it was the cal Ripken rookie with auto but I’ll take whatever hahah', 'Maybe another 3 weeks honestly', 'Ohh 100% totally agree with you big slap in your face just because your card is worth something', 'I believe in this but it notified me a card was above $500 dollars', 'Not bad so roughly 2 months.', 'No other grader does this. Ever.', ""Yea that's some BS.  The service they provided was the same"", 'Nice! That’s still a sick card!!\n\nI sent in like 12 cards through GameStop earlier this year. Didn’t get a 10 but got some 9s and 8s. 2 of my cards got rejected though. So I might send them in to another grading company. Any thought on which one? They are old cards and description is in the picture below.\n\nhttps://preview.redd.it/6bbsybj9m5bf1.jpeg?width=846&format=pjpg&auto=webp&s=fde00ddd88ecd9dda2667b23b88a6b28e06262ef', 'Yeah. You don’t see them refunding you because you lost your ass on a PSA 8 lol. It’s just a wild concept that they are allowed to do that.', 'I 100% agree with this', 'SGC I think would be the next if it’s been cut maybe send it in just to get it authenticated', 'Exactly!!!! Shit give me a discount for a lower grade haha  not charge me for a higher one', 'Okay! I’ll check them out and try it. Thanks!!', 'No worries I hope you get what you’re looking for though!', 'Me too! That Willie Smith card is worth $3,500 at a PSA 10 😏', 'Dude I sent in a Wayne Gretzky rookie a magic,bird,erving rookie as well hoping those hit 10s', 'https://preview.redd.it/mr5wg6bxr5bf1.jpeg?width=1290&format=pjpg&auto=webp&s=ef45a2f5965a81a763e26618c1c486671280186e', 'You got a Jim Brown card??', 'Yeah it looked really clean too I’m hoping a 10']",0.0,0.6186,0.2463425
1lsft5w,GameStop B2G1,328,https://i.redd.it/iq721w6qg3bf1.jpeg,1751738095.0,Feeling really lucky getting all three of these in their original cases from ordering these off GameStop online!! None of the GameStops near me had Xenoblade 2 so figured I’d roll the dice online. ,"['""Reminder for everyone: Be respectful of others and their opinions. Personal attacks, harassment, or toxic behavior will not be tolerated and may result in a ban.""\n\n*I am a bot, and this action was performed automatically. Please [contact the moderators of this subreddit](/message/compose/?to=/r/NSCollectors) if you have any questions or concerns.*', 'This is pretty epic. You’ll be booked for months with these lol hopefully they all get patches for S2 too.\xa0', 'Nice, enjoy, might want to pick up X definitive edition before the price increases', 'Damn nice find. If you take the inserts out, a bit of goo gone and a paper towel will clean those stickers off nicely. Just make sure to let it dry a bit before putting the inserts back in. Are all of these NA cases as well?', 'That’s awesome! Solid pick ups and I absolutely love the trilogy.', ""I'm halfway through the first game for the first time, and it's fantastic. I'm excited to get to the next games."", 'Get torna the golden country to play after 2 as well', 'Where do I find the B2G1 free? I’m on the site but not seeing it', 'Good stuff there.', 'Now this is the post to see to surprise us all from a GameStop online order. Congrats. Great haul.', ""You're in for a real treat. The Xenoblade series is wonderful."", 'I got 2 and X...neither had the box. Pretty disappointed and thinking I should just return them. Did you happen to get an email saying you got Xenoblade 2 as a download also? That happened to me, and I did, in fact, get the full game download and the physical copy.', 'Nice… I made a hell of a killing my self.', 'Nice score', 'Well played.', ""How is the game series? I haven't played them myself, but it's on my watch list!"", 'I got these but all in generic cases, you won the lottery my friend!', 'Wanted to scoop them but 1. Im broke and 2 no GameStop near me has them', 'Months? Years', 'With DK Banaza around the corner, almost debating on waiting until I finish that to start XC1 in hopes of a Switch 2 patch. These games have been on my radar for years and this felt like the right time to finally jump in.', 'I want these switch 2 patches so bad for these games.  Hope Nintendo and monolith are working on it', 'It’s still in stores, so it will be a while.', 'Price increase?', 'At some point I’ll definitely pick up X and Torna. Speaking of price increases, Torna is a bit steep looking at EBay/ Mercari but I’ll probably pull the trigger once I beat XC2!', 'Great call out on how to clean the old GameStop stickers off. Just checked and XC1 and 3 are NA. XC2 is UAE. Maybe at some point if I can find an NA case for XC2 I’ll snag it but I don’t mind the UAE cases too much. Better than the generic GameStop cases I’ve unfortunately seen others get during this sale.', 'Yes this is the plan! Torna’s price on EBay can be a bit all over the place but once I get through XC1 and 2 I’ll look to pick up Torna.', 'If you search for a game on the website, it’ll show if the game is eligible for B2G1. Are you in the USA? Think I saw online that this sale may only be for those in the USA', 'Appreciate it! Grateful and excited to finally get to these games. I’ve heard nothing but great stuff for years so excited to get into them', 'Yes I did! I actually called GameStop support when I got the email as I assumed they were maybe out of stock for XC2 physical and instead just gave me a download code. I haven’t used the code yet as I wanted to make sure I didn’t get charged twice before the game came in.', 'Hell yeah! What all did you pick up?!', 'Yeah I’m in the same boat right now. Feels weird starting anything too substantial knowing that DK is nearly here.\xa0', 'I feel confident they must be. It would be such a big help for frame rate and even more so resolution.\xa0', 'I see it a lot with rpgs', 'Torna is in stock at PNP: https://pnpgamesonline.com/product/xenoblade-chronicles-2-torna-the-golden-country-t/', 'Nice. My XC1 and 2 are Middle East but 2 Torna, 3, and X are NA. I don’t care to find new cases lol. Happy that “what’s mine is mine.”', 'Yeah I found it, had to use the desktop site instead of the app', 'I picked up oddworld collection, Final Fantasy zodiac, rune factory 5, dead cells return, death end request, fire emblem three hopes, fire emblem three houses, Pokémon platinum, white, soul silver & lastly rune factory a fantasy harvest moon one and two for the DS. I just posted my full haul. I left out a few more. Got tired of naming. lol. I still need to pick up your haul though.. 👍', 'Same that’s why I’m playing Mario wonder right now on the buy 2 get one I got Kirby and Xenoblade 3 has well I will get the update Kirby after bananaza then after that X']",0.0,0.7563,0.2794394736842105
1lshi8d,GameStop False advertising,0,https://i.redd.it/xiy9y3tvt3bf1.jpeg,1751742519.0,"I went to GameStop today, and I don’t have a Pro Membership, which was fine because I didn’t mind paying the $29.99. But when it was my turn, they told me I needed to be a Pro Member to buy it. I showed them the ad that said it was $28.49 for Pro Members and $29.99 for regular customers.

The worker said he didn’t know and was just doing what his boss told him. I went to another GameStop nearby, and they said the same thing.

Am I missing something? Who is the $29.99 price for?","[""It's for pros only. Happened to me too. Basically managers are doing this to boost pro membership numbers ( what corporate cares about) and at the very least they can also restrict purchases to 1 per account via pro"", 'They only started requiring the pro membership when scalper season for pokemon TCG started. Simple as that, I never needed it before and one day the lady who works there said it’s because of scalpers', ""Complain to corporate.  I don't think it's official GameStop policy but if it is, they'll change it with enough complaints."", ""I won't be surprise if we see more of this. Walmart began paywalling their pokemon preorders behind their wm+ membership. Giving members a 3 hours headstart to preorder"", 'Already confirmed GameStop won’t be in business for much longer', 'We should do a stock spike on GameStop like that one guy did and all just make a bunch of money off these losers at GameStop', 'I went this morning. It wasn’t required for purchase. I think that gamestop just wanted to\npush Pro memberships. Oof', ""this isn't official Gamestop policy. Probably just the managers there trying to get more membership sign ups.   \nMy gf went to our local Gamstop and the limit was one of each per person, no membership required.   \nPeople have complained to corporate about things like this while in the store and the store has been forced to sell as they should. Not saying I would do that, but it has happened in the past."", 'From all of the information i have gotten from my local GS employees, they are told flat out by their DM that NO Pro Membership is required to buy pokemon cards…. But there are select stores that dont follow the corporate policy and take advantage of the pokemon hype to pad there pro numbers…. Do send a complaint to corporate and if you can get it the DM directly… call them out in store as well… its only gonna get worse until the DM level actually does something about it or they write it on the paper that they print out to post on the door…', ""I'm not a pro member but I was able to buy a tin yesterday I didn't buy the 151 box because I've never had any luck with it but I'm almost certain I would have been able to. I just didn't have the extra cash for five packs of 151. \n\nMaybe it's just certain stores in specific regions?"", ""So they're selling it for more than MSRP and requiring you to have a membership to even purchase it? That's wild."", ""But then why don't they put out the right advertisement on thier website stating pro membership only?"", ""But it's still false advertising? Who's the 29.99 for?"", ""Yea i already sent and email. I mean if they only want sell to pro members then its fine but don't put out that fake ad misleading people and wasting thier time."", 'Yea who knows. Target might be next. 😅', 'They bought Bitcoin so sadly they’re fine', 'Yeah that 9.7 billion they sitting on and no debt.  Holding 80+% of the current value of their company in cash on hand  with a large Bitcoin investment as well.   Yeah their cooked 😂🏴\u200d☠️', 'Yea I get what they are trying to do. But there is a better way of doing it then being sneaky and change it up when you get there. Oh well', ""Cause I don't think this is an official policy, just something scummy that various stores are doing. I didn't need pro to buy prismatic a few weeks ago and those were much more scapable compared to a alakazam box width$50"", 'It’s for customers who don’t have a pro membership but they stopped that, and yeah I agree it’s false advertising but if you shopped at GameStop before that happened you didn’t need it', 'I don’t think there is a better way of doing it. Simply just sell to your customers, if they don’t have pro or want pro then so be it. \nI saw that Best Buy tried pulling the same thing during the Switch 2 launch day. People were waiting in line for hours, only to then be told that their members would be getting priority in a separate line.', 'They raise their prices and put out fake advertisement to get you in. GameStop is really getting desperate to stay in business I see.', 'Well yeah! They’ve only shut down thousands of stores and are just leeching on to survive maybe another year or two', 'Yea that is true. Oh well. 🤷🏽\u200d♂️']",0.0,-0.4137,0.053029166666666676
1lshr21,Papa Meat's GameStop hot take.,0,https://youtu.be/5YvQ5WT7QY8?si=prvEQaxDIJuiF87I,1751743166.0,"I guess public perception on GameStop still has a long way to climb before it can shake off the stink of the past. 🤷 I don't think this is a hit piece per say. He has made critical videos of other chains in the past. I'm actually a fan of meatcanyon, so this was a bummer to see get posted. 

","[""[Why GME?](https://www.reddit.com/r/Superstonk/comments/qig65g/welcome_rall_looking_to_catch_up_on_the_gme_saga/) || [What is DRS?](https://www.reddit.com/r/Superstonk/comments/ptvaka/when_you_wish_upon_a_star_a_complete_guide_to/) || Low karma apes [feed the bot here](https://www.reddit.com/r/GMEOrphans/comments/qlvour/welcome_to_gmeorphans_read_this_post/) || [Superstonk Discord](https://discord.gg/hZqWV2kQtq) || [Community Post: *Open Forum*](https://www.reddit.com/r/Superstonk/comments/1ipojer/open_forum/) || [Superstonk:Now with GIFs - Learn more](https://www.reddit.com/r/Superstonk/comments/1cr37r7/superstonk_gets_its_gif_on_get_hyped/)\n\n------------------------------------------------------------------------\n\nTo ensure your post doesn't get removed, please respond to this comment with how this post relates to GME the stock or Gamestop the company.\n\n------------------------------------------------------------------------\n\n\nPlease up- and downvote this comment to [help us determine if this post deserves a place on r/Superstonk!](https://www.reddit.com/r/Superstonk/wiki/index/rules/post_flairs/)"", ""Please don't kill the messenger, and down vote me because of the video. I didn't create the video, but because he had a large audience, I thought it relevant to share here."", 'I like Papa Meat for the most part. But this is just apart of the noise, don’t listen to it. I just continue to sit back and relax because I know what’s really going on.', ""I'm sure *checks notes* PAPA MEAT has been providing high quality content videos with unshakable ideas about... Meat... And now GameStop. He is valued and trusted by so many... Papa meat... Your online moniker shames us all... Let us WORSHIP THE MEAT. They must be a reliable source... One more time for the people in the back... PAPA MEAT knows all. 🙄\n\nGet this out of here. What is the point of you posting this? You think financial analysts are watching Papa meat? Who watches PAPA MEAT?  No intelligent person on the planet that values their sanity."", 'It’s what we need, everyone who posts some random video about GameStop posted here.\xa0', 'Who the fuck is Papa Meat', ""The general public just remember the memes and haven't really read the DD surrounding it. It was just 'oh that was a funny thing that happened!' and don't bother looking into it, especially when they're told not to."", 'Wonder if someone payed him off to make this video, wouldn’t be surprised. Who randomly makes a video shitting on a company?', 'hurr durr', 'Great another YouTube talking head. Marvellous.', 'Obviously I’m an investor, and on another recent post I shared that I’ve been spending nearly $10k a year at GameStop the past couple years (since they added PSA cards). Papa Meat is a valuable YouTuber with a valuable audience. He’s got some valid criticism in here. I think it’s good it’s posted here. GameStop / Ryan should take it in consideration.', 'It’s okay to hear other opinions.', 'He\'s 100% right. Gamestop as it was is a shit-hole. We\'ve spent 5 years now being told ""announcement soon, total company transformation"" etc etc.\n\n\nLike I don\'t give a single shit about Gamestop the mall store making money selling pre-used stuff they mark up a ton. I\'m here because of the DD about the shorts and the rumors of an announcement and the company changing to something new.\xa0\n\n\nSo again, when announcement?\xa0', 'well. Fuck me I guess', 'It seemed like a hit piece, Also a fan of him. It seems like he does not have an accurate idea of what trade in values look like these days. Cherry picked a lot for the stories.', 'Most of this old. The robberies, the employees quitting at the same time. Trade in values are much better. \n\nTotal 100% attempt at a hit job. Completely irrelevant though.', 'Fair. There is a real argument against GameStop, however, there was also a great argument why amazon (the garage book store) was also a terrible buy.', 'Potential customers watch this. His demographic is the sweet spot for potential customers. But thanks for your *checks notes* sarcasm...', ""And to answer your question. 2.99 million subscribers on YouTube watch his second channel, and his main has 8.4 million. That's why I thought it was relevant to share. This video will get more eyes than most media coverage."", 'He has a 3 million subscribed YouTube channel. I think arguably that makes his opinion piece more relevant than most media coverage.', 'No one of importance judging by that name and haircut.', 'The general public has no idea about anything that happened in 2021, only a few noticed the sneeze and only a small subset of those have taken a second look', ""Not that random for his content. He had made critical videos of Walmart, Goodwill, and many restaurants. It isn't completely out of left field for him."", 'Some of us do give a shit about the store. Have seen the huge changes in inventory and growth of collectibles. \n\n""Best thing you can do is hold on to the stock and do business with Gamestop. If everyone goes to their website and buys from them that is going to help the company which will help the stock which will help everyone here."" - Mark Cuban', 'Exactly. Doesnt mention the amazing trade in deals gamestop had on PS5, XBOX and Nintendo switch, to the point where individuals were buying Switches off ebay and other gaming stores to sell to Gamestop.', ""And now you should have a CLEAR picture of how much of this world is INSANE. \n\nThis guy's a nobody, spitting some egoic, uneducated opinion of his, so the OPINIONLESS can hold on to his and pretend it's their own.\n\nYou know the dangers of this. Look at America's political system right now. \n\nDon't feed this guy anything. And it don't matter who follows him because none of them have direction."", 'I think the zero upvotes on your post indicates it means Jack shit around here.\xa0', 'Pretty much. I mean, people used to think Bitcoin was a joke too. Hell, a lot of people still do.']",0.0,-0.7184,0.16538214285714287
1lshty7,Still using my Gamestop CC responsibly. Building credit and a personal library of games. I can't wait to hit 1k Shares of GME in august.,449,https://i.redd.it/rlopuhnfw3bf1.jpeg,1751743380.0,"Physical media gets me hard. Thanks gamestop. I guess I still need to hit.. let me see. My post body must contain at least 250 characters. I've gotta be getting close now. at least how close to the edge gamestop gets me with all these sick ass deals. Bam, now I am full of 250 characters. Full fucking send.","[""[Why GME?](https://www.reddit.com/r/Superstonk/comments/qig65g/welcome_rall_looking_to_catch_up_on_the_gme_saga/) || [What is DRS?](https://www.reddit.com/r/Superstonk/comments/ptvaka/when_you_wish_upon_a_star_a_complete_guide_to/) || Low karma apes [feed the bot here](https://www.reddit.com/r/GMEOrphans/comments/qlvour/welcome_to_gmeorphans_read_this_post/) || [Superstonk Discord](https://discord.gg/hZqWV2kQtq) || [Community Post: *Open Forum*](https://www.reddit.com/r/Superstonk/comments/1ipojer/open_forum/) || [Superstonk:Now with GIFs - Learn more](https://www.reddit.com/r/Superstonk/comments/1cr37r7/superstonk_gets_its_gif_on_get_hyped/)\n\n------------------------------------------------------------------------\n\nTo ensure your post doesn't get removed, please respond to this comment with how this post relates to GME the stock or Gamestop the company.\n\n------------------------------------------------------------------------\n\n\nPlease up- and downvote this comment to [help us determine if this post deserves a place on r/Superstonk!](https://www.reddit.com/r/Superstonk/wiki/index/rules/post_flairs/)"", '[deleted]', 'I recently hit 2k shares on my side. Once you hit that first 1k, the next goal is 2k. lol. Enjoy the games.', 'Smart', 'I tried to share mine as well, but automod removed it and they refused to reinstate it :(\n\n\nI also spent $111.28 on Warioware: Move It, Tactics Ogre, and Stellar Blade.\n\n\nIm doing my part!', 'Yeah ok', 'No, using a credit card responsibly is living below your means while still reaching your financial goals. By your misguided definition, anybody who uses their credit card for a ""want"" is being irresponsible.\n\nSelf-made multimillionaire who charges $50 to his credit card for a video game? Irresponsible! Stone that fool in the streets! 😂']",0.5859,-0.6486,0.29219999999999996
1lshvwg,GameStop Horror Stories,159,https://www.reddit.com/r/MeatCanyon/comments/1lshvwg/gamestop_horror_stories/,1751743528.0,"Let's hear your GameStop Horror stories. I'll start.

When I worked at EB Games (Canadian GameStop) we had one of our regulars walking around and he farted and shook his leg violently and left as fast as he could walk (he was horrifyingly obese.) I walked over, and he shook out a turd on the floor. We never saw him again. ","[""Never worked but used to go there occasionally.\n\nWalked inside one time, empty. No employee in sight, no customer. Wandered around for 10 minutes with several items in hand. \n\nAfter 10 more minutes, so 20 in total, employee comes in through the back door. He smelled so incredibly bad, I nearly puked trying to quickly buy my stuff. \n\nFrom the back, another employee comes out, a female, looking at me like I just walked into her house without permission.\n\nHaven't been back since. Pretty sure it'll close down sooner or later. Its always dead because employees take 1 hour long breaks since no one truly wants to work there. They juggle 2 employees and 1 manager every day."", 'Not a horror story at all but when I worked at GameStop in the Galleria in downtown Houston (maybe 18 years old?) Method Man walked in with a bunch of other dudes and he spent thousands of dollars on stuff. We were all too scared to go up to him but I knew I had to. So I walked up behind him and tugged on the back of his shirt like a scared little kid and he turned around and said “oh sup lil mama” and I asked for a pic with him. He was super sweet and took several with me.', 'Rats we had rats', 'i was a store leader 2 / assistant for my 5 year run. i\'m trans and the amount of times i got called a ""he she it tranny"" or any other mix of the words was absolutely unreal. so much theft that the people stealing (mostly tcg so magic and pokemon) would look me in the eyes and laugh while walking out. corporate literally pushing people to extremes having them lie about not having product so metrics weren\'t hit.\n\ni\'m femme presenting-- so the amount of times i had games ""explained to me"" bc i know nothing....i had kingdom hearts unwillingly mansplained to me so many times i want to jump off a cliff.\n\nbugs in systems was SO common you could smell it when they walked in.\n\nthey also still use the circle of life and it is so outdated and god awful. gamestop is moving mostly to trading card and psa slop bc it is the first time in years they had a profiting quarter.\n\noh also we had someone drop a sex toy in my store and an old woman kept running it over with her scooter. i was freaking out and picked it up and threw it in the trash.\n\ni have so much more i need a novel. do not ever work here.\n\nhttps://preview.redd.it/n3e1buone4bf1.jpeg?width=1290&format=pjpg&auto=webp&s=85eb569b29fb5518096f588a117a7b5be734ac49', ""Never worked for a game stop but frequented one of the 2 in my area and made friends with the manager and even when I was a fresh out of school kid looking for a job he basically told me he'd hire me but warned me about all the shit and that he dose his best to sort of protect the workers from the brunt of it all. That one was closed because it was considered less viable than the one in the dying indoor mall a few miles away went in to that one and got to hear a guy excessively hitting on his co worker who wanted none of it and I never went back"", 'I worked at GameStop for 2 hours. Mostly getting the tour and being told what my day to day would be. Never got a schedule, and while I was at a music festival one Saturday, I got a call from the manager asking why I wasn’t at work. I quit over the phone, telling him I’m not going to make it in, and they might as well look for anyone else to take my shifts. The sad thing is, I was actually excited to work there(at the time (2015))', 'I watched a homeless man take a shit in the garbage can inside of a GameStop store. The employees where all in the backroom. I never went to that store again.', 'Not a horror story but I was at one a few weeks ago and there was an older man with a slight southern twang trying to explain how “that damn Elden Ring game was too hard” to the extremely timid teenage cashier and it has lived rent free in my head since.', 'Oh shit another thing I remembered. I was doing a shift at a different GameStop location than my usual one and I went into the back alley to take the trash out. I saw feet sticking out from behind the dumpster and found a teenage boy shoved behind it covered in vomit and unconscious. I screamed for my boss and he called the paramedics. He kinda came to by the time the paramedics came and told us he got fucked up with his buddies the night before and they abandoned him there. I felt horrible for him. Anyway I hope he’s doing better nowadays and has better friends.', 'Oh my god the same thing happened to me! This teen was shopping and smelled like shit but I didn’t think twice about it because so many shoppers smelled like shit. After they left I went to favreeze the store and found a little shit nugget on the floor, then another, then another. I went back and watched the DVR security and this sick motherfucker kept shaking little nuggets of shit out his pant leg every so often. \n\nAlso one time a real filthy looking family traded in a PS3 and when I started cleaning it after they left a buncha bed bugs swarmed out of the vents like that scarab scene in the mummy.', ""I don't have any horror stories fortunately, my GameStop has 3 really chill people that work there and it's a great environment. They talk about games they are trying out and ask what new games or systems I'm playing"", 'I commented on the YT vid about my old boss and I getting threatened with deportation, but here\'s some more weird GameStop tales from 2012-2014.\n\nHad a regular dude named Randolf. Came in and to sell obvious RedBox stolen games. All the same AAA game titles every other day. Made of a lot sexual comments to me, and it got so bad that if I was working by myself, I would lock the door and leave a note in the window until he left. He eventually got arrested for the RedBox theft.\n\nThere was a shoe store next door that opened up like a year after I started there. It was definitely a front of some kind. A work van pulled up one afternoon, and bunch dudes in hoodies and guns burst out the back and ran into the shoe store. I called the cops after locking the door, and the shoe store owner somehow got out, and I let him in to wait for the cops. He said that they had his wife as a hostage. Not sure how that all ended as guys with guns left before the cops showed up.\n\nMy boss was definitely trying to get with a sales associate at a different location. He quickly back peddled after finding out she had a certain forever disease from sleeping with a different guy at another store. Not slut shaming, she was definitely hot but had a weird obsession with PewDiePie. \n\nThe assistant manager was one of the longest working GameStop employees. Also one of the highest paid. The GM had it out for him. The guy actually got a job working for Nintendo and promptly gave the GM a middle finger on his way out.\n\nI was the person that called people to remind them that their pre-orders were going to be available like a week before the games released. I am a woman with a very feminine voice. I\'ve listened to a lot of dudes get screamed at over the phone because their girlfriends thought I was a side chick until I explained why I was calling. To all the dudes that I\'ve called, I am so sorry.\n\nTook out the trash one day and found a crackpipe and a mattress near the back door. My boss broke the crack pipe and left a note saying, ""Your friendly neighborhood Spiderman says that crack is whack"".\n\nHad a customer get mad at me after asking if there were any zombie games. I listed a few, and apparently, none of them were the one he was looking for. He left me a bad review over it. I still don\'t understand.\n\nI\'ll add more when I remember them.', 'Not exactly GameStop, but I worked for ThinkGeek in college in Buffalo and I tried selling light saber replicas to Powerman 5000', 'Ooh boy. I worked at the Australian version, EB Games, for three years as a key holder/unofficial assistant manager, and eventually got fired in May this year. I actually loved it there up until about this time last year when the paid memberships were introduced. Earlier this year, I think the state of the company became a lot clearer to the higher-ups, so they implemented really stringent KPIs involving the paid signups, add-ons and damage protection: if we didn’t hit the numbers, you aren’t needed, goodbye. No extra training or anything. My area seemed particularly badly hit by this, and it doesn’t seem like it’s going to end well :/\n\nThey’ve also started paywalling trading card preorders, meaning you can’t make preorders on the website if you aren’t a paid member. Having the membership isn’t even a guarantee that you’ll be able to preorder anything: you’re paying for the chance, not the certainty. And the damn membership isn’t exactly cheap, either. Allegedly, too, EB wanted to paywall Switch 2 preorders, but Nintendo came down hard and threatened to pull their games and consoles from stores if they did. Allegedly, of course.\n\nAlso the standard weirdos (much braver on the phone than in person), disgusting roach-filled consoles, morons with their Pokémon cards, thieves who don’t even try to hide, some of the most heinously out of touch upper management who are going to sink EB Games into the ground,  and so much more that I think it could fill a memoir.\n\n(I was fired because they found my old reddit where I talked about all this)', 'They are selling ¢.05 holos for $1', 'I took a game to GameStop in like 2006 or 7 maybe, (Nightmare Before Xmas for Xbox, specifically). They pulled it up on their computer and said they could give me -0.12….I would have to give them twelve cents.', ""I worked briefly at Zing, which is EB Game's ~~junk~~ pop culture merch store and on my first day I got yapped at by this autistic man who apparently came in all the time, don't remember much apart from how he was upset that his favourite employee left and his mother called to reverse it ig. Also he really liked sonic and showed me photos of his collection.\n\nAlso, an employee got transferred to our store after some kind of incident at his actual store, the manager was very serious about how we could not ask why and that we had to stop the employee from telling us. I'm gonna be real, my mind went to some kind of sexual harassment idk why.\n\nMuch later on I went to buy something and the guy in front of me in line stunk like shit so much I had to stand so far back and cover my mouth.\n\nI've never met a former EB Games/Zing employee who had a good time working there. Everyone either got swamped with KPIs, harassment and lack of management support.\n\n[This Greens Party MP has been doing a tiktok serious on bad businesses and has a video on EB Games](https://www.tiktok.com/@aivgoesgreen/video/7512357629931359496)"", 'I tried pre ordering GTA 5 in 2013 and had the RUDEST employee check me out. After I handed her my ID she threw it back at me and was upset that I had $5 in quarters (20 coins) to pay for the preorder, already divided up mind you. And when I went back to pick it up, I had the same employee check me out, but she was significantly (fake) nicer than last time since the manager was standing right behind her.', 'I don’t reckon this counts but I think it’s funny, it’s one of the only stores still open in our local rapidly dying mall. I don’t know how. Nobody is ever in there.', 'One time my family and I went on vacation. Someone had broken into our house and stolen just my brothers PS3 and all his games controllers. We were 5 mins from a GameStop. So I think might as well ask if they got a PS3 in last week or so. Sure enough they did. I asked about its condition and asked if my brother smoked said yet and they showed me the haul and sure enough the asshole just sold it all the GameStop. Then took months to get it all back from them and the cops.', 'Back in 2022,I had a guy threaten to strangle me for charging too much for God Of War Ragnorok because he kept insisting that “it was cheaper everywhere but here” \n\nTurns out he was talking about the 2018 game, but I didn’t know that because he only called it “The new god of war with the kid in it”', 'Here’s the comment I left on the video: I was often scheduled alone to open with no help until 3-4 hours into my shift. I would frequently have to shit in the morning (as one does) and have to leave the floor uncovered in our mall store while I rocketed out my duce as fast as possible. The Area manager would send out threatening emails demanding scores and goals for the day, and follow up with ""IT IS NOW 30 MINUTES SINCE MY LAST MESSAGE. YOU MUST NOW RESPOND WITH WHAT YOU WERE DOING THAT MADE YOU NOT ANSWER ME."" I was taking a shit, Jesse.', 'Not my story but my friend\'s. She (uh oh) went into GameStop to find some FPS game I think, bought the game, was wearing a Spiderman shirt (she got that tism). The cashier (who so happens to be the manager too) was talky talky w her and all ""wow woman knows about spiderman AND video game not for her boyfriend?"" essentially. shes akward with telling people no and ended up giving her number and PS gamer tag to him. he wuld text her or message her anytime she was online so they could game together and doesnt get the hint, essentially.\n\nour gamestop closed down and got replaced w a vape shop. sometimes i wonder where he is now', 'This is actually a nice moment. I went in looking for the original fable on Xbox in like 2015 and the dude at the counter was like nah man, we don\'t carry any og xbox games but I\'ll check the back just in case! He comes out with fable in hand. ""This was the last xobx game in the back man! What are the odds!"" It made my day.', 'a customer handed me a 3DS game to trade in and the case was absolutely SMOTHERED in peanut butter.', 'roaches in consoles, the circle of Life was awful in hindsight, we were all female so lots of creeps, sexually harassed by my female boss and a male coworker, two coworkers got robbed at gunpoi, casual racists assuming our black customers were ghetto or poorly behaved (no more than anyone else), one thing I didn\'t see in the video was how people would often use us a weird bank substitute? like they\'d buy a game, return it before a week, demand the same copy back. or they\'d preorder something then move the preorder money around or ask for a refund on it so we\'d give them the money back at a later date. we did also lie and were given marketing to better lie bout games that were coming up that had nothing known about them yet. \n\n  \na big one: GameStop at that time (2010s) found that HALF their customers did not know they could turn in games. this was insane because the walls, the shelves, the TV, everywhere was flooded with ""you can trade in your games!!"" I fully felt like people were idiots upon hearing that.', 'Gave me 6 dollars for my copies of super smash bros 4 and Mario maker', 'This is less a horror story and more like thr day I unlocked a super power. I\'m a nerd, I grew up around nerds, I can handle a little socially inept cringe. This day was different. The chick working the gamestop was just going on and on about how sick she was at a shooter blah blah blah. She was going on FOREVER. If there\'s one thing that drives me nuts it\'s unhinged bragging that\'s more than likely not even true. I looked her in the eyes, apologized and said ""hey sorry to cut you off. I am so fucking hungover right now, I need to get outa here"". I threw in a very subtle dry heave. That shut her up immediately, never been cashed out so fast. I highly reccomend that move to everybody. Someone asking you to sign up for staples rewards or whatever? ""look dude I\'m super hungover I need to get outa here"". People are going to think you\'re a degenerate but nobody ever questions it.\xa0', 'I was store manager for two years. When TLOZ Tears of the Kingdom came out, Nintendo only sent us 21 Amiibos for the day. It was limit one per household.\n\n  \nThis fucking baby ass grown man, second in line, demands two. Argues with my cashier for 20 minutes, screaming. Eventually, I caved in and sold him two because he was holding a line of over 300.\n\nNot only did his WIFE come in the next day to scream at me in the store, they both came after my job for MONTHS! They got over $1000 of free shit (Switches, games, all the works) and I HAD TO REDO MY CUSTOMER SERVICE TRAINING.\n\n  \nI quit 5 months later.', 'I\'m a woman and sometimes I pop into GameStop to see if I can\'t get anything for cheaper than digital downloads. I remember when I was buying Mortal Kombat 10 or 11 this dude at the counter kept asking me if it was for my brother or boyfriend and I legit had to tell him like 6 times ""Hey dude it\'s for me. It\'s not a gift for anyone.""\n\n The dude kept hitting me with lines like ""I\'m sure your brother will love this, the series is great."" But as a woman I have never heard of Mortal Kombat before unlike this pro gamer 💀', 'They were doing sex stuff\xa0', ""That's amazing! Did the fear of meeting him come through in the picture? I feel like I would still have a face of wow"", 'Thank you for providing a nice story as a counterbalance to some of these other experiences.  What a nice memory!', 'you mean to say that.. Mr. Method Man graced your camera’s lenses????', 'I worked in Orange, CA and Albert Puljos came in once and dropped a bunch of money and I didn’t know who he was so he just kept kinda trying to get me to recognize him.', 'That is awesome this one’s my favorite <3', 'Duuude - the amount of consoles that smelled like cigarettes and cat piss was unreal.', 'The fired you because they found you talking about working at GameStop on Reddit?  Were you under an NDA or something ?', ""Not really a horror story, but it's just memorable shshshs 💀"", 'I try so hard not to picture that', 'I’d have to find the picture but no haha I have a huge smile on my face. You can tell I was super excited. I was also the only employee that got pictures with him nobody else wanted to ask him for one.', 'He did!! He was really cool.', 'I’ll be honest I had to google who that was and im still not sure. I’m not familiar with basketball players.', 'Not GameStop, but my wife was a florist at Whole Foods and Jeff Gordon got mad at her for not knowing who he was. Almost irrationally mad at her.', 'I was on the retail hell subreddit complaining, but was definitely not divulging anything confidential lol', 'Haha I should have said that. “Sorry, I don’t watch Football”']",-0.5719,-0.9274,0.029034782608695655
1lskf8z,GameStop 151 Alakazam Pulls,281,https://www.reddit.com/gallery/1lskf8z,1751750374.0,🚨 Red alert!! Call your local GameStop! 🚨,"['I’ve got two copies of that Caterpie and I’ve never noticed that you’re looking through an eaten leaf, with another Caterpie peering through.', 'I got two of these boxes today, hoping for that Mew Ex and Caterpie 🙏', 'Love the gasly/haunter/gengar  cards from this set', 'Ellz yeah. I ended up pulling the Venusaur and a Nidoking SIR.', 'Decided to open and got a zapdos sir.  Kinda surprised cause I generally have bad luck with sirs.', 'I seem to be the only person who got absolutely nothing from that box lol how it goes tho! I am just grateful I got one', 'Dammit, I was totally content not having this card till I saw this post and you talked about the details. Now I have to have it.', 'Got one on my first opening before I knew what the “cool” cards were after years kf not opening packs and it’s still one of my favorites. Had to buy it in JP as well for display since I keep everything in my binder.', 'Lol attack is literally leaf munch', ""There's 4 in total"", 'I went in to get one hours after open and they had a few. The guy refused to sell to me unless I paid $25 bucks for the pro membership. He told me it was required to purchase. Do you know if this is true? I thought it was bs but don’t know since this is my first time buying there.', 'I’ve been thinking about starting a Komiya binder. Very distinct artist and he’s been at it since neo genesis!', 'seems like there are guaranteed hits in this box.  opened 3 of 4 and got hyper rare mew/energy and the zard sir.  Buddy got 2 ultra rares and 1 IR from a single box and another friend got Venusaur sir.', 'Nope.\n\nAfter I bought mine, I created a FREE account for my wife, gave her one of my credit cards and she went in to buy some more for me.\n\nThey didn’t tell her she had to buy a pro membership. You need a GameStop account since they have a purchase limit of 1 per item but you don’t need a paid membership.\n\nAlthough I will say, the store manager at my local GameStop is the only one who knows what she’s doing. She’s great. The rest of the employees are young and dont really understand what’s going on it seems like. Either you got an employee who lied to try and boost their numbers, or they genuinely may not have known the policy.', ""I've been thinking about it too. I just picked up the Brute Bonnet and Galarian Slowking V that he designed."", 'Stop spreading misinformation. There is no garenteed hits', 'You got lucky, I opened some today and didn’t even get a single EX lol', 'Yeah, the whole situation was kind of weird.', '151 in general can have some juiced batches. Blooming waters seemed to have some elevated rates for SiR’s so it wouldn’t be out of the equation. Not guaranteed obviously, but juiced.. maybe.']",0.0,0.4724,0.23823684210526314
1lskop2,GameStop edition chromatic for sale,46,https://www.reddit.com/gallery/1lskop2,1751751092.0,"Hello everyone I’m looking to sell my GameStop chromatic at this time, everything works & there’s no cosmetic flaws as this was kept in a Waterfield pouch when not in use. I’m asking $150 it’ll come CIB with Tetris & I can include matching Koss Porta pro headphones for $25 if interested. Thanks for looking & have a nice evening ✌️","['Vouch! Good trustworthy seller, was a pleasure doing business with 🤝🏻', '[deleted]', 'Dope brother', 'I would show the back of the cartridge slot. That tends to have scratches.', 'Is this sold?', 'Hey y’all I sold all for my asking price over on r/hardwareswap. Thanks again for looking', 'Appreciate that man 🤝', 'Why though? There’s posts of varied content', 'Thanks man 👊', 'Every handheld on the planet that takes physical cartridges will have wear from games - if someone interested wants to see I’ll show them as it’s still minimal on mine but you don’t see people showing the cartridge slot of a gameboy when it’s sold…', 'Hey man, about an hour before ya someone messaged me over on hardwareswap wanting everything at my asking price. Hope ya find one 👍', 'When I sell something I show picture of every side and angle. Why hide something?', 'I’m not hiding anything, quit dumping on my post dude.', ""Just super strange. Why don't be straightforward from the get go?"", 'It’s not dumping, it’s autism and feels black and white to the other guy. I don’t know this person, but I’m mildly autistic, and this is a familiar conversation flow. He is technically accurate, and most socially adept people would let it go, but autistic people have larger centers in their brain for justice and sometimes empathy.  Because he is accurate and your rebuttals were casual (which is appropriate for this forum), it entrenched him in the idea that you didn’t meet the appropriate social expectations of taking extra photos to ensure transparency and fairness (again justice-focused, plus autistic people can feel like it’s unfair when other people don’t pay as much attention to social cues as we do).\n\nI say all this because as an autistic person, I find that I’m often misunderstood in social interactions, and I wish someone would step up and help me feel seen or understood. Again, I don’t know if this person is autistic,  but I definitely would not be surprised if they are on the same spectrum as I.', 'I’m really not concerned with how strange it is to you? I said I’d show anyone that’s interested in buying it that it’s not a point to get hung up on. Reread my original reply I answered you why I didn’t take a picture of it', 'Real recognize real 💀', ""So because it's, in your opinion, normal to have scuffs it is not important to list it when you want to sell it? I have 2 chromatic and 7 Pockets and none has scuffs anywhere. I am just calling you out and by the defensive standpoint you take it only makes it suspect."", 'There is countless handhelds listed on different subs where people don’t photograph the cartridge slot, I don’t see you berating their posts? It’s impossible for a cart slot to not show wear it’s two surfaces rubbing against one another. I’ve not once had issues selling items I take care of and your suspicion is purely based on your own hunch that it’s somehow bad just because I didn’t take a picture of it. I said I would for those actually interested in buying it, now stop trying to dictate the outcome of my post.', 'I am not dictating anything. You are pretty triggered by my simple assessment though. Odd.', 'You are a prime example of why subs setup to buy & sell don’t allow people dumping on someone’s post, especially when you aren’t even interested in buying. I have someone who bought from me literally vouching this thread like idk who pissed in your Cheerios this morning to come at me sideways because I don’t agree with how you think.']",0.0,0.7351,0.1990142857142857
1lskpro,A prediction based on historical Relative Strength Index patterns,2745,https://www.reddit.com/gallery/1lskpro,1751751177.0,,"[""[Why GME?](https://www.reddit.com/r/Superstonk/comments/qig65g/welcome_rall_looking_to_catch_up_on_the_gme_saga/) || [What is DRS?](https://www.reddit.com/r/Superstonk/comments/ptvaka/when_you_wish_upon_a_star_a_complete_guide_to/) || Low karma apes [feed the bot here](https://www.reddit.com/r/GMEOrphans/comments/qlvour/welcome_to_gmeorphans_read_this_post/) || [Superstonk Discord](https://discord.gg/hZqWV2kQtq) || [Community Post: *Open Forum*](https://www.reddit.com/r/Superstonk/comments/1ipojer/open_forum/) || [Superstonk:Now with GIFs - Learn more](https://www.reddit.com/r/Superstonk/comments/1cr37r7/superstonk_gets_its_gif_on_get_hyped/)\n\n------------------------------------------------------------------------\n\nTo ensure your post doesn't get removed, please respond to this comment with how this post relates to GME the stock or Gamestop the company.\n\n------------------------------------------------------------------------\n\n\nPlease up- and downvote this comment to [help us determine if this post deserves a place on r/Superstonk!](https://www.reddit.com/r/Superstonk/wiki/index/rules/post_flairs/)"", 'On a Saturday night?! You make me feel spoiled…', 'July? No no…Jul-stand accountable hedgies! How many prison cells are currently being made to hold these criminals of violence and theft accountable! I’d like to see that chart!!', ""July 41st, I'm with it!"", 'Do you have an update on your methodology 3 post', '![gif](giphy|3NjABnBOieYQE4BpkP|downsized)', 'Nice analysis, thanks Region! Will be watching and holding :)', 'I always like a Region Formal post. Hope this theory holds and saves my August calls.', '💪', 'Oooo I’m early to this post. Not wrong', '👍', 'I love injecting my brain with blue boxes! \n\nAlso wondering, can SHFs use this info to fuck us over?', 'Deep in the post-notes lulls....so good to see blue squares!', 'Soon', 'The big Question is, w hat happens after we rebound back? RC with new Offering? What will the Bond Buyer do?', '![gif](giphy|l0NwNrl4BtDD7JCx2)', 'U son of a btch. Im in\n\n![gif](giphy|iKBAAfYNDu1dowhnEj)', 'Well if that’s the case, we’re already 3 weeks in. Anywhere between 1-3 more weeks, and we’ll be in the zone… seen some TA from folks indicating one more possible dip before it re-rips; I hope they’re right!', 'Nothing finer than a blue box fix.', 'Nice work thanks for posting. Bullish', 'https://preview.redd.it/fb0chxhi25bf1.jpeg?width=1024&format=pjpg&auto=webp&s=8fbbe6de50dc757c7c8abdca1a49ef5dc6caa812\n\nexcuse my ai', '![gif](giphy|nU1c9k6n5p6UM)', 'I’ll allow it', 'An thoughts on when we might see upwards movement?  I have some $20 options expiring on 7/18 and 7/25', 'Love this shit...', '![gif](giphy|g0JP0HG6zF0o8)\n\nOooooh blue boxes this means something 🌶️ coming soon', 'It starts in less than 38 days. Here is my tracker I posted in May: [https://www.tradingview.com/chart/6470Nw5E/](https://www.tradingview.com/chart/6470Nw5E/)', 'Thanks for the research and the post, I appreciate the information.', 'Well, the last week of July into the first week of August are the 🐶 days of summer 🌞 after all...\n\nGreat post as usual RF 👍', 'I love these type of updates, for once I can go horizontally instead of vertically.', 'thank you', 'Hell yes blue boxes on the weekend', 'I wish I could read', ""The bond players will start shifting this lock on the price as it isn't profitable.\n\nOne thing to look out for is a double bottom which hasn't happened yet and either this bond offering has changed the cycles or something is coming like a market correction due to tariffs that may send it back to 21.55 and the rocket is clear for take off.\n\nAll speculative bit I think the game and chart has changed since early April bottom and past chart references prior to the offerings may become irrelevant to the players that are in this game daily and looking to make swing profits.\n\nWell done Region...legend..👊"", 'everyone is cooking right? Are we cooked?', 'Interesting. I love your analysis Regional!', '8/1 25c I bought last week gonna look real good', 'Come Monday we will already be **26 days** in after hitting 31 rsi…. 💥🚀🍻\n\nMedian is 28\nAverage is 35', '🚀🚀🚀🏴\u200d☠️🏴\u200d☠️🏴\u200d☠️🚀🚀🚀', 'Makes my Monday decision a whole lot easier', 'Here for it', 'Your magic charts and numbers confuse me, funny man. I just keep buying shares.', 'You should add a post showing what the RSI looked like directly after those prior periods.\n\nDid it climb back to 40 over 3 weeks like we are now?', '![gif](giphy|nQONUJrkGL3YOLy37x)', '![gif](giphy|JDH83wGKCt6Uw)', '💜', ""Betcha it'll be August just because you said July."", 'Awesome post RF', '♾️🏴\u200d☠️🤙', 'This is like the biggest blue arrow I’ve seen in a whale. Jacked to the TITS!!! 🚀', 'Region baby, gimme that hope!\n\nhttps://i.redd.it/kpwuntoaw6bf1.gif', 'All the science I need is *buy the dip* - which seems to hold true here, too.', 'This is interesting, but none of the other 12 times led to a serious squeeze. \n\nOr in other words, the hedgefucks have always found a way to ""one more day"" it, as Kenny would say. \n\nBut this does serve as a good reminder that even spiking 530% is still just trading sideways for GME. I guess I better hodl harder.', ""Shorts likely need the price low for rolling Swaps as per Newtons model. If you get others (bond players) to tank price to early and drive up utilization and short % - isn't the spring loaded at an unconvenient time for the traditional shorties? 🔥💥🍻"", ""But we're in the swap time of the year, what's that gonna look like ?"", 'We’re in a bear cycle by moving average cross until earnings (approximately). I think you’re obligated to address when your forecasting runs contrary to the most basic chart analysis. If you’re forecasting that this bear cycle will be truncated by this stand-out circumstance, cool, but you lay out a historical occurrence with extremely variable reproducibility and severity that conflicts with analysis with a near perfect track record, the MA cross flip from bull to bear cycles. Good forecasting is a balanced conversation.', 'Another day, another week, another month', ""depending on the speed of this my covered calls might get cooked.  \n\nI'm ok with that\n\nbut damn if this doesn't play into my swing trade thesis for the quarter."", 'That’s the good stuff 💆\u200d♂️', 'Gawd damn I love this apes post', 'This is why I keep adding', 'ah shit here we go again..', 'I dont hop on reddit much anymore. Came back for this. Thank you :)', ""July historically is one of the worst months, if not the... Tariffs are back next week supposedly too... We'll see..."", ""Cool, cool, cool. Soooo? What? Buy some short dated calls to make some money while waiting for some idiosyncratic event to save us? \n\nOr how about this? \nWe actually start DRSing OUR shares again, forget about cycles and charts and, get this thing going already.\n\nI'm so sick of waiting for a complete turnaround that would inevitably turn into more synthetics and no squeeze.\n\nI'm sick of waiting for DFV to save us with some brilliant options trade.\n\nThis community is just about done if superstonk can't get back on the DRS train.\n\nI'm dead f*cking serious.\n\nThis is reality not some negative take. It's been 84 f*cking years.\n\nAll aboard!!   🚂💜💜💜💜💜💜"", 'You need to add the short interest nearly tripled…….to like 80,000,000 at both instances and then add in the options chain that someone else posted.\n \nThere was around 180,000 out the money call options dates for the July 3 expiry and like another 180,000 on July 15… in other words they have had to hold it down this month to avoid nearly 40,000,000 shares in options and that likely accounts for the 30-80 day delay in major surges back to historical levels', ""At this point I'll take any hopium into my veins!"", 'So when this MF’er gonna rip?', '4-6 weeks curiously brackets both C35 and T15C14 deadlines and even has room for a T3 ETF extension', ""Yes Region! \n\n Love your posts, and I'm equally bullish based on my own technical analysis which uses a proprietary blend of crayons and hope.\n\nps.  Thanks for the post.  I always look forward to your stuff."", 'You son of a respectable woman. I shall go all in', ""I love you region, but if you're predicting that we will run to about 35 bucks before earnings and then crash back down to 22, then you don't really need to use any kind of particular method to predict that."", 'I continue to hold and hope', '7/41 never FTD’s', 'Yes. Will make a separate post about that.', 'Me too. I have 90 August contracts and 10 October contracts.', '3 x oct $30 but IV was high AF.\n\nLooking to unload them and try again another day. Wish me luck.', 'Buy more exquisite bonds so we can have more cash- obviously', '![gif](giphy|sqs49CJfeXwrPQagd9|downsized)', 'Imma be honest with you.  The markets are random and TA like this is very difficult.  Short term options are really risky but its awesome you have some ITM.  Maybe take some risk off by taking profit on a % of your position and let the rest ride as long as you feel comfortable.', 'What happens when the market tanks next week due to renewed tariff fears, big beautiful bill backlash, Russia attacking Ukraine, Israel attacking Iran, decreased chances of a September rate cut.. \n\nDoes your tracker take any of that into account?', 'Any comments on the ban bet you did with a fractal moon date before 12/20/2024?', 'You’re tracking it to $373 in August?', '400k+ FTDs due this next week. Even more the week of the 17th. Might be time to go back up a bit.', 'My 25C for August are listening', 'Tariffs supposedly coming in on Wednesday, though...', 'Depends what you count as a serious squeeze. To me a 60% move is a serious squeeze, an incredible trading opportunity to make a huge chunk of money.', ""Can always buy some back.depending on when you sold them, you'd still be up from the IV crush the past 2 weeks."", 'Looking at the same post you can see that there isn’t nearly as many contracts later in the year other than Jan yearlys', 'Much love regional!', ""But its been 10000 years .. I don't think ta is gonna function here .. something fundamentally needs to change in our markets"", 'Awesome work, appreciate the analysis.', 'Thank you for all your work! It’s much appreciated.', 'Thanks for your hard work ape brother', ""Jesus. I hope they aren't $40+Calls"", ""What strikes? I'm heavy into the $23s."", 'People need to stop worrying and learn to love the GameCock\xa0', 'That picture makes him look like he would play a good he-man lol', 'I bought them a few months ago and took some off the table before earnings and the bond offering so this is basically the gains I made, but curious if there were any opinions on what the next 2-3 weeks might look like.  Not looking for financial advice, just opinions.\n\nEdit:  I should also note that I have xx,xxx shares… of which x,xxx are DRS’d and these options  are a relatively small portion of my position.', ""GME price didn't seem to care the last time SPY took a huge dump. We went up 11% that day"", '![gif](giphy|lOGJZuQRTqW8E)', '$40-$300+ based on previous squeeze patterns. Here is the full theory explained: https://www.reddit.com/r/Superstonk/s/1vNR0sYZuJ', 'My July 25th calls welcome this information. 🙏', 'My 30C for Jan are lurking', 'GameStop doesn’t give a shit what the market does. Freebird.', 'Trmp just extended the deadline to August. (Taco)', '23 to 30 strikes\n\n\nEdit: 10 @23, 25 @24, 15 @25, 40 @30 for August.\n\n\n10 @25 for October.\n\n\nJust over $26k in premiums.', '23 to 30.\n\n\nEdit: 10 @23, 25 @24, 15 @25, 40 @30 for August.\n\n\n10 @25 for October.\n\n\nJust over $26k in premiums.', 'Or how I learn to love the bomb', ""According to this post he is thinking a 40% gain in price.  We'll see though.  I do expect us to at least try to fill in that gap above us."", ""Agreed, that's what I'm hoping. April was great while everything was tanking and GME was holding strong. Unfortunately this latest hammer on GME has me thinking another market tumble won't react as favorably this time. But only time will tell."", 'Again?? Ok, so more SPY ATH tomorrow... Dip postponed til Sep 🤷\u200d♂️', 'Rip', 'GameCock is da bomb', ""True that. At 52-week low IV, and near critical support, GME does crazy things. We'll see how that luck fairs for us in the coming weeks."", 'Looks like the bull run will continue, TACO suspended tariffs till August 1st.. Time for GME to ride the wave!']",0.4939,0.0,0.1946413793103448
1lsktty,Got it for $30 at local Gamestop,127,https://www.reddit.com/gallery/1lsktty,1751751494.0,Considering it was only 4 packs i was not expecting to pull more than one IR. Very happy how it turned out though 😏,"['$30 is criminal', 'Thankfully I had $10 of GameStop rewards and just used them for this', 'such a beautiful mime 🥰', 'I pulled the Charizard SIR and Squirtle IR from my box!', 'Hard to get English where I am, that box is around $120 here o7', 'I was debating getting a Zapdos and Mewtwo box for 80… no longer the case 😂 GameStop here we go', 'Mr. Mime looks like they bout to drop the hottest album', 'Yep, im the one bitching here. Did you forget this already: https://www.reddit.com/r/PokemonTCG/s/HteDPScfQ8\n\nAll you do is keep deflecting. People like you are hilarious', 'I swear these were $24 in Walmart a couple of months ago, sad to see what the world has come to', 'Considering the msrp is either $24 or $25 and the market value is $50, I would happily pay $30 all day in this current market.', 'This is our world now🥹', 'They’re 50$ cad and that zapdos ex boxes as well straight from GameStop/eb games.', 'MSRP is $21.99. How is $30 criminal for a 2 year old set and one of the most popular ever made. Please use critical thinking and explain to me.', 'I got both the english and Japanese version now🫡', 'Niceeee', ""They are but guaranteed supply is better then having to waste fossil fuel to constantly check your local capitalistic retailer where you'll have a 15% chance of finding anything considering they sell out of product on a daily basis."", 'I thought these were $21.99 on release', 'Only if you continue to support business practices that don’t support MSRP', 'Don’t buy over msrp and maybe we can return to msrp from gamestop. Also its our not are did you not go to elementary school', 'Why should a product that’s been 21.99 and set at MSRP for two years almost at GameStop and still being mass produced be price gouged by GameStop for $30? Please use critical thinking and explain to me', 'Lmao just ignore the capitalistic company that makes a tree-burner of a product', 'You’re right I just looked it up and they are $21.99. That changes things a little bit, but it’s still a buy for me personally', 'What proof do you have this product is still being mass produced?', 'I mean, I can 100% agree. But Walmart has a much worse impact on society considering their scale', 'Uhhh the fact that that 151 has been being restocked in every GameStop throughout the country for the past 4 weeks? Where do you think the product comes from pelicans in the sky?', 'I disagree lol. \n\nOutside of a few chase cards in each set, the majority of cards end up in the garbage, in a box in the basement, or in the storage room of a local card shop. So many wasted resources go into lining the pockets of the Pokemon company and feeding what is essentially a gambling habit. \n\nFor all the things Walmart does wrong, at the very least, they sell necessary goods at highly competitive prices. They also do so in areas that would otherwise have minimal or no access to said products.', 'Just because GameStop had some leftover stock doesn’t mean it was mass produced. You know the S in MSRP stands for “suggested”? If you’re that down bad for $9 lmk and I’ll Venmo you.', 'So I guess the vending machines getting restocked across the country with 151 booster bundles is also left over stock then. Gotcha.\n\nThe targets getting in blooming waters two weeks ago? Leftover, gotcha. And I can read and perfectly understand that yes, the S means suggestion. \n\nA suggestion GameStop has been following for as long as I’ve been alive, and NOW they choose to raise prices on just their cards? Take your argument to circle jerk sub. You haven’t shown any critical thinking to show why what they’re doing isn’t anything but anti consumerism and greed, yawn. 🥱', 'We’re talking about the alakazam box. Not a blooming waters or a bundle from a machine. 🤦\u200d♂️ I can also talk about different products to support my argument.', 'What argument are you trying to make then? Just cause one store gets one product and one get another, ones leftover at one but not the other? Make it make sense. \n\nAll you do is pick fights with people in this sub and stand by people and businesses poor behaviors. You’re just a troll. You spend all your time bitching in this sub.']",0.0,0.6115,0.011699999999999999
1lsl2o9,My gamestop buy 2 get 1 free games lol and what 3 games would you play first.,48,https://i.redd.it/7zt4xerlm4bf1.jpeg,1751752179.0,Did you pick up any games from the buy 2 get 1 free ,"[""Hello u/Antonthegogo! Thank you for your submission to r/gamecollecting. This is a message shared automatically to inform you about a few of our rules:\n\n• Are you asking about if your **game is real/fake**, the **identification** or **value** of an item? If so, **your submission will be removed** under Rule 2. Please delete it, and ask in the megathread.\n\n• No self-promotion/video submission of any kind, unless if already approved by mods prior to submitting. Any further attempts to self-promote without approval from the moderators will be seen as spam, and will result to the restriction of your account from our community under Rule 3. This includes applications, valuation tools, etc. \n\n• Is this just a screenshot of a CL/FB/etc ad that is overpriced or obvious troll, or for some other notable reason? These would all be considered low effort and will be removed under Rule 4.\n\n• Memes cannot be posted unless it's on Meme Monday, which is the first Monday of the month.\n\n• Are you trying to sell, trade or buy something? If so, your submission will be removed under Rule 9. Please delete it and [read our rules please](https://www.reddit.com/r/gamecollecting/about/rules/).\n\n**Failure of deleting your post that violates these rules may result in a temporary or permanent ban.** If your post doesn't break any of these rules, you can ignore this message. \n\n\n*I am a bot, and this action was performed automatically. Please [contact the moderators of this subreddit](/message/compose/?to=/r/gamecollecting) if you have any questions or concerns.*"", 'Hahah this is awesome. I love just going crazy on good sales like these.\xa0', 'I miss when they used to do b2g2 and 4 for $10 or 4 for $20 used games back in 2015-18. Damn I haven’t even been to a GameStop in so long, you got some nice finds I’m curious if a GameStop near me has stuff like this', 'Id play Kirby triple deluxe first', 'Metal Gear Solid: Peace Walker or Ultimate Alliance.\n\nThis is a sick haul, nice job.', 'Wow, what a score. Wish my nearby gamestops would have at least a semi decent stock bc of the sale, but oh well.', 'I got pokemon black and two Mario&Luigi 3ds games for 140 with the buy 2 get one free sale. Not the best deal ever but I’m happy with what I got. 🤷🏻\u200d♀️', ""I used to take advantage of these, that's why my backlog is 3+ years long. Now I might have more games than they do and the retro store isn't that retro yet. \n\nDidn't see anything I needed other than a few newer games still going for $55ish. I can wait."", 'Definitely metal gear', 'Where do you guys get this disposable income', ""You know damn well you're never gonna play Olaf's Quest"", 'Great news, you’re officially 25% of the way through the entire New Nintendo 3DS line of exclusive titles. You just need Xenoblade, Fire Emblem Warriors, and Minecraft', 'Isn’t it bad to do this in one big transaction? I’m guessing with the way their system is set up you’re paying for the most expensive 2/3s of the lot and getting the least expensive 1/3 for free.', 'My haul was:\n\nDino Stalker (PS2)\n\nDarkwatch (PS2)\n\nDevil May Cry HD Collection (PS4)\n\n😁', 'https://preview.redd.it/z1pbuehutdbf1.jpeg?width=3024&format=pjpg&auto=webp&s=0f0c3d7e0c3a2766e7defe0b7a801219ebd3cf59\n\n* Dragon Ball Fusions and Kirby Squeak Squad and NSMBDS(One Piece Romance Dawn is cut off)', 'Did you order from them ?', 'This guy handhelds', 'Yea I had to lol when gamestop do deals lol I’m in there 🔥🔥😂', 'They still regularly do the 4x for 20 & 40', 'Yea you should check and tell the manager I said stop hiding games 🔥🔥🔥🔥', 'Yea for sure 🔥🔥', '🔥🔥🔥🔥', '🔥🔥🔥🔥thx bro', 'Yea cause they be hiding games lol shit crazy at gamestop', 'Wow that’s cool lol I can’t find those Pokémon games inside gamestop no more 😂😂😂I went in this other gamestop n they was hiding games from me', 'Yea factz gamestop is trash when it comes to retro cause yu have to keep checking like 8 different gamestop for you to be successful lol that’s what I did 😂n the most expensive game was $37 n that’s Pokémon lol', 'Jobs', 'Seeing as all of OPs game posts show his eBay business card, probably an investment to flip all of them.', 'lol 😂 yu gotta spend money to make money lol', 'Lmaoooooo big factZ but I tested it out to see if it works n yea it’s not to bad of a game lol plus pretty exclusive cause it’s only on 3ds lol', 'Factz 😂😂😂😂😂😂it was very hard getting these games from gamestop lol', 'Online does what you describe but the registers do it properly', 'Yea but yu start the transaction different and separate lol like the 3 Pokémon games for 3DS I told them separately so I got 1 free', 'That’s cool bro 🔥🔥🔥🔥🔥', 'Wow great finds 🔥🔥yea people be going wild for games so I got super lucky to find inside gamestop', 'Nope instore purchase', 'lol yea I love handhelds 🔥', 'Factz 🔥🔥🔥', ""I have 3, only one is designated as 'retro'. There's a part wall full of PS3/Wii/XB, but anything like carts are kinda rare."", 'lol I wish I had a job 😂😂😂😂', 'Probs. Im like I make p good money but damn i could never afford a haul like that', '🔥🔥yu got a great eye 👁️ but yea this is my job lol I go out for items n yu kno the rest but I am keeping some games lol tho n the rest yu kno lol', '👍', 'lol factz once you see the games instore then you can do a lot lol', 'Nice going man. Congrats on the haul!', 'Best GameStop of all time you have there.', 'Yea lol but I was super lucky cause at times I never find stuff like this at gamestop lol they always hiding games', 'Get a real job please.', 'Yea thx lol I will do a YouTube video lol of my experience lol', 'Lmaooo I just left my job lol it was trash I wanna make money in my sleep lol', 'Yeah and share the video .', '[removed]', 'Yea bro so check me out my YT is antonthegogo', 'Hello u/Antonthegogo, \nYour comment has been removed for linking to a video submission site. Under Rule 7, video submissions are not allowed, unless they have value to the subreddit. If you believe that the video you have shared has relevance and value to the subreddit, [message the moderators](https://www.reddit.com/message/compose/?to=/r/gamecollecting) and we will look into possibly approving it. Check [the expanded rules](https://www.reddit.com/r/gamecollecting/wiki/rules#wiki_video_submissions) for more information.\n\n*I am a bot, and this action was performed automatically. Please [contact the moderators of this subreddit](/message/compose/?to=/r/gamecollecting) if you have any questions or concerns.*']",0.8176,0.5106,0.27366666666666667
1lsl58w,My gamestop buy 2 get 1 free games lol and what 3 games would you play first.,45,https://i.redd.it/ntoqnba7n4bf1.jpeg,1751752380.0,"Did you pick up any games from the buy 2 get 1 free 
","[""Jeanne D'Arc is the first I'd pick also the Socom games were all good. Metal Gear Solid is one of the best on the system so yeah tough one."", 'Mario 3d Land, Godfather Mob Wars, Jean DArc', 'I haven’t seen a psp game at GameStop in like 10 years', 'LBP, MGS Peace Walker and Mario 3D Land :)', 'SOCOM 👌🏼', 'What a great hull; psp and ps3 are usually bottom of the barrel types that not too many would want', '$24.99 for Jeanne D’Arc ♡', 'We’re these in store or online?', 'All of it', 'pokemon y, kirby triple deluxe, smash bros 3ds', 'Fire Emblem, Little Big Planet and then Monster Hunter Freedom 2', 'All they bring back momerys', 'Factz I’m so mad cause Jeanne arc stop working ahhhhh I have to return it today but imma return it and keep the case tho lol 😝', 'Yup super heat and so mad my jean stop working ahhhhh now I gotta return it 😫😫', 'Lmaooo yea cause the workers be hiding the games so you will never see them in there', 'Yea lol I will take most portable games but I don’t buy switch games unless it’s pokemon lol', 'Yea I know 🔥🔥🔥but then it stop working just now ahhhh so mad right now but imma return it', 'Instore lol I never buy on gamestop online shop lol', 'Instore lol', 'lol 😂']",0.8176,0.5106,0.20391499999999999
1lso0h4,Chase found in the wild at GameStop,92,https://i.redd.it/jxk6onm6c5bf1.png,1751760785.0,,"['Niceee I wanna see the glow on that pls!', 'Sick pop, I hate that the ""chase"" isn\'t a sticker anymore tho :(', 'It’s so weird not to see a sticker anymore.', '![gif](giphy|RhuJ9DrP2kXd3cig3i|downsized)\n\nOP’s live reaction to finding the chase.', ""Miss the sticker, while still keenly aware that it'll look so much better when displayed in front of a blacklight.  Damn these ambivalent feelings!  😅"", ""Dude what!!! I didn't know these were out already"", 'The chase sticker turned box art is horrible.', 'No more sticker swapping…? That’s good…I think?', 'My opinion I love the sticker better .still cool fine', 'Funko cheaping out', 'God I hate the new chase design gimme my sticker back man half of it for me is the exclusive stickers no stickers kinda makes me wanna stop', ""Now granted I don't  have a UV flashlight. I had to use a bright LED flashlight\n\n*"", 'I know right.', ""I know people don't like change but I'm curious why you actually prefer the sticker. I think the new way is almost better in every way. Harder to fake, don't have to worry about the sticker peeling, and if you display in box now you won't have the sticker blocking any part of the pop."", 'It really is.', 'Is that a new thing? Or just for this pop?', '🤣🤣', 'Same.', 'It’s honestly just what I’ve been used to, I did kinda like it because stickers on the pops window make it stand out a bit', 'Funko messed up. There gonna lose so many fans and in time they most likely will shrink not grow people are selling there whole collections now that’s not a good sign u pissed people off to the point they wanna cut ties with u permanently yall did such a good job Funko(sarcasm)👍and u raised prices while trying to cut your own prices so u telling us u saving miney but charging us more money nowhere in that does it look like they care about the consumer and they got sued not us its not our issue so yall being ok with them making their issues yours is wild u gotta up more money cause they did bad buisness that sound right? And how much u wanna bet the prices stay there there about the same price as youtooz now but detail doesnt even compare to yootooz they literally take forever to make sure products are high qualtiy funko rushes shi out and in bulk so so shi be broke ot damaged then they wanna use a new shipping companh to save money and nbdy likes them so they cut cost all across the board and raised prices all across the board and shipping is the same but they went to dhl for a cheaper shipping if u still wanna support them u can stay on a sinking ship for all i care they release shi pops first they sell then they drop the good mold a few months later cant tell u how many times they have got me with that like its a waste of my money i end up selling the crap versions for dollars like the postive i get from this is i get to save money by not buying their products anymore:)f u funko', 'newwww i luv it']",0.0,0.0,0.09455714285714285
1lsp1wa,Making Up 5 Years of Collecting With GameStop's B2G1!,110,https://i.redd.it/srh77ut4j5bf1.jpeg,1751764086.0,"I actually worked at Gamestop on and off for almost 2 decades and quit about 5 years ago. Following that I did a huge videogame detox and didn't really buy much for 5 years, figured it was time to catch up! Been collecting again for a few months, but really locked in with this sale. Got a bunch of stuff that I thought looked neat, and stuff that I missed over the past few years too.

I bought all these grouped by price to maximize savings, so every game ended up being around 33% off!","['""Reminder for everyone: Be respectful of others and their opinions. Personal attacks, harassment, or toxic behavior will not be tolerated and may result in a ban.""\n\n*I am a bot, and this action was performed automatically. Please [contact the moderators of this subreddit](/message/compose/?to=/r/NSCollectors) if you have any questions or concerns.*', 'Damn, my switch preowned selection is too pitiful for a pull like this. I lucked out the other day but they have maybe 10 preowned games with original cases 😭', 'Was it therapeutic to remove the Gamestop stickers?', 'Solid games. Enjoy them. I’m lucky that the game stops near me along with independent shops have a great pre owned game selection.', 'That store’s GPG% tanked so hard 😅', 'I see a Pegi copy of Marvel Alliance slipped through the cracks at GameStop.', 'Nice haul 👍', 'Hella jealous of that Tokyo Mirage Sessions, but great pickups nonetheless.', ""Bro, that's like 1800 hours of gaming in one trip.  Better get started."", '😭 Dave the Diver. I want that so bad.', 'Yes there is. It’s selling for 35-40 on EBay. Only dlc matters as sometimes you need a esrb cart If so.', 'Quality over quantity. Some good games here but some are crappy.', 'Which game is between Dave the diver and terraria?', ""Oh! I should've mentioned this; but I have about 7 GameStops within 40 minutes of where I live. So this whole week I was hitting up different stores on my lunch break and checking out stock. I'm still pretty tight with a lot of the employees there, so even if one location didn't have cover art, they let me swap it out at another one. Really nice of them!"", ""Oh yeah, absolutely! Funny enough, the stickers now are much less abrasive than the ones I remember haha. These all came off super easy! I also like to put the stickers back in the case to remind myself how much I paid. And it's fun to look at the numbers to see when the sticker was printed too lol."", 'Nothing better than a stacked preowned section with original cover art!', 'Hit every single employee with the ""No, but thank you for asking"", every time lol.', ""Dude, I was so surprised haha. Usually don't go for PEGI stuff is an ESRB version is available, but of course this was the only MUA3 within 100 miles lol"", 'I was so stoked to find a copy with the cover art!', 'The backlog is sooo real rn lol', 'Super stoked to check it out, heard nothing but good things about it!', ""imho, there's still lots of fun and joy to be found in the less than stellar. Every game I scooped looked interesting and had something to enjoy at the very least, if some of these turn out to be duds it's not the end of the world to me personally lol."", ""It's Death end; Re Quest 2!  \n[https://www.youtube.com/watch?v=DG2sfc5xXkE](https://www.youtube.com/watch?v=DG2sfc5xXkE)\n\nIt's a horrorish jprg. The knockback mechanic reminded me a lot of Dragonball Fusions on 3DS, which I adore. So I figured it would be fun to check out!"", 'I worked there in the era of yellow stickers and ps2 games. We had random mid 00s copies of Madden   With 1/4” sticker stacks as the game kept getting sold and traded in at different price points. I’ve noticed it seems easier to get them off now', 'I worked at GS for 10 years until 2021, and the little times I do go I give them the same response. It sucks because I feel for them, but GPGs are a ripoff', 'GameStop is only supposed to take esrb trade-ins.', ""I haven't been able to find one, loose or CIB, in at least 4 years."", 'Preach\n\nhttps://preview.redd.it/qmyxey9su9bf1.jpeg?width=3000&format=pjpg&auto=webp&s=7c6151e8d05d58b8d9a1a6a4bcd451d3dce136ed', ""I started working there at the start of the 360/PS3 era, so I caught the end of that stuff. Don't even get me started on the maniacs who use to put the stickers on the actual cover art of the spines 😭💀"", ""For real, dude. The only time I genuinely used to push it was when customers would be buying for small kids, especially after seeing them buy the game again because it was broken or scratched. But if you're capable of taking care of your things, complete waste of money lol."", ""Yeah, must've slipped through, or someone didn't care lol"", 'Oh man, I remember seeing the sticker on the spine thing on the shelf a few times. Cruel and unusual 🫣']",0.0,0.5321,0.16723125
1lsrd92,But they still won't talk about Gamestop (Wallstreet Journal),779,https://i.redd.it/jt0vw1a396bf1.jpeg,1751771848.0,,"[""[Why GME?](https://www.reddit.com/r/Superstonk/comments/qig65g/welcome_rall_looking_to_catch_up_on_the_gme_saga/) || [What is DRS?](https://www.reddit.com/r/Superstonk/comments/ptvaka/when_you_wish_upon_a_star_a_complete_guide_to/) || Low karma apes [feed the bot here](https://www.reddit.com/r/GMEOrphans/comments/qlvour/welcome_to_gmeorphans_read_this_post/) || [Superstonk Discord](https://discord.gg/hZqWV2kQtq) || [Community Post: *Open Forum*](https://www.reddit.com/r/Superstonk/comments/1ipojer/open_forum/) || [Superstonk:Now with GIFs - Learn more](https://www.reddit.com/r/Superstonk/comments/1cr37r7/superstonk_gets_its_gif_on_get_hyped/)\n\n------------------------------------------------------------------------\n\nTo ensure your post doesn't get removed, please respond to this comment with how this post relates to GME the stock or Gamestop the company.\n\n------------------------------------------------------------------------\n\n\nPlease up- and downvote this comment to [help us determine if this post deserves a place on r/Superstonk!](https://www.reddit.com/r/Superstonk/wiki/index/rules/post_flairs/)"", '[Paywall Removed Link](https://archive.is/20250706022050/https://www.wsj.com/finance/stocks/market-speculation-meme-stocks-cd331396)', ""I'm not speculating. I KNOW."", 'Gotta get an excuse out there for when the shit hits the fan so they can point and say see this is all just a craze.', 'What fuels the rocket?\n\n![gif](giphy|Z9iHOGnFjlbOOF9viY)\n\n<it’s all speculating investors, right yo>', 'Whatever, just want my moass and my retirement. They can talk about whatever they want', 'This feels like something specifically crafted to get shared among apes.', 'Something is brewing', '🤣 yeah, they won’t….  But they will!', 'History bout to repeat itself, yet again. Apes know it. Shorts know it. Now it just needs to play its course...', 'probably because the stock price hasn’t moved since april', 'It’s because GameStop IS profitable so can’t be included in whatever shit article this is.', 'Always have been.', 'Always has been, we never left #MOONSOON', 'Because it literally doesn’t move. If it does then RC and friends dilute more to drop the price back down.', 'ROFL this is hilarious', 'WSJ, owned buy Rupert Murdoch. He must be short GME, guess we can add $19B to our potential market cap.', '“While some of this speculative stuff can go on huge runs, in the long run, the vast majority of stock returns come back to earnings,” Jamner said. “Investors need to keep that in mind.”\n\n\nJust wait for q2 bitches', 'Forget gamestop 😅LoÖl', 'The value of the dollar is dropping. So in order to keep the same relative value, the stocks nominal prices have to increase because now each dollar is worth a lot less.', '""Shares of unprofitable companies""\n \nThey must not be talking about us since we got profit baby 😎', 'Weird, I never left', 'BULLISH.\n\n![gif](giphy|H1wV85UGUQnTgGVIaj|downsized)', '""unprofitable companies""\n\nExcept when its a tech company darling, then its just hyperscale growth', '...because they mentioned unprofitable companies.', '![gif](giphy|ckQk3p9KbKB0I|downsized)', 'It pays to pay attention 🫡\xa0', 'THIIIIIS!!!', '![gif](giphy|K0AnEB2t2EM|downsized)', 'Came to say this 👆', ""That's what I've been saying. It only feels like stocks are going up because the dollar is worth less and less. Theoretically we could be a million bucks a share own day because a dollar is worth less than a penny was last year.\xa0"", ""HILARIOUS. I'll see y'all in Vegas, in my underwear.""]",0.0,0.0,0.2167
1lswmea,"Heard about the GameStop deal from here, so wanted to share my haul",39,https://i.redd.it/pvqsyfnpw7bf1.jpeg,1751791899.0,,"[""Hello u/j10m10! Thank you for your submission to r/gamecollecting. This is a message shared automatically to inform you about a few of our rules:\n\n• Are you asking about if your **game is real/fake**, the **identification** or **value** of an item? If so, **your submission will be removed** under Rule 2. Please delete it, and ask in the megathread.\n\n• No self-promotion/video submission of any kind, unless if already approved by mods prior to submitting. Any further attempts to self-promote without approval from the moderators will be seen as spam, and will result to the restriction of your account from our community under Rule 3. This includes applications, valuation tools, etc. \n\n• Is this just a screenshot of a CL/FB/etc ad that is overpriced or obvious troll, or for some other notable reason? These would all be considered low effort and will be removed under Rule 4.\n\n• Memes cannot be posted unless it's on Meme Monday, which is the first Monday of the month.\n\n• Are you trying to sell, trade or buy something? If so, your submission will be removed under Rule 9. Please delete it and [read our rules please](https://www.reddit.com/r/gamecollecting/about/rules/).\n\n**Failure of deleting your post that violates these rules may result in a temporary or permanent ban.** If your post doesn't break any of these rules, you can ignore this message. \n\n\n*I am a bot, and this action was performed automatically. Please [contact the moderators of this subreddit](/message/compose/?to=/r/gamecollecting) if you have any questions or concerns.*"", 'How much did you pay for the Master collection?', ""What's the deal?"", ""Got mine yesterday, but Gamestop sent me someone else's order. I now get to go through their support and may get the stuff i paid for in like 2-3 weeks"", 'Loved killzone', 'How long is the deal going on for? I’m a pro but it’s a drive to my GameStop and no lol I won’t order online I need the CIB games.', 'I almost got chrono trigger on the DS, turns out they “accidentally” put the box on the shelf…', 'Dang a copy of Arms is a deep Switch 1 cut', 'Playing through Stellar Blade now.', '🔥🔥🔥🔥nice this is mines\n\nhttps://preview.redd.it/os0m2g3zw9bf1.jpeg?width=3024&format=pjpg&auto=webp&s=d9492b40ad7a9031c43fb42bd35fb84186a7b464', 'Buy 2 get 1 (the cheapest game) for free— it’s only for Pro members as far as I know', 'I have this fear every time they take too long behind the counter lol', 'Factz it is 🔥🔥🔥I just cop the arms game and it’s a fun game lol got that for free', 'Nah, it was originally only for Pro Members. I did the deal without pro rewards and then signed up when I went back and got the deal again.', 'For anyone , I have zero membership and got the same deal in store', 'Lmao factz gamestop plays to much', 'Good to know— I’ve been to three GameStop’s around me this weekend and none of them offered the B2G1 deal for non members… we are in their system but do not have a ‘paid’ membership of any level.', 'I don’t see this deal on the website, but I may need to go check it out.']",0.3535,0.0,0.012866666666666669
1lt0ko8,Turning GameStop,235,https://youtu.be/4PrdVAPx8RU?si=fV-fiZw4Q04IL5af,1751806593.0,"Turnarounds seldom turn. That’s what makes GameStop’s so remarkable. Going from burning over $300M/year to forecasting over $300M in profit in just a few years.

Too long; Don’t watch:

2021 – Cohen becomes Chairman mid-year. GME closes 700+ stores and posts a $319M net loss.

2022 – Launches NFT marketplace, 100+ more closures, and another -$313M net loss.

2023 - Cohen becomes CEO in late Q3 & passes a new investment policy. GME posts a $6.7M net gain.

2024 – Raises $3B, shuts 970 stores and partners with PSA. Ends year with +$131.3M net income.

2025 – Raises $4.4B, invests in BTC, exits Canada (France next?) and teases Push Start Arcade. Forecasting ~$250M net income.

2026–2029 – Forecasts >$300M in annual net income.","[""[Why GME?](https://www.reddit.com/r/Superstonk/comments/qig65g/welcome_rall_looking_to_catch_up_on_the_gme_saga/) || [What is DRS?](https://www.reddit.com/r/Superstonk/comments/ptvaka/when_you_wish_upon_a_star_a_complete_guide_to/) || Low karma apes [feed the bot here](https://www.reddit.com/r/GMEOrphans/comments/qlvour/welcome_to_gmeorphans_read_this_post/) || [Superstonk Discord](https://discord.gg/hZqWV2kQtq) || [Community Post: *Open Forum*](https://www.reddit.com/r/Superstonk/comments/1ipojer/open_forum/) || [Superstonk:Now with GIFs - Learn more](https://www.reddit.com/r/Superstonk/comments/1cr37r7/superstonk_gets_its_gif_on_get_hyped/)\n\n------------------------------------------------------------------------\n\nTo ensure your post doesn't get removed, please respond to this comment with how this post relates to GME the stock or Gamestop the company.\n\n------------------------------------------------------------------------\n\n\nPlease up- and downvote this comment to [help us determine if this post deserves a place on r/Superstonk!](https://www.reddit.com/r/Superstonk/wiki/index/rules/post_flairs/)"", '*381.3M net income loss for 2021. Typo 🤷\u200d♂️', 'Great video, timeline refresher. So much has gone down over there years.', 'Imagine someone is still short. Does it even matter? 🤭', ""But wait, if you listened to all the shills on here, RC hasn't done anything and has no plan."", 'Not my Jazz but cool positive vid !', ""Loved this video, and appreciate the recap.  I've lost so much of my recall over the past 4 years, and this is great.  Thanks for taking the time!!!"", ""It's been for sale for a while. I wonder why it has taken much longer to sell the French branch than the Canadian branch."", 'All company changes thus far could have been done without diluting. I’m not a shill but putting diluted capital into a money market account? I still can’t get over this.', '👍🎞', 'Agreed! I was compelled to piece it all together because of everything that has gone down. Especially with the bears out in full force lately', 'Well, note holders will make bank both ways for a bit but a long term short position makes zero sense to me', 'I kissed the wrapping of this one specifically for those shills 💄💋', 'I love jazz 🎷', 'Heck yeah!! Glad you appreciated it!', 'I would say it might have to do with the much stronger legal protections for workers in France.', 'There’s only dilution on the notes if the note holders opt for shares upon maturity in 5 & 7 years (attractive over cash the higher above $35 GME goes). So GME borrows that $4.4B for free and make passive interest income on it. But that’s if they do nothing. It hasn’t even been 4 months since issuing both convertible notes. Who’s to say they are doing this to do nothing', 'Sure I understand that, I’m not even upset at that method of raising capitol. What I’m upset about is just sitting in the cash in money market account. The share dilution money also doing nothing. They did not need that much money. Hoping for an outcome soon otherwise that money could have been in our own accounts', 'Well the $3B from last year was opportunistic and unexpected. The strategies with just over $1B in cash changed drastically that month with over $4B in cash appearing on their balance sheet. So now we’re seeing the strategy shift that occurred last year which includes upsized convertible notes for billions more than what GME could have gotten with just $1B in the bank. \n\nSo over $7B GME acquired in the last 13 months. We’ve seen a BTC investment and a teaser for a new product since then. The pace and approach tells me they are working very hard behind the scenes. Exceeding my personal expectations at least 😉', 'Great point. I wonder what’s the expected time to hear news about capital deployment. I think people can be antsy because, in general, times are antsy. Wealth effect is real', 'Fair point. It’s tough seeing your investment fall from $35. Especially after investing in BTC and a stellar earnings. It’s going to be a fun ride when the offerings are done and the plan is realized though']",0.0,0.7283,0.41137142857142855
1lt399h,In light of the gamestop video..,217,https://www.reddit.com/r/MeatCanyon/comments/1lt399h/in_light_of_the_gamestop_video/,1751813927.0,"I worked at GameStop for 3 years as a blavk woman (4’9 this is relevant information). Be warned it’s ALOT

To get the small stuff out of the way I mainly got comments about my height from older men…wondering how tall I was and saying I was “adorable” which I found extremely distasteful and uncomfy

First story: I started as a seasonal at age 17, I wasn’t allowed to ring customers out yet but I helped around the store hella.  A man came in greasy hair anime tshirt obese neck beard legit the whole package.  He asked my coworker for “the game where the animals are crossing” (he legit phrased it this way) my coworker looked dumbfounded, I said “oh! Animal crossing” I grabbed the game for him and handed it to my coworker to check him out.  He then said “you’re absolutely adorable! How old are you? You look 12” he chuckled.  I said “oh I’m 17!” He then said “definitely jailbait I’d have to say” my coworker laughed nervously and looked at me asking me to grab something from the back, when I came back he was still in the store I looked down to see they forgot their warranty sticker so I ran up to the two and handed him his sticker he then proceeded to say “your adorable, kind and wife material!? I just keep winning today have a wonderful day sweetheart” I smiled and as soon as they walked out my smile dropped turns out my coworker wanted me to stay in the back after he made the jailbait comment.

Second guy: the first and last time I exchanged instagrams with a customer, he came in trading in a switch and came off as chill we both had a nice conversation and it led to me and my art career, I told him how I do art videos on YouTube (speeddraw storytimes) and that I want to be a comic book creator, he wanted to see my work so I showed him my Instagram account where I post my art, we then exchanged Instagram handles.  3 hours after he left he messaged me and we had a good conversation about comics and video games it then led to him asking me my favorite snacks and drinks, then he asked the next time I worked and I told him it was the next day.  He came in shortly after I clocked in to give me my favorite snacks and drink, my coworker said he got a creepy vibe from him and that I should be careful with exchanging info with customers especially with where we work (he’s not wrong😭). A couple days later my coworker mentioned how he came in like everyday asking about me, so everytime I came in he was there to chat.  I started to feel uncomfortable after he asked if I smoked I said “no I prefer edibles” next day he brought me cookies which I didn’t eat because I was scared it was laced.  He then asked me the big question saying “I have a huge crush on you and I wanna be with you” I said I wasn’t interested in a relationship and that he’s too old for me anyways he followed up with “younger girls are supposed to like older men this is bullshit I bought you gifts” I ended up blocking him, he showed up to my work the next day just looking at stuff and glancing over at me I got abit freaked out and hid in the back until he left.  Last time I saw him was when I was closing and he was parked outside of the store Watchibg me I unblocked him and messaged him telling him I would call the cops if he didn’t leave me alone.  Haven’t seen or heard from him since

Third guy: he came in circled the store for awhile to come up to the counter asking me about games like Final Fantasy, I suggested Kingdom Hearts but he declined, I ended up saying “I can’t think of any other game I’m sorry” he sighed and said “it’s fine” he circled the store again before coming up to the counter asking me “do you have a boyfriend” (in these situations you always say yes). He was upset visibly and left next time I saw him he did the same thing asking about games like final fantasy.  Then asked me “how to find love” I said “idk” he then proceeded to say “you are the most beautiful woman I’ve ever seen” I said thank you and he smiled then left.  Come to find out he did this same thing to my MANGER who is married.  

These are all the stories I have about creepy customers!! I ended up quitting due to not getting any hours after I told my manager I was leaving in two months for art school out of state, they basically took me off the schedule :/ out of every job I’ve had this is the only one where I’ve dealt with weirdos!! If you have gamestop stories definitely share!","['Jeez these stories absolutely creeped me out. I’m so sorry for all you brave souls that served in the Gamestop ranks 😔✊', ""Omg I had to stop reading after the second guy. That's terrible, I'm so sorry you had to go through that. Young Girls and women should be protected and able to work/exist without people bothering them."", ""That's nuts, I don't get how some other men are so oblivious, and don't see what's wrong with sexually harassing a teenager"", 'Saying you look 12 and that you’re Jailbait in the same breath is fucking wild bro', 'Jeez dude, all that stuff sounds rough. Honestly I was looking for a part time summer job, and I was wondering if GameStop would be good\n\nBut after the video AND people talking about their experience (especially female employees) \n\nI’m absolutely steering clear.', 'When I worked at GameStop, I had a man tell me that he doesn’t play games with female protagonists because it’s not realistic, women can’t do those things. My female store leader and I looked at each other in disbelief. He stayed another 15 mins trying to explain why he felt that way and why it was the correct opinion. I also worked there when corporate was big on pushing reviews. Most of our reviews were negative with emphasis on us being female', ""D: I'm so sorry. Fuckin yuck, dude!"", 'Really highlights the different experiences between men and women, most guys’ stories are about annoying customers and women are legitimately being stalked and harassed. That’s pretty scary, I’m sorry you had to go through that, especially so young.', 'so freaky, gross people', ""Not to downplay their situation, but this isn't just GameStop. This is just a normal day for women everywhere. We've normalized this behavior as a society, and it's disgusting"", 'You are right, it happens everywhere and unfortunately more often than not. I’m happy OP had coworkers that looked out for them in some situations. I’ve had plenty of friends tell me absolute horror stories from public service jobs to factory work. In short, If you’re ever around it or notice it happening, be a good person and step in to help them in any way. Sadly a lot of these stories go untold or end in a bad way for that very reason. We might not be able to fix society as a whole but we can always help in our day to day lives to change at least one person’s experience.', ""Yeah, I mean, I definitely think Gamestop attracts a certain type of weirdo, but I had some really uncomfortable experiences with men (and even some women actually) while working at starbucks. It doesn't help that they push the baristas to chat with customers, so sometimes you just end up giving people the wrong impression for just being friendly because it's part of your job. 🙄"", 'how is it normalized? what? a thing is not ""normalized"" just because it\'s done by a regrettable amount of people', 'Hell yeah', ""Men in the sub, if you see shit like this call the guy out. Don't be a bystander"", ""It's that, plus the ridiculous amount of media that glorifies it, the sickening amount of hr trainings, and the fact that nations legitimately give less rights to humans STILL. it's pretty normal, unfortunately""]",0.0,0.9977,-0.1820375
1lt5mbw,"Is GameStop a good first job, and how much is it worth my time?",0,https://www.reddit.com/r/GameStop/comments/1lt5mbw/is_gamestop_a_good_first_job_and_how_much_is_it/,1751819855.0,"To get to the point, I have no job experience, and looking for a decent starter job. GameStop was one of the options I was considering, since there's one not too far from where I live. But I've got some stuff that doesn't sound alright. So I hope this post will give me clarity, and see if GameStop is a good first job.","['Honestly no, I don’t think so. Just do some searches on this subreddit, you’ll see what employees say daily about their work experience.\xa0', 'It’s retail, you’ll have better times at any other store then GameStop.\xa0', 'No, it is not. Not if you have no work experience. You will be better off in any other retail environment.', 'Im a seasoned Gamestop veteran of 3 times working at Gamestop 2022-2025.\n\nYou will have amazing amounts of experience to put on your resume since the Retail Keyholder position since you do a lot of ""manager"" duties. But, for the amount of work you do, Gamestop does not pay enough. You can do less work for more money at most other retail facilities.\n\nAnother thing, you need to have good relations with all of your co-workers to make the job bareable. That\'s the reason I kept coming back to the same Gamestop. The employee discounts and the community that Gamestop often fosters. Big reason I am currently quitting *again* is I have a co-worker I feel very uncomfortable working with and I cannot positively have any interactions with them and I cannot be a team with someone I feel uncomfortable working a shift with.\n\nSo, here\'s my personal pros and cons for the job. Please take into account the first paragraph because I feel like that is really important to think about. If you are willing to work your ass off to get experience with very little pay, Gamestop is the way to go!\n\nGoodluck! :3', 'GameStop was my starter job. If you can tolerate the mental stress that this company can give you, then sure. I do not recommend staying there for over a year. With you being there for a year, you’ll experience everything GameStop has to offer which isn’t great. The company is demanding and gives you nothing in return.\n\n\nThis job isn’t about video games and fun. It’s about selling useless shit nobody wants.', 'Run away from this place.', 'No... man Gamestop today is basically slave labor.\xa0 Stores are dealing massive closures 2025. If you get hired you are going to be a Keyholder and perform Manager duties for less pay. Along with completing overwhelming tasks and meet BS metrics.\xa0 You will do single coverage alot of times. Get blamed by a SM and a DM for not meeting the BS metrics and reporting .\xa0', 'Absolutely not!', '![gif](giphy|A6PcmRqkyMOBy)', 'https://preview.redd.it/oxgrqbtitabf1.jpeg?width=900&format=pjpg&auto=webp&s=2413787f174db1160ac0014262432931be00e846\n\nWith one person working most of the time and the occasional scum of the earth you encounter, GameStop is a high stress, low reward job.\n\nIn my district, a manager knowingly hires and keeps on bad employees that commit a job-ending mistake almost everyday just to make the other employees suffer.', 'Run', 'GameStop isn’t a good job at all', 'It honestly depends man. The pay sucks compared to most jobs and expectations are high for those not seasonal (like I was). It really comes down to coworkers and having an understanding of expectations (but this can be applied to any job, really)', 'I promise you the answer is no.', 'It is a good first job if you are deciding whether or not to start an exciting career in retail. It will also help you decide if you are on the fence about going to school or enlisting.', 'It is not either of these things', 'i couldn’t even do it with plenty of experience elsewhere. personally though my adhd is so bad that understanding instructions is a challenge for me and so i got fired. but in general i do not recommend it as a first job.', 'Used to be. Not so much anymore.', 'I would highly recommend NOT getting this as a first job. That is a horrible idea. You really should have sales experience and shift-lead experience before getting a job here - especially since you will be solo most of the time and the training is almost non-existent.', 'i enjoy my job, my coworkers are nice and i havnt really had any problems with the company like many, but i seem to be in the minority. keep in mind you’re asking on a subreddit of employees who are probably here to rant, so take some of the negativity with a grain of salt', ""It's a job. Better to work in an air conditioned store than behind a Wendy's grill all summer. Don't count on it lasting long; almost all of the stores in my area have shut down. And I live in a major US market. On the plus side if you start now you should be able to get a decent amount in unemployment benefits after Christmas time."", 'No.', ""Yes, it can be good. Go in, dont let anyone stress you out. And dont upsell shit you dont want to. Stick around and collect a free check as long as they'll let you"", ""i worked for gamestop juuuuust before covid shutdowns and before the company fully transitioned into a company that cares ONLY about numbers and punishes you if you don't meet their expectations.\n\nis it a good first job? sure, if you're someone looking to get some experience on a resume to bag a better job elsewhere. however, gamestop's culture also seems to have changed from being mostly about games to being about collectibles and trading cards.\n\nholidays are brutal. from the end of october to the end of january, it's a nightmare. you will deal with some of the most entitled, snobby, bratty, 30+ year old parents and grandparents you'll ever meet in your life. they will wear you down, drill into you, and corporate likely won't stand up for you even if you're correct and did everything right. corporate won't even celebrate your accomplishments. while you're standing at a register, understaffed with the constant flood of pissy customers getting annoyed with your holiday hires for being too slow while you try to juggle the line, your district manager will likely be sitting at home bugging your store manager to send an hourly email On The Dot with your store's numbers. no matter how busy.\n\nyou will get paid absolute garbage for the work you do. your hours will likely start at 4-8 hour work weeks unless you take a keyholder job/promotion. you will get minimum wage, and can't argue for more because you don't have experience. if you're lucky, corporate will send you mediocre cold pizza and a bottle of soda to last the whole day.\n\ni don't say all this to scare you away, but just to forewarn you. it's not amazing, but definitely better than working at bigger retailers like walmart and best buy. if you get hired, use it as experience and look for better opportunities elsewhere."", ""It was my first job too I started as a seasonal straight out of highschool. It's not a bad first job you just have to recognize what is in your job description and what's not. They will try to make you do things you aren't being paid to do that are responsibilities of your seniors just make sure you know what is and isn't your job and stand up for yourself. Also get used to the idea of not earning very much money and crappy schedules. That said it's not a hard job and can be a lot of fun. Don't plan on making it a career and look for a second job."", 'No. No. absolutely No. \n\nNo. \n\nDon’t do it to yourself. \n\nBest advice I’d give to a younger me, ignore retail go do some labor and start to learn shit with your hands. Retail will make you hate everyone and everything! \n\nSomething about GS makes it indefinitely worse and the hatred onset faster!', 'No, not as a first job.  Come back as a seasonal for holiday to dip your toes in and see if you like it.', ""I have worked as a Seasonal sales associate so it's a okay to start out, from my standpoint Gamestop can be quite demanding, but at the same time the location where I used to work dealing with occasional customers only times it's busy are holidays."", 'One has to wonder how people miss how many ""promoted to guest."" Flairs are worn with pride lol.\xa0']",0.5859,0.8737,0.12313793103448277
1ltb7jn,Sadly it's time for me to move on,5916,https://www.reddit.com/r/Superstonk/comments/1ltb7jn/sadly_its_time_for_me_to_move_on/,1751833789.0,"With a heavy heart, I must confess I have to move on and I just can't keep waiting for things to change.  I've always believed in the DD, and I've put a lot of money in GameStop over the years averaging up half the time and averaging down the other, and I've talked about this around the house so much over the years that my girlfriend has lost faith in me and my decision-making.  GameStop is driving a wedge between us and I just can't live with a wedge between me and who ought to be the most important girl in my life, and she just refuses to get on board.

So, I kicked her to the curb and there's no longer a wedge to worry about.  My beloved GameStop, it's just you and me now ❤️ ","[""[Why GME?](https://www.reddit.com/r/Superstonk/comments/qig65g/welcome_rall_looking_to_catch_up_on_the_gme_saga/) || [What is DRS?](https://www.reddit.com/r/Superstonk/comments/ptvaka/when_you_wish_upon_a_star_a_complete_guide_to/) || Low karma apes [feed the bot here](https://www.reddit.com/r/GMEOrphans/comments/qlvour/welcome_to_gmeorphans_read_this_post/) || [Superstonk Discord](https://discord.gg/hZqWV2kQtq) || [Community Post: *Open Forum*](https://www.reddit.com/r/Superstonk/comments/1ipojer/open_forum/) || [Superstonk:Now with GIFs - Learn more](https://www.reddit.com/r/Superstonk/comments/1cr37r7/superstonk_gets_its_gif_on_get_hyped/)\n\n------------------------------------------------------------------------\n\nTo ensure your post doesn't get removed, please respond to this comment with how this post relates to GME the stock or Gamestop the company.\n\n------------------------------------------------------------------------\n\n\nPlease up- and downvote this comment to [help us determine if this post deserves a place on r/Superstonk!](https://www.reddit.com/r/Superstonk/wiki/index/rules/post_flairs/)"", 'Had me in the first half', 'I downvoted and had to change it 🤣', 'Hell yeah brother', 'Every time I see one of these, i fall for it in the first half. Still funny 84 years later', 'You got me lol ! Brrrrrrrrrrrrrrrr', 'So with your gf being out of the way now... some of us can move in with you, no?🌚🤣', ""happens to the best of 'em"", '![gif](giphy|CYU3D3bQnlLIk)', 'Haha you had me,  Well done champ\n\nhttps://preview.redd.it/s61u7kv3fbbf1.jpeg?width=1080&format=pjpg&auto=webp&s=59f592474eb5df18297757f99727761928d74b79', 'lol! Best of luck to you! You’ll find your princess in another castle.', 'This is the way 🙌😊', 'YEAHHH', 'Almost had me OP', '![gif](giphy|Q8rquIDGSg0u6HJB5h|downsized)', 'Wow, the same joke yet again, how hilarious', 'lol good one. I didn’t want to read it at first glance but came back to read it. As I did I was going to advise you to get a prenuptial incase that girlfriend became your wife. As I continued to read it it came to be a good laugh and realize that what I was reading was posted by a big hairy balled diamond hands ape.', '![gif](giphy|ZgYBhq1x7L1bW)\n\n🫡', ""Had me in the first half! He'll yes forget that girl she'll want in after you moon"", 'Bro you got me', '![gif](giphy|yA5Y3B4Ip13Xy)', 'Gonna have more millions now that you don’t have to share with anyone! 🚀🚀🚀🚀🚀🚀🚀🚀🚀', '![gif](giphy|QA88yMhazfDI4)\n\nOP with his gf', 'Power to the player!\n\n![gif](giphy|kzJ2kzfIeWUBwzryjl|downsized)', 'Type shit man', 'lol', 'Once you’re rich you’ll want a hotter one anyway. Good move', 'Remember to stay strong when she comes crawling back after MOASS 💎👐🚀', 'Yeah my gf left me because of my shares which has put doubt into why I own it anyway. Gonna sell sorry guys /s', '420th upvote while i take a dab', 'Seen these so many times now that my first thought was ""poor girlfriend"".', 'They had us in the first half Coach, ngl', 'My longtime girlfriend/partner has come to believe over the years.\n\nNow she sometimes talks about what we\'ll do ""when Gamestop goes off.""\n\nI feel lucky.', 'Truly regarded. One of us! 🫡', 'I was sooo ready to get pissed off', '![gif](giphy|y2i2oqWgzh5ioRp4Qa)', 'Oh my god have you seen all the fud???? MOASS SOON', '[deleted]', '![gif](giphy|gVoBC0SuaHStq)', '![gif](giphy|ytTYwIlbD1FBu)', 'Embarrassing to type out even as a joke, yikes.\xa0', ""I almost sprained my thumb downvoting then un-downvoting lmfao. \n\nYou're definitely going to be featured in the sub that hates our stock tomorrow lmfao"", '![gif](giphy|y2i2oqWgzh5ioRp4Qa)', 'My wife is trying to make me liquidate my position so we can buy a new house. I refuse, 2xxx holder, wish me luck boys 🫡', ""in 10 years you'll have a younger girlfriend!"", '![gif](giphy|12ZDIx1Mw1cXVm)', '![gif](giphy|n9ONPpvaJzlQMAsE9o|downsized)', '![gif](giphy|3o7TKF1fSIs1R19B8k)', 'https://i.redd.it/v62lie2zmbbf1.gif', '![gif](giphy|y2i2oqWgzh5ioRp4Qa)', '🟣’s before hoes, bros.', 'Damn', 'This is the reason my husband has no idea of what I hold in GME', ""Oh man haven't seen a post like this before...."", 'LFG !!! You made the right decision my friend', ""I haven't been so sure about anything in my life."", ""I know your being funny but if real,wrong choice. I hold game n sadly it will never go where we thought it would . Once I get to where I am only $3 share at a loss I'm out. These guys will never let this thing run."", '😆. I stopped talking about it with anyone like a year and a half ago. Still holding, still buying. Just set that drip and get my monthly text updates.', 'HAHAHAAHHA love it. Read this to my gf and she chuckled', 'This is the quality content i am here for', 'Original DD is kind  of old though... And may not have basis any more', 'May not be here, may not be there. But there will be FUD everywhere! \n\nWhat happened?\nJust over two weeks ago - You said you’re down/here for a long time!\n\nLike I always say, take care of yourself and check in once in a while, otherwise you’re sending a message you were sending a different message from a comment 17d ago..', 'godspeed. im about to enter round 4. hope this one can manage', 'You sneaky son of a gun, bravo!', 'Haaaa shut up trick, swallow, if you can’t swallow, shut up trick… gargle.', 'So wait…. Did you cut off your right or left hand?', '🤣🤣🤣', 'https://preview.redd.it/0507461tqbbf1.jpeg?width=572&format=pjpg&auto=webp&s=8dc7fc44889a33c551c2fd6f1eea7facbb0c5101', 'Yoooo', 'Can’t wait to see u driving and living ur dream! 🚀🚀🚀🚀 the time is coming bro!', 'Lol you motherfucker.  Good one', 'We’ll need a GameStop Raya after MOASS. Apes only.', ""Don't worry, when that wife changing money arrives, you'll be able to enjoy the years with someone who cares about you and who's world views align. \n\nI always say, find someone who's not broke, and don't fix them"", 'I was horrified that someone would actually choose to kick GME to the curb. You got me good!', 'Thanks for the weekend chuckle OP🙂\u200d↔️', '![gif](giphy|88iYsvbegSUn9bSTF8)', '![gif](giphy|tHJA1JRzcWDlzzMQ7F)', 'U got me in the first half, ngl', 'This is the way', '🤣 😂 😝', 'Hopefully it was amicable.\xa0', '![gif](giphy|y2i2oqWgzh5ioRp4Qa)', '🤡', 'you really had me there.', ""That'll teach her! Lol"", '![gif](giphy|l3E6uhDAN3W7vylji|downsized)', 'Wife changing money 💰', 'Lol', '![gif](giphy|xT4ApjjMoHdbCrVu0w)', 'Gets my up.', 'TL;DR?', '😎😎👍👍❤️❤️', 'Got me 😂😂😂', 'Ngl this format of post is ass', 'Got me.', 'Bro I was gonna light your ass up by sticking a bananas up in there.', 'Lmfaooooo i love this', ""Wife changing money is why I'm here"", 'Just a boy and his stock', '![gif](giphy|Ae7SI3LoPYj8Q)', 'Emotional and sexual escorts are suprisingly affordable, just advice for tomorrow!', 'I’ve legit gone through 2 girlfriends holding gme. That’s about 2 years a ship. The 3rd one I have now bought the dip. I think I might of found her.', 'Lmao, really thought it’s one of Kennys bots again 😂 nice catch', 'RC owes us women.', 'You actually had me…😂 slainte!', 'This is the way!', '![gif](giphy|dxbPGFv7tSK3e)', ""I find myself visiting Superstonk daily, though I rarely contribute to the discussions. 🧐 I've started commenting because I'm hoping to accumulate upvotes for karma. The reason for needing karma is that after a year, I've finally acquired xxxx shares of GME, and I'm eager to share this achievement with the community. 🚀💰👏"", 'Can’t read, too smooth brained.', 'GME', 'Hahahahahaha fake repost', 'This', 'You guys know girls?', '![gif](giphy|Ld77zD3fF3Run8olIt)', 'People who doubt themselves will end up making you doubting yourself', 'So weird - the only time Reddit suggests I view this sub is when it involves someone selling or a title suggesting it (in this case)', 'Honestly if you’re down on your GameStop investment it’s because you don’t really pay attention or care about learning financial literacy.\xa0\n\nI know that this post is satire and you’re just making a funny, but I’ve been seeing a lot of people talk about how they’re down on their investment and I’m just baffled. Not only have I gotten around 400% capital gain over the last 4 years, I just tipped over 2k shares. This has only a small part to due with me continuing to save money by putting it into gme. I sell the swings up, and buy when it drops.\xa0\n\nI get the whole MOASS play is possible - but like any “get rich quick” scheme you buy - the only person getting rich is the one selling it.\xa0', '![gif](giphy|PJLHNaEpmeqUU)', 'GME 🚀🚀🚀🚀🚀', 'Someday you will find someone who will support you no matter what', 'Someone spent $8k on Bitcoin about 11 years ago and sold everything for $1.9BILLION DOLLARS…I hope GME does this good for you guys', 'This is truly the best sub. Love all of you apes 🤙🚀❤️', 'If gme was gonna turn around on stock price, it would have done it by now', '[deleted]', 'but did you give her half your shares?', ""I hate how your title is fud as you scroll by. I don't like these and I downvotsd."", 'Had me at shitpost.', '![gif](giphy|eKPmz6EF9HezS)', 'This is the way', ""You only didn't get me because I like speed skim and then full read. (I don't know why i do that but it worked out this time XD)"", ""This is literally out of a cult playbook. I hope you're just joking.\xa0"", 'Focus on yourself, King.\xa0\n\n\n\n\nWe got this.\xa0', ""Sounds like you've still got the most important girl in your life...\n\n\n\xa0 \xa0 \xa0...Lady GME"", '😂🤣 No mames!', '![gif](giphy|ljx6eVdnGEEkzdEivU|downsized)', '🥱\n\nTake a newspaper ad out.', 'lol I read the whole thing now', 'Such a sad love story.', '![gif](giphy|QWqH7oRfHwVKwb8YDL|downsized)', '# You had me, you rat bastard !!!\n\n![gif](giphy|l3E6uhDAN3W7vylji)\n\n#', 'This is the way', 'Okay.', 'Why was there such a push to keep gamestop alive? Wasn’t it something to piss off shareholders? I saw an article a while ago. Was private equity trying to liquidate it and people put stocks in to keep it alive?', 'lmao lfg', 'Ops !!! Bye Heifeny !!!!!!!', 'If there’s still a roof over your head or food in the fridge… are you even trying?\n\nMortgage it all Diamond Hands!', 'Well played sir', '🤣🤣🤣🤣🤣🤣🤣🤣🤣🤣', 'Genuinely amazed when I see these pop up on the front page still. You guys are so delusional lol. Either there’s a grand conspiracy and you’re all rich or GameStop is an out dated business with scummy practices that would have folded years ago without you all propping it up. I’m more inclined to believe the latter', 'Lol as if anyone on this sub has a girlfriend 🤣', '![gif](giphy|pZKP8HyqH4mO5Pakvi)\n\nDamn. He hit us with the old Kansas City shuffle.', ""Dude I've been running.ai forinsics over the years. Ive never seen numbers like I am now. We're looking at 96 to 100% odds coming up for the end of August. Im surprised I haven't  seen any other reports reflecting this. But I have noticed odd behaviors in the threds lately. I might produce my findings soon. But kind of want to see how it plays out first. Because the numbers im running are so strong, it has to be flawed."", 'Holy shit you guys are a cult.', 'It’s okay. Her other bf didn’t need her either!', '![gif](giphy|l0ExbnGIX9sMFS7PG)', 'As prophecy says, “This isn’t life changing money, it’s wife changing money we’re out for.”', '![gif](giphy|T1286ZxrQbzWw)\n\nMy precious', 'Dumb cult shit', 'i buy shares with my spare money to avoid the scenario above.', 'Lol', 'You sonofabish -you got me', 'my first though was not like why so many upvotes , shilly willy can afford whatever, ,my thought was ""300 comments and counting ? wtf "". let me check it out\n\nOP you beautiful bastard', 'Wife changing money it is.', 'This❤️👍', 'Ma men 💪🏻😎', 'Bants', 'Talk about having stupid priorities.', 'Big mistake.\n\nShould have sold the wedge and bought more shares.', 'yup it just takes too long to increase substantially for all those who went all-in too early : )', 'Karma Farming posts are suspect for later Shill attacks. Beware.', 'This post is actually shilling and fud an the highest order!! People who are genuinely are going to read the title and move on!!!!', ""they need everyone out.  nah, there isn't really an exit strategy given all the stupid goin on"", 'Modify your headline as this could be FUD.', '![gif](giphy|Ld77zD3fF3Run8olIt)', 'She’ll come crawling back post moon', 'Algo going nuts today', 'Ya had me for a second or two.\n\n![gif](giphy|ksbGgRheZTRUb3Xecd)', 'I don’t like this type of joke. It’s lokey shilly.', 'This is sad', 'I feel like I been Edged. I been raw for like 4yrs now. 😂', 'It’s not an airport', 'F***ing Legend', 'u got me, lol', 'Fuck these stupid ""gotcha"" posts. \n\nThe world has enough insincerity in it. \n\nYou have plenty of company that thinks this is super clever, OP, but IMO it should be banned.\n\nIt\'s just noise.', ""You don't need that kind of negativity in your life, brother ape.  Im glad you've seen the light."", 'downvote for deceiving me, upvote for deceiving me, and finally an upvote, just cuz.', '😂🤣', 'I mean it’s funny, but for people who just skim the titles of posts it does kind of create the illusion that sentiment is changing', 'Bros before hoes...salute!', '![gif](giphy|UlL7MXoh513bsWIddw)', 'top tier shitpost', 'U were to loose her anyways in future. Plus she would b taking half of ur GameStop money.  Let her move empty pockets.', 'The first half is exactly what they’re counting on!', 'Wife changing money. Cant be wrong about that.', 'This is sad, very sad', '![gif](giphy|12ZDIx1Mw1cXVm)\n\nGot me', 'Haha!! Got eem!!', 'Same here 😁', 'Bye Felicia', 'Not gonna lie...', 'This is the way', 'I averaged down in the other half.', 'If he had you in the first half, you are not a true believer.\n\nHe never had me. He never had my car.', 'As with most of these posts lol', '![gif](giphy|y2i2oqWgzh5ioRp4Qa)', 'Not gonna lie', 'My only fear is that nobody would actually read the post to get the joke ha ha', 'I would have upvoted regardless. You need to do what’s right for you.', 'lol we don’t care about votes anyway.\n\nand it’s just you and your GME now…  and us 200000009 apes.', 'Same!', 'same :D', 'Literally same', 'So many of these bogus I gotta get out posts made me feel like it was time for a funny one 😜', 'Haha right on gme go brrrrr', 'Share the rent, more $GME', 'Haha doors wide open bro 😂', 'Ha ha thanks pal!!', ""They build any castles behind a Wendy's?"", 'Hell yeah! 🚀', 'Haha!  Drat!  😄', ""Thanks! It takes a little skill to craft the perfect gotcha.  Not that I crafted a perfect gotcha, but I thought it was pretty good too thanks 😎 hadn't seen a gotcha in a while but there have been way too many bogus I had to sell posts and I thought it was time 😁"", 'What you wrote is far funnier than OP’s post', ""Awesome thanks brother, I'm not an OG December ape but I'm a January ape!!"", '😜 🚀', 'Thanks 🤣', 'Need that wife changing money right lol 😂', 'NOICE', 'So not got eeem!  I tried tho!  😂', 'Makes my day ape 😁', 'Hell yeah bro', '[Well?](https://www.youtube.com/watch?v=Vo_P_jLB9hU)', 'Regard recognize regard 👍🚀', 'lol 😂', ""Cat's out of the bag!  To the moon Alice! 🚀🚀💎🙌🚀🚀"", 'This is not a sad post! More like a satire of all the other bullshit posts', 'Fucking love that meme 🤣🤙', 'Thanks ape!', ""Bro I'm an ape. We don't know what embarrassment means.  Hooman"", 'Yeah, stuff like this is why I rarely check in with this sub anymore.', '![gif](giphy|7t38CLCY8t5EXmqcMK)', 'Bwaaahahahaha 😂😂😜💪🤙', ""I'm a nasty hairy ass ape even with moass money it might take me more than 10 years but I appreciate the positivity!"", 'No you are lol 😁💪', 'This is the way', 'This is the way', 'James', 'You go Mom!', 'Thank you, mastering the gotcha is a skill and a talent', 'Never seen an ellipsis before myself', '![gif](giphy|10bHcDcPM925ry)', 'Same here ape!!', 'Worry not for me, but have faith young ape', 'Amen and same here', ' 🫡', ""I'll need a Steven Crowder prove me wrong meme"", ""Gonna need a refresher on that one to know what you're talking about"", 'https://preview.redd.it/wn6d5z1nrbbf1.jpeg?width=736&format=pjpg&auto=webp&s=6479bd58d0755344fb14ed143553d1e129b8fd87', 'Yessir!  Thanks', 'https://preview.redd.it/y2uvtoj1rbbf1.jpeg?width=1290&format=pjpg&auto=webp&s=cae8deb3c6e1377184f3d0164d86172f2a5a1f80', 'Right 😔', ""You can't cut off true diamond hands, so neither!\n\n![gif](giphy|tXLpxypfSXvUc)"", 'Fuck you too! Love you!', 'Just having a hard time deciding on the color for that Lambo', 'I do love fucking mothers! Just not my own, that was weird', 'You’re in for a world of hurt if you think money is gonna help you find someone who cares about you.\xa0', 'God, gme, everything else in that order lol', ""I'm here all week!  Haha"", ""Yep that's the look of regret but not mine"", '![gif](giphy|CYU3D3bQnlLIk)', 'This IS the way oohhhmmm', 'Thank you sir', ""'Twas"", '🤣', 'Haha hell yeah 🤣', 'Damn straight', 'Right 🤣🤣', 'My guy!! 🚀', 'Tits?  Jacked???', 'Buy hodl drs', '😁💪🚀', 'lol got eem', ""I'm an ape what more do you expect 🤣🤣🤣🤣🤣"", 'Do you prefer haikus?', 'The penalty I guess is you have to go buy more!', 'Awesome!', 'lol not me!  In it to win it like yzerman.  Can drink about 15 Heineken 🤣', 'Ha ha awesome love you', 'Yes sir!', ""Way to go bro! That's awesome!"", ""I had a wrinkle or two but then I did some drugs and I'm as smooth brained as the rest of y'all 🤣🤣"", 'The one and only!', ""I'm sure I've seen something like it before but I hope I did it better lol 😂"", 'Hahahaha', 'Amen', 'Glad to have you here brother!', 'My man ❤️', 'To the moon baby!!  🚀🚀💎🙌🚀🚀', 'Have faith have patience and all will be well 😇', 'Patience brother 💪', ""That's fair, but hopefully all the updoots speak to something"", 'Would I give her half my balls?  lol 😂', 'I know, I feel you just wanted to inject some positivity', 'Thank goodness lol 😂', 'HAHAHAHAHA DAYUMN', 'Yes sir God bless!', 'Ha ha awesome love you', 'lol 🤷🏼\u200d♂️', 'Hell yeah we do 💪💪🚀', ""Damn she's hot too 😍"", 'Nooop!', 'Haha 🤣', '![gif](giphy|GWClZ08SvIdFe)', 'lolbtwahahha', '😂', 'Thank you, thank you lol 😝', 'Noice 🤣', 'It was foretold', 'Indeed.', ""Uhhhhh bro I don't know what the heck you just said lol 🚀🚀💎🙌"", 'Gme to the moon baby 🚀🚀💎🙌🚀🚀', 'Ciao 😂', 'Just enjoy the chuckle ape', '🙄 let the updoots speak for themselves', 'Maybe the upvotes will speak for themselves', 'Haha right on 😂', 'With all the bogus I had to sell posts out there, I thought a funny one would be a nice change of pace 😜', ""lol it's all good mane 🤣"", 'LFG!', ""There are always the ones without the gotcha that are purely FUD if you prefer... Just thought it was time to interrupt the cycle with some lighthearted fun and hype.   Hope it gave you a laugh to start your week but it doesn't sound like it.  Can't please everybody.  But sure why not ban all these I had to sell posts... legit FUD or gotchas... I'd be fine with that too"", 'Haha yeah man, happy Monday!', '![gif](giphy|4Jxa0QgHF2HSw)', ""Your mom's gonna be fine don't worry"", 'Ha ha nice! Enjoy your Thursday!', '![gif](giphy|CYU3D3bQnlLIk)', 'Got me too lol', '![gif](giphy|a8DfVAblirrOg)', 'Happy that you’re currently wedge free, but I hope that you moving forward in a healthy manner. Time with family and friends, gym time or hobbies and self love activities. Losing a wedge can be difficult regardless of the reasons, just want my fellow Ape to be happy and healthy', 'I think there is a misunderstanding.\nHe never had me convinced to sell, but I did believe he was selling.', 'But what color?', 'I live my life a quarter share at a time.', 'This exact gif!! Thank you', ""yeah I almost didn't because of a couple similar posts at the end of last week that did not have the gotcha, well done 👍"", 'You know I can’t read', 'Great formatting, first paragraph has lots of words so I skip. Second paragraph has few words so I skim. Me get the point! I ❤️ GME', 'I almost hung up.', ""Shills probably read the first few lines and upvoted immediately. Those are the ones you hope don't read all the way through.\xa0"", 'The flair gave you away', 'Booooooo', 'At your service fellow apes 🦍', ""Yep! We're not locked in here with them… They're locked in here with US!!  💎🙏🚀🚀"", 'THIS.', 'Inspired me to make a meme vid. Thanks\n\nBullish', '*all* Doors? 🌚 if so i can bring some bananas if you want', 'I know! I did not catch it until the end of', 'Fucking love you, totally had me 🤣', 'Good decision. Apes together strong! Never forget!', 'Imagine *you* are the cringe?', '💎🍻💎', 'Better right then left, cause left cant make new shorts, left is left with his positions', ""Two wrongs don't make a right, but three lefts do"", '🤜🤛', '![gif](giphy|21S35iv1C67ns2g458)', '![gif](giphy|10Jpr9KSaXLchW|downsized)', 'I am a villain in my own story arc, the vices and self sabotage is something man.', 'It’s not their fault either, it’s a societal thing to not believe in underdogs. They rather chase shiny labels. But not all that glitters is gold. Real life writes the best stories though. And we are a part of one right now. Hope you find someone who believes in you. Good start to believe in yourself and your intuition.', '![gif](giphy|XmtkqE6G8hgSIJqKIe|downsized)', 'This is a first – I just downvoted my own comment.', 'I was getting so triggered at first! 🤣', 'Touché', 'THIS^ - Easy Boys !', 'We don’t need you to answer every comment don’t you have another shill post to start writing?', 'Likewise!', 'Now go get some 😜💪', ""I'll sell my pecker before I sell my shares!"", '![gif](giphy|l0GtwcDSNteWx2vfy)', 'Thank you sir', 'OP is straight future Copy Pasta material. 👑', 'You know “we” can’t read', 'I just learned to count!', 'Me love gme two', '😂😂😂', ""Please don't hang up on me I love you"", 'Yeah, I know what you mean. I knew there was a risk in adding to FUD but I wanted to flip the script 🚀', 'AMAZING.\n\n![gif](giphy|LlKIVSXCu1TvF2SQ1c)', 'Nice', 'lol', 'Hell yeah man', 'There is that Queen song, where Freddie say ""I gotta get out!"" Like 3 times.', '![gif](giphy|1hAxQTH0HEWS3L0oRF)', 'Haaaahahahaha!!  Not the back door lol', 'I thought your handle was jerkside... like my side of the bed ha ha', 'Ha ha hell yeah love you back!', '![gif](giphy|26ufdipQqU2lhNA4g)', 'But two Wrights made an airplane', 'I can put a banana up my ass if you want 😂😂', ""You've got this brother! We will all overcome 🙏"", ""Others might think it's crazy but I've never been so sure of anything in my life 🚀🚀"", ""This may very well be the funniest shit ever heard here.  Not sure if that's a compliment or disparagement but props"", 'The perfect verbiage just came to me lol 😂', ""For what it's worth, crying right now cracking myself up 😂😂"", ""Now I'm not sure if you want me to answer your comment or not lol"", 'Dont worry, marge Will call back soon..', 'I can bearly rite.', '🫳👌☝️🤙🤙🫰🖖🫲👇🙌🙌💪', 'Deep fucking value 💎 and a fierce captain. 🫡', 'Compliment to you. Disparagement to me.', ""Sorry but you just seem like a role model ape I commend and look up to you let's gme together to the moon first round on me 🚀🚀🚀"", 'CHEERS & DITTO 🍻 \n\n**EDIT:** I got 2nd!', '💥🍻🤯']",-0.4215,0.7178,0.21455110024449878
1ltfsab,GameStop Net Income per fiscal quarter since 2020,295,https://www.reddit.com/r/GME/comments/1ltfsab/gamestop_net_income_per_fiscal_quarter_since_2020/,1751845987.0,"[GameStop Net Income per fiscal quarter since 2020](https://preview.redd.it/uuzvv1zddcbf1.png?width=812&format=png&auto=webp&s=80055c5cab9f327305f8b78ec3ec54f4d73f2541)

""The first quarter of 2025 was our first profitable first quarter since 2019.

It's the results of cutting costs, reducing excess inventory, streamlining headcount, closing unprofitable stores, exiting under-performing geographies, and focusing on the core fundamentals of the business.""  
  
\- GameStop CEO Ryan Cohen","[""Welcome to r/GME, for questions in regards to GME and DRS check out the links below!\n\nDue to an uptick in scammers offering non official GameStop merchandise (T-Shirts)\n\nDO NOT CLICK THE LINKS THAT ARE NOT OFFICIALLY FROM GAMESTOP. \n\nWe have partnered with Reddit directly to ensure the Communities Safety.\n\n[What is GME?](https://www.reddit.com/r/Superstonk/comments/qig65g/welcome_rall_looking_to_catch_up_on_the_gme_saga/?utm_source=share&utm_medium=ios_app&utm_name=iossmf)\n\n[GameStop's Accomplishments](https://www.reddit.com/r/GME/comments/x3hv46/list_of_official_gamestop_accomplishments/?utm_source=share&utm_medium=ios_app&utm_name=iossmf) \n\n[What is DRS? US / International](https://www.reddit.com/r/Superstonk/comments/ptvaka/when_you_wish_upon_a_star_a_complete_guide_to/?utm_source=share&utm_medium=ios_app&utm_name=iossmf)\n\n[ComputerShare International DRS Support](https://www.reddit.com/r/GMEJungle/comments/r9euj1/computershare_upgrades_drs_support_for/?utm_source=share&utm_medium=ios_app&utm_name=iossmf) \n\n[Feed The Bot Instructions](https://www.reddit.com/r/GMEOrphans/comments/qlvour/welcome_to_gmeorphans_read_this_post/?utm_source=share&utm_medium=ios_app&utm_name=iossmf)\n\n**Power To The Players** \n\n\n*I am a bot, and this action was performed automatically. Please [contact the moderators of this subreddit](/message/compose/?to=/r/GME) if you have any questions or concerns.*"", 'It’s sad that the hedge funds don’t care about these numbers. Their plays at this point are against market mechanics and interest rates and swap details more than real world performance.', 'Honestly these numbers are incredibly impressive', ""Yes, they downsized dramatically, so what? It's like having a milliondollar home struggling to pay the mortgage and downsizing to a 300k house then bragging about how much money you're saving...like no shit 🤣"", 'Q1 is lowest in every year its only up from here lets go baby🔥🔥🔥🔥', 'Really impressive! Because of this I owe more than 4000shares of gme 👌🏽', 'And then came the Nintendo Switch 2...', 'Don’t forget the interest. It’s those other things plus that.', 'Extremely underrated comment! HF’s only care about backroom deals, fundamentals left the conversation about 40 years ago!', 'I had no idea until this all happened how fucked everything can be if they gotta play dirty.', 'Oh they do.... they just have soo much invested in it being a sinking business that they dont have much options.', 'They are the ones who set the prices for a stock, after all.', 'i agree completely.\n\nGameStop went from losing hundreds of millions of dollars per year to now consistent quarterly profitability.', 'They are until you later in the YoY revenue trends and the profitability resulting from interest vs operations', 'And 4 Billie interest free loan making almost 5% on top of our other 4-5 Billy from prior share offerings also making almost 5%. Sounds like quite a high EPS next quarter after switch two sales 👍', 'But the prices have nothing to do with the above charts, so…']",0.0,0.34,0.307075
1ltidgw,Found a Dreamcast sold at a Gamestop,591,https://www.reddit.com/gallery/1ltidgw,1751853905.0,"So uhhh had a crazy experience this weekend, haven't been to Gamestop in a long time, happened to just find a Dreamcast for sale in the back of the store while just looking around 😅 I've never played or seen a Dreamcast in person in my life so I'm super excited, my oldest console is a OG xbox. Wanted to share some pictures of it on the shelf and after I purchased it. Got to talk to the guy who sold it as well. They also have a bunch of nintendo 64 games in the back. The VMU was sold seperately which was a little silly, but overall paid $128

Checking the back of the console I think it's a VA0 manufactured in July 1999 with 0 NTSC-U","['That’s actually a pretty good deal! Nice one', 'My question is were their games so you can play it ?', 'I kind of want a second one, to mod and stuff.', 'I got a Dreamcast a long time ago from game stop. It was like $20 when I bought a couple Dreamcast games. I find this amusing since at one point they were basically giving them away.', 'Awesome!', 'Cant go wrong with a DC.', ""That's a surprisingly decent deal for gamestop"", ""Man I'm really glad I found a DC in like 2008 at GameXChange for 30 bucks. I got lucky there. People looking for one now have to pay over a C note? Still worth it. It's the 2nd best console of all time."", 'Good deal!  Plus the system and controller look to be in really good shape!', 'Nice score!', 'Not a bad deal if it came with all that', 'For a good price too. Shocker 😂', 'I still own my old one but not sure how long it will work so instabuy this thing for the redundancy.', 'Yeah….that’s a good price.  Good score. If I could find one, I’d buy it immediately.', ""Knowing gamestop that's actually a good deal"", 'Coooooool sweet pick up', 'I got one online from game stop 6 years ago for half that price.  It’s the model 1 to that plays burned CD’s.', 'That’s a pretty good deal, actually! Congrats, man.', 'I remember buying a DC complete in box with a controller, vmu, 2 lightguns and soul calibur for $65 like 8yrs ago… Pretty surprised to see this is considered a good deal now 👀', 'Damn. I paid $29 for my DC back around 2001/2002. Glad I got mine waaay back then. Still, nice find. Looks in great condition.', 'That price is kinda respectable if it’s in good condition', 'not a bad price AT ALL! Hell yeah.', ""Nice, that's a good price too"", 'Just get  down some . Cdi images and buen them to cd-r and you an play games tonight the only under 700 mbs or get uptopia boot disk 1.1 if games dont load', ""That's a shockingly good price considering it's GameStop. Got my JP Va0 for around that price in box"", ""I got my current Dreamcast from an old work colleague who didn't care for it, so he sold it to me for 25€ with 7 games. This was 5 years ago."", ""Gamestop's been selling Dreamcast for years."", 'Wow! What games are you planning on starting out with? If I could recommend I would say powestone, sonic adventure 1& definitely 2', 'Wow. I wish I came across this. Been itching to play crazy taxi again', 'Sweet!\n\nAnd that DC looks to be in pristine condition!\n\nNice find!', ""It's hard to believe a good working Dreamcast is only $114. That system always felt cheap. (as in fragile) Bad optical drives and blown controller ports are so common.  Many years ago I tossed a Dreamcast in the dumpster because the audio stopped working. Oh well, at least they didn't overheat and suffer from the red ring of death."", 'Oh sweet thank you!!', 'Rare gamestop W', ""Unfortunately no, but I might drop back by the store tomorrow to see if the employee who sold it is there. In the moment I forgot to ask on when I dropped by on Saturday, then I just bought it today and he wasn't in 😔\n\nHopefully they do have some in the back since he told me they have a bunch of nintendo 64 games in the back."", 'There...', 'Do it! I modded mine and put a transparent resident evil case on it', 'If you’re gonna do that, I’d recommend buying a Japanese one off eBay for cheap that doesn’t read discs.', 'They were basically giving away GameCubes in like 2010, and look at the scene now.', ""Things tend to increase in price as they become scarcer, and the pandemic drove up the prices of a lot of retro items because everyone was stuck at home. I remember finding a complete in box DC system at a yard sale back in 2007, but I haven't encountered anything for the Dreamcast since then, even at GameStop."", 'Not really a shocker. Their retro game pricing has typically been under market pricing', 'If you’ve got a CD burner you can burn games to play as well. Just fyi.', 'Sounds good', 'Could you share some pictures, please?', 'Sounds cool. Probably not in the near future for me, though.', 'I’ll keep that in mind, then!', 'Bro. I have the GameCube Digital/component cable. I paid $15 for it and it was going for $300j at one point.\n\nI also paid around $40 for the Ethernet NIC. Wish I had one of those for my DC though.', 'I remember buying a Dreamcast in a store for £4.99 😂\n\n😆 Even got it replaced under warranty for a worn out Lazer.', 'Thats so cool! Looking at videos of this now, very awesome that we can just play homebrew games especially :D', 'https://preview.redd.it/wz90irx0zjbf1.jpeg?width=1170&format=pjpg&auto=webp&s=f6f02f99f5f9f4c8b7fcbd37b383268875031c87', ""Thanks! Wow that's beautiful! Damnit now I want one! Where did you get that shell?"", 'From this website Muramasa Entertainment just google it, there inventory runs out fast but they do restock']",0.0,0.6132,0.38853333333333334
1ltk8gh,So can someone actually Explain why GameStop isn’t a good job,0,https://www.reddit.com/r/GameStop/comments/1ltk8gh/so_can_someone_actually_explain_why_gamestop_isnt/,1751859880.0,I’ve seen and heard people say it’s not a good job but never actually explain why I’ve also seen papa meats new video talking about it but it didn’t really explain why,"['Bro its retail, and they pay like dogshit\n\nYou new to adulthood??', 'It’s a sales job where you are given entry level retail pay.', 'You have to hit sales goals without compensation. You don’t get commission, you don’t get raises, you get to keep your job. \n\nBut that aside, the company is beyond unprofessionally run. It’s a fucking joke lol. Moreso than most other min. wage jobs', 'Your best will never be enough.', 'Too much, for too little. \xa0To sugarcoat my answer.\xa0', ""- low pay. when I was an Asst manager in 2021 I made $15.25/hrs, and apparently tly thay was considered high. My manager made $1 more than me.\n- You need to meet quotas on warranties, membership cards, and getting more than 1 item in a transaction. If you dont, you often get berated, threatened with firing, or at the very least written up.\n- Its a sales job first and a video game store dead last. If anything Gamestop is a collectibles store that happens to sell games. \n- Yes, you get to talk about games often. But if youre not hitting those metrics, youre gonna have a bad time\n- My DM was a shady POS who kept trying to make us do shady stuff like add disc warranties to games without telling the customer. And forced us to sell warranties with consoles or people couldn't buy them. \n- As an Assistant manager I said screw that and helped my customers. Ultimately they fired me the literal day w lost holiday hours in Jan 2021. The DM got me on 3 infractions no one ever gets written up for because he couldn't get me on anything real. That and he set me up to get 2 of those write ups by literally being in the store and staring at every move I made when I opened the store and waited for me to do stuff I didnt even know was an offense.\n\nOk. I'll shut up about it. It's a good atmosphere from a nerd standpoint. But the job is not just chatting about games without a care in the world. It was fun when I started in 2018. Covid showed the company's true colors unfortunately."", ""Absolute awful pay, awful customers, awful leadership that dont know what the fuck they're doing.  I make more money now doing significantly less stressful work and without being constantly micromanaged."", 'I had one guy say that walking out from behind the counter to greet a customer, was ""going above and beyond"".\n\nMy guess is most of the  people complaining were young and inexperienced when they started. So they thought, Gamestop = games= fun = working there would be fun and games.\n\nThen they found out it was work, and its kinda hard work, and not so much fun anymore. \n\nThen they end up here, with other similarly experienced individuals,  to complain that working is too worky, and it must be gamestop\'s fault.\n\nAnd heres the flood of down votes to confirm 👇', 'At this point I think people ask these questions just to be annoying as heck cause what do you mean you’ve never heard an explanation like all you gotta do is scroll down the page and there you go there’s your answer.', ""All retail work sucks, but GameStop is exceptionally bad. It is one of the least physically demanding jobs I've ever had and worse in basically every other way.\n\nThere is no real entry level position anymore. You get thrown in as a keyholder, working alone, doing everything needed to run the store from open to close, and all for ~$1 above minimum wage after only 2-3 days of training. Also doing everything likely involves doing a lot of stuff you wouldn't think about. You are not just a cashier with sales goals.\n\nManage to work your way up to assistant manager? You still get paid like shit with pathetic benefits ever since the massive cuts a while back. I don't want to deep dive on why the health and retirement benefits suck now, but you should know that they don't even offer 401(k) matching and it goes downhill from there.\n\nAt my local GameStop store, the ASL could walk across the parking lot to Walmart, get any entry level job (stocker, cashier, cart pusher, OGP, etc.), and earn double the pay with better hours, better benefits, and a tenth of the responsibility."", 'The best way I\'ve heard my SM and another SM in the same district describe it, as the evil you know. If you do what\'s expected, - granted, at times is difficult - you can make it enjoyable for the most part. – \n\nThis is coming from me, as someone who\'s been with the company for 4 years, only leaving briefly when I was an SL2. and then coming back as a key holder under one of the two best manager\'s I\'ve ever worked with - in all my working years -\n\nThe reasons I left was upper management, and the promise that both of my store\'s were closing. Which I found out later, I was promoted so the previous DM could keep their own numbers looking ""good"". I also came back because the new DM is one of the best as far as caring about his stores AND teams.\n\nTDRL; It was its flaws, but it\'s not all bad - from personal experience, having had multiple positions. And the perks, especially getting ""first dibs"" - within the standard parameters - as employees for new stuff coming out, specifically if you like collecting the non-existent \'shiny cardboard with cartoon characters\' on them craze now.\n\nP.S. Get into a ""good"" store with a SM who actually gives a damn about their key holders, and one of the few decent, ethical DM\'s...', 'The company treats you like it’s an  abusive relationship. The customers treat you like it’s an abusive relationship. You work by yourself to hit meaningless percentages and they don’t care about sales or profits. The whole experience is horrendous.', 'Always have to hit goals on like 6 different metrics even if you killed it for months if you have a bad week you get in trouble or written up and talked to like your stupid. Dms are mostly insufferable wanting to waste time with zoom calls talking about how shitty some of you are doing. Oh yeah if someone robs the store consoles or merch you get in trouble because you didn’t follow them around and ask them if they needed help with anything. The company is ridiculous.', 'I mean pay is the largest factor.\xa0\nIt’s just one of those jobs that will always make you envious of the other starter jobs that pay wayyyyy more. You honestly are better off starting at Chick Fil A or In n out; if either are within your reach.', 'In a 5-8 hour single coverage shift they will expect you to   \n  \n\\-process up to 40 boxes of shipment.  \n  \n\\-take in and process trades, clean the trades, make cases for the trades without boxes, and deal with a broken new trade in system that goes down in the middle of a rush.  \n  \n\\-perform ""mandatory"" counts on every single plushie, trading card, pop figure in the store...sometimes all of those and more.  \n  \n\\-alphabetize the walls. (boy do we save this for last these days)  \n  \n\\-log in to a system straight out of 2006 to try and find whatever arbitrary tasks have been pulled from the RL\'s butt this week.  \n\n\n\\-ask every person who walks in to sign up for Pro accounts, reserve games they may or may not procure and add warranties to everything.\n\n\\-Do a useless conference call if you open, listening to the same old thing for anywhere from 1 to 3 hours while still juggling all the other tasks while staring into a tablet while butt-kissing SMs at other stores brag how they have the highest metric and the DM showers them with kisses and reprimands everyone else even half a percent below them.\n\n\\-Deal with screaming banshee Karens and neckbeard man-babies who refuse to listen to return policy or save their receipt or even make a free account so they don\'t have to.   \nAlso, as a bonus, our new return system is a double-edged sword...it is so restrictive you cannot bend policy anymore at all...so you have an excuse...but it will also cause you to be the target of Karen\'s wrath.\n\nAND you have to do all of this using literally 20-year-old computers and a POS system that is also 20 years old.  \nI\'m not kidding. These things were installed TWENTY YEARS AGO and have just been held together with the power of spite and Satan.\n\nI do still have days I enjoy working here in spite of all that.', ""I love retail, and there are lots of aspects of GameStop I love too, but it's ruined by management and customers. Management only cares about numbers, doesn't give a shit that you do stick to their dumbass scripts and customers will still decline their overpriced warranties and membership and you're the one who's yelled at for it. Daily micromanaging is just insane.\n\nAs far as customers, most of my area is not that bad, but I've covered at other stores that the people are just awful. Either their trying to trade in garbage and blame you for prices you have no control over, or they are just so incompetent they don't understand when you try to explain policy to them (again, policies out of your control). \n\nPay sucks, hours suck. Your store is allotted x hours per week shared between everyone, and Managers+ASM get minimum 30 hours each, leaving only about 20-40 hours to share between 2-4 employees. Also, be prepared for daily meetings that are literally a massive waste of time, corporate deciding what the layout of your store should look like without checking your inventory, and you pay is only barely above federal minimum wage."", ""You will get hired as a keyholder. Your just a body that opens A. Store then closes B store. With single coverage.\xa0 You will be doing Manager work with less pay. Be overwhelmed with tasking that ment for a team but your on single coverage. Meet BS metrics daily, weekly, monthly that wont add up. Dealing with customers that don't understand anything.\xa0 So you will get blamed for it. Dealing with shoplifting,\xa0 Dealing with scammers. Oh Friday and Saturday mornings are Pokémon TCG days where you have to deal with scalpers who camp out overnight.\xa0 Then the dealing the store closures.\xa0 This year 2025, 300 plus stores and counting still going down. In most cases the whole team gets terminated and somebody thats a good doggy up the DMs ass will clean that store up. The reality of it all. This is no longer a good job. Even if your promoted to SM you aint surviving in this company.\xa0\xa0"", ""Imagine yourself treated as a car salesman without the commission. You'll likely be slowly pushed to insanity by constant upper management breathing down your neck for performance. All for likely just above minimum wage.\n\nThe only thing that makes it worth it, or used to in personal experience, is a great store/team and some great regular customers."", ""Do you like money? Yes? Move along. If no, Do you like having ludicrous expectations with no hope of meeting them? No? Move along. Can you go in knowing that nothing you do will ever be enough for...anyone? Well, you get the picture by now. (I haven't worked for gamestop in 20 years its probably still the same shit.)"", ""Former employee here\n\nAs an SGA and Key Holder (what we called people right below Assistant Manager on the hierarchy) I had to do all of the following\n\n-Meet Sales metrics\n\n-Store Maintenance (fixing things that are broken and cleaning at least once a day)\n\n-Open/close by myself more often than not\n\n-Process incoming inventory\n\n-Process outgoing inventory\n\n-Process Online Orders \n\n-Manage other team members (if I had any scheduled during my shift)\n\n-Manage the ever-changing Marketing plan\n\n-Reply to and send useless emails demanding metrics the person could see if they clicked a few buttons themself\n\n-Make bank runs during/after work hours\n\nAnd I'm sure there's stuff I'm forgetting, but all of that for $9/hr, usually all at once, while customers were being cunts and management were being cunts. There's a reason I left to go work as a grocery store cashier besides the pay increase to $15/hr"", 'Fr I see so many people say don’t apply yet then say they love their job so much where they won’t leave. It’s like people here gatekeep the job, “It’s horrible but I’ve been here 10+ years.”', 'Ex seasonal and view: very little pay for expectations at seasonal level, keyholder, ASL(2), ASM and just staff in general. While staff at store level can be great, DM and up are in most cases never acknowledging of accomplishments like sales, preorders, warranties.\n\nSomething as simple as if expectations for the period of met spending the $40- $50 and buy them food, congratulation them, give them a gift card outside of GameStop (they can afford it since they get a monetary reward for goals met) and don’t immediately push more more more, yell if they don’t meet expectations because it’s not the employees fault and definitely don’t push the shady shit of just add it… customers won’t realize it, complain or come back when doing this will definitely cause what they say will happen.\n\nDoing those little things will help boost overall morale of the staff even if pay sucks ass.', 'low pay ""initial retail in my area is $12-$13 bucks a hour as a keyholder i was making $11.25""  \n  \nsales goals ""more or less 3 metrics you have to meet daily on your sales you could blow 2 outta the water miss 1 and still get flak or even a writeup - our DM gave you 1 warning then a write up,""  \n  \nhorrible management ""traditionally anyone above store manager does not care about you, your needs or your customers its all about ramming things down their throats - in a store like gamestop relationships with customers is huge especially for collectibles and other things like that plus in general what person wants to walk into a store and be bombarded with buy this over and over to the point they spend more time listening to your sales pitch than buying an item, plus hours and benefits were krap, especially during covid they alloted enough hours for single coverage open to close"" \n\nas a whole gamestop is a amazing place to work the people are generally friendly and being able to be surrounded by something your passionate about is always nice issue that kills it for 90% of people is listed above you mix the issues above with the occasional bad customer and it makes a heavenly job look like one from hell', 'Employees are expendable resources that upper management expects to hit bullshit metrics. Doesn’t matter if you were top of the district an entire quarter, if your numbers suck the next week be prepared to give an “action plan” of how to boost those numbers', 'No raises only promotions and the workload that is included in the promotion doesn’t match the minuscule pay bump', 'I think the real challenge is in justifying why it is a good place to work.  I thought the culture was unnecessarily cutthroat and competitive *in 2007*, and it has only gotten worse.  The pressure put on everyone at the store level is not commensurate with the compensation, and the store managers got fisted pretty hard over the years.  “Hey, you all are going to hourly, but you’ll get five hours of OT to balance it out.”  “Hey, we’re going to have you manage an entire second location for $1.50/hr more.”  “Hey, we’re cutting out the OT, any income growth and slashing the benefits.”  “Hey, that store closing kit you received?  Yeah, we’re shutting your store down.”  Why would anyone want to work somewhere that demonstrably and routinely disrespects its employees?', 'you have to be a sales person, a cashier, a stocker, a janitor, and a manager all for less than what a cashier is paid at most stores', 'No growth potential unless you somehow get an invite to the exclusive club. That invite is not based on merit or work ethic but ass kissing and who you know. \n\nIf you are a “gamer girl” prepare to have 1-5 creepy male customers come in and just stand at the counter for hours attempting to chat you up regardless if your married or gay you will be harassed by customers for sure and potentially even management. \n\nInfinite micro managing that just never ends. \n\nSolo coverage and you won’t be a full time employee unless your management. Expect somewhere between 6 and 20 hours a week. don’t expect any sort of benefits, insurance, PTO, nothing even remotely close. \n\nYou’ll work most holidays…for no extra pay.\n\nCustomers are progressively getting worse prepare to be abused by them and corporate.\n\nIf you’re a hard or diligent worker you will be taken advantage of w/o compensation.\n\nPeople will literally just drop their kids off for you to have to deal with. \n\nDepending on where you’re located single coverage leaves your ripe for harassment or a robbery. \n\nNothing ever works as intended and pay is absolute shit but the expectations of being a babysitter,run the register, stock shelves, price changes daily, store layout changes, signage changes, and much much more you are also expected to meet a whole list of metrics and told to upsell to every single customer…\n\nIt’s souls crushing, draining work, with laughable compensation from a company who actively avoids having to pay employees as much as possible. If you enjoy video games or Pokémon you will slowly begin to despise them as GameStop sucks the positives slowly out of everything. \n\nRetail is the worst…but GameStop is a completely different beast in its own right. \n\nI’ve worked numerous extremely shit jobs. By far GameStop was the worst all around. It took an immediate toll on my mental health and my faith in humanity was rocked to its core…', 'The job itself is fine. The upper management is the issue', ""You're a used car salesman without the commission."", 'Run', '8.25 to be a manager isn’t enough reason to not work there?', ""Think about how it feels being gaslit all the time. That's corporate. The job would be amazing if I didn't have to deal with those overpaid idiots."", 'Your job is held in the hands of strangers that come into your store daily. You could be a god and get fired based on customers saying no all the time', ""You're just a number waiting to be replaced with another number, it's all numbers. You won't matter."", ""Sure they treat you like a pig and pay like shit but is there a reason why it's a bad job?"", 'It\'s worse than just ""typical retail"" though.   \nI actually enjoy typical retail. This is high pressure sales with no appropriate compensation and with exorbitant micro-management. \n\nIt\'s borderline labor law violation.\n\n(That last sentence may have been a bit hyperbolic but not by much)', 'I’m old enough to get a job if that answers your question', 'Hopefully one day the stores will be long gone', 'This is the best simple answer.', 'This fucking hit too deep.', 'I like the job, and I still find this part disheartening.\n\nIf just exceeding in one or two of the main metrics any given week was enough, that would be fine. Or if we got any kind of reward for achieving at everything other than a pat on the back, maybe it would actually feel like fun competition rather than a race that I still feel like I’m losing even when I’m winning. You can be best in the company at something and still get that ‘buuuuut, you didn’t sell enough pros’ and get asked to review a document or role play a transaction.\n\nI genuinely have to not think about it. I check my numbers regularly just to get an idea of areas I might want to experiment with different approaches with, but I don’t actively think about my numbers specifically when I’m with a customer. I’m better at my job and have better experiences both for me and customers when I see every conversation as an individual experience rather than a chance to earn points with corporate. It’s the only way I can keep liking the job, and there’s nowhere else I can get a regular paycheck for talking about video games and anime while also feeding my autistic desire to put things in alphabetical order at all times 🤷🏼\u200d♂️', 'Ok so now I get it so basically if you go there to get things it’s cool but if you work there it sucks ass got it', 'Keyword micromanagement', 'I expected it to be worky like a Walmart but with games instead of food so I was more experienced with that line of knowledge so it would be a little easier', 'These are the kind of questions where I assume it’s just an AI bot trying to add to its learning, because no human needs to ask', 'What’s the new policy?', 'And sure the management sucks. Both upper and sometimes lower.\n\nAnd so what if the roofs never get fixed when they leak.\n\nOr the CEO being a dogfood eating mad man.\n\nMaybe, having to tell a woman that no, her sons ps5 doesn’t run Xbox games, not just because it’s for Xbox, nor that it’s because a digital edition, but because you told me to “look at it” and when I turned it on the entire store was filled with the smell of fish and pennies. \n\nAt least we get free socks every once in a while right?', 'I worked walmart for 6 years. It was my first job, after that I vowed never to work with the public again. Since then I worked in distribution and manufacturing', 'Most retail is like that if your on a cash register. It’s much better to be a stocker, especially an overnight one', ""They way they push shit now, I feel like I'm just done with GameStop. Switch 2 launch I had to re-explain 4x how I have insurance on home electronics already for them to stop pressing me for a warranty. Like, let me just pay for my shit. I already had said I have coverage and dom need it from them."", 'If youre working there but still live with your folks I doubt its *that* bad\n\nIf youre trying to make it on your own I imagine that job would be hell', 'It’s what I always tell people when they ask about working there. It’s the best TLDR I can think of, at least to summarise my experience. Whether my best was just getting through the day after being berated by customers or whether my best was exceeding the number goals in every category for the entire week, it was never enough. There was always something to nitpick, something I wasn’t doing right, somewhere I fell short, someone I didn’t assist well enough. It was always *something*.', ""Quite true. Walking into a store and checking stuff out and looking at games is of course still awesome. Its always good stores like that exist. But corporate hates their employees. This is why you constantly see new employees every time you go to a GS store because their turnover is rough.\n\nAlso most stores run on 1 employee from open to close. Thats not safe for the employee nor is it good that they either dont take a break or they close the store for 30 min to take their break. My DM said we weren't allowed to do that. \n\nI said fuck that and put up a sign for 30 minutes so I could eat comfortably in the back room as back then you'd be doing 10hr days solo. We would get sometimes 10-20 large boxes of shipment that we had to process and put out. They wanted it done by yourself, but also expected you to close the store on time and be out no later than 30 minutes after close. I would stay past close to get it done because I wasnt making it my job in the morning or someone else's job if I wasnt opening.\n\nAnd even then, I would put other employees on when they said dont. If we had the hours, I was using them. They wanted us to not uae all alotted hours every week. Lol And even then they gave us like 80 hrs a week for those who weren't a manager. It was a joke. Sorry, old wounds. Lol"", ""Free socks? Most of the time it's only 1 pair they send for the store manager. Unless you're management they really don't care for you as an employee and even then the managers are just seen as a money machine for the company"", ""Most retail is not near this bad. Do they have KPIs to hit? Sure. But this place is really bad. Anyone who says it's like any other retail, it really isn't.   \nNot even close.   \nThis is the worst place I've worked in a long long time."", 'Good to know', 'A few summers ago, during “employee appreciation week” we got a free clothing item of our choice. (We only had socks and small shirts)', 'JCPenney and Sam’s are like this. There’s just not as many things to hit. Well, JCPenney shoes department had quite a bit', ""Everyone who gets out always tells me the grass isn't just greener, it smells good, it massages your feet as you walk through it, and it thanks you for being there."", '""there\'s just not as many things to hit.""\n\nLiterally part of my point! \n\nAlso, I\'m betting Sam\'s club is a little more reasonable on expectations per associate.', ""It sure does. I had my first day at a new job a couple weeks back. After my first day, I looked at my wife and asked her if this is normal. She kinda gave me a weird look until I explained that I don't feel stressed or have a headache or have this dread of hating my job. Apparently, I have never known what that felt like until now"", 'I also said the shoes department had just as many metrics to hit. And it was brutal. The company has a system for your hours that correlates to your performance. A few bad days meant you only got one shift a week which meant you could almost never dig yourself out because of total amount of sales also figured into it.\n\nSams club was bad with the credit card. Had to have a ton of sign ups and basically determined if you were pushing carts in the rain or 100 degree weather', 'I bet you they get better pay. And are allowed to be “full time employees” and thus awarded some benefits…\n\nA full time employee at GameStop that’s not the manager is unheard of nowadays…']",0.4404,-0.1786,0.043904687500000004
1ltye6o,Gamestop listed in MicroStrat's $4.2.B preferred issue Powerpoint prospectus,1175,https://i.redd.it/p6s9wrfy8hbf1.png,1751904978.0,"Source: EDGAR (FWP filing of up to $4.2B of preferred stonk by MSTR on 7/7/2025)

https://www.sec.gov/Archives/edgar/data/1050446/000119312525155882/0001193125-25-155882-index.html

filename of graphic: g71985fwp_exap1g1.jpg
 
Gamestop is #14 on top 100 in public company BTC holdings.

Other graphics show: 

* 151 public companies with BTC on balance sheet

* performance comparisons of coin, gold, Mag 7, S&P 500, ""real estate"" (REZ ETF) and ""bonds"" (PIMCO ETF)

* others: governments, current adminstration ""embracing"" coin (X clips)

* 3 tiers of preferred stock with claims to earnings before MSTR common stock

* $8.2 Billion of Debt in convertibles due 2028 through 2032 other than the preferred issues

* a pyramids of issuances and ""torque"" comparing skeptical to raving fanatic coin bulls

This is an Enron caliber powerpoint slide.


","[""[Why GME?](https://www.reddit.com/r/Superstonk/comments/qig65g/welcome_rall_looking_to_catch_up_on_the_gme_saga/) || [What is DRS?](https://www.reddit.com/r/Superstonk/comments/ptvaka/when_you_wish_upon_a_star_a_complete_guide_to/) || Low karma apes [feed the bot here](https://www.reddit.com/r/GMEOrphans/comments/qlvour/welcome_to_gmeorphans_read_this_post/) || [Superstonk Discord](https://discord.gg/hZqWV2kQtq) || [Community Post: *Open Forum*](https://www.reddit.com/r/Superstonk/comments/1ipojer/open_forum/) || [Superstonk:Now with GIFs - Learn more](https://www.reddit.com/r/Superstonk/comments/1cr37r7/superstonk_gets_its_gif_on_get_hyped/)\n\n------------------------------------------------------------------------\n\nTo ensure your post doesn't get removed, please respond to this comment with how this post relates to GME the stock or Gamestop the company.\n\n------------------------------------------------------------------------\n\n\nPlease up- and downvote this comment to [help us determine if this post deserves a place on r/Superstonk!](https://www.reddit.com/r/Superstonk/wiki/index/rules/post_flairs/)"", 'Niiiiiice', 'It’s not like it’s a special shout out. GameStop is there simply by virtue of being in the top 100 (15) Buttcon holding companies.', 'What did you mean by ""enron level powerpoint""?', ""Saylor was saying that he doesn't feel companies need to prove to that they hold the BTC that they say they do..... I bet MSTR doesnt have that many"", 'GameStop #14 wack. We need to get to #1', 'GameStop #14 wack. We need to get to #1', 'BTC shill looking to wrap other companies in their scam lol', 'one company owning 600k bitcoin makes me never want to touch it. tired of companies just buying bitcoin, how about start making a good product?', 'I don’t really want to be associated with the Saylor mission', 'If you believe that keeping Bitcoin as a Treasury asset on the balance sheet is a “poisoned apple” like Enron, wait for what will happen to all those companies that fund their balance sheet in the traditional way, by issuing equity and debt in exchange for FIAT notes (cash equivalents) when the Treasury bond market implodes.\n\n**All the cash that a company can obtain through the traditional method (financing) its a drag, not a help. All the cash GME has is a drag at this point, not a “war chest”**\n\nSave this comment, so that when disaster strikes and GME is caught without enough Bitcoin on its balance sheet, you will have a nice reminder of how most apes still trust the system', 'I could just imagine GME buying their next purchase of up to 7410. That would be incredible for project 🚀.', 'Nice to see mstr benefiting from this and not gme', 'Gamestop not wrong, just early!!', ""Gamestop has have as many BTC as Coinbase? That's crazy.      Crazy good!"", 'Yep, agree, it\'s a brag how far ahead ""Strat"" is.', ""It's funny how a game retailer holds waaay more Buttcoins than all these specific Buttcoin dedicated companies 😂"", 'The torque for capital terminology is reminiscent of the trading floor for energy that the Ken Lay company aspired to be. (A past failure is no indication of future prospects)', ""I'm glad GME has some exposure to BTC, but I 100% can see BTC going enron status."", ""I'll let this be a discussion that the audit accounting firms for these respective companies handle with their management.\n\nThem (MSTR) gaining such a foothold in it makes me think they want to be a bitcoin middleman (escrow) for corporate deals."", ""Wouldn't that be fraud?"", ""I don't want GME's business model to be bitcoin. If that becomes most of their business, I'd be better off investing in BTC myself."", 'Come sayl away, come sayl away,\n\nCome sayl away with me, Vlads\n\n/s', 'I mean we bought it and RC posted social media with him and Saylor and engaged with him online. I think we got involved in what is seen as their main thing, and not the other way around...', ""I mean we bought bitcoin so what does that say about us lol?\n\nI like it but it's too rich for my blood, and the timescales are a lot longer for the most part than investing in the stock market. Maybe when we're all paid off from this I might buy one or two..."", ""I'm neither for it or against it. I don't want it to be their core focus though. \n\nAnd I don't think it's too much to ask that they reveal what the buy in price was."", '> tired of companies just buying bitcoin\n\nBetter get used to it cause companies buying BTC is barely even a thing right now.\n\nCan be in the top 100 with 23 btc? lmao. Probably know of 5 of the top 15, but how about another 5 throughout the full 100? No banks that you actually know of? No big tech companies you recognize? Random people in this sub and invested in GME would make that list and a handful breaking into the top 75.', ""IMO his mission more like the *Man of La Mancha* than *A Man For All Seasons*, but I'm not *The Man Who Knew Too Much*"", ""It's a fair point. Realistically I think a mixed feast with BTC and cash is the best way to go, as you're hedging appropriately (for BTC *or* fiat currencies to go to shit).\n\nStrategy being over-leveraged to the tits in it though maybe isn't the strategy I'd suggest. Obviously we've trod a fairly similar path ourselves, but RC said at the crypto con that GME would be following it's own path (or words to that effect) - so I can't see us following Strategy's playbook step-by-step."", ""Eye-opening that they're that close, yes.  \n\nCoinbase holding is greater than other fintechs still and is balancing the extremes between BTC and the tokens. Coinbase is probably mostly in stable coins e.g. tehter and the investments the stable coins have, my unchecked guess."", 'Yeah, it\'s like ""do what I say, don\'t do what I do"" 😂🤣 those companies for sure do not have much skin in the game', 'It cannot go Enron status. if all the companies dump their bitcoin there will always be normal people wanting to self custody and make cheap cross border payments. that will never not be viable.', 'Go Enron status??\n\nI’m not sure you know what Enron was….Or how btc works.', 'i would think so', 'GME is number # in everything it does. Except Pokemon m. It sucks with pokemon tbh', 'Gamestop bought Bitcoin, not ""we"" \n\nI was also against that purchase.  Again I keep saying how about focusing on developing better products. \n\n\nEveryone can buy their own bitcoin, it\'s really easy these days', ""Bro, most companies use leverage (financing), they issue equity and debt constantly, but this traditional form of financing, where companies issue equity and debt in exchange for more paper (FIAT notes, IOU's) is the real poisoned leverage.\n\nLeverage with an implicit bankruptcy rate, which Wall Streets (hedgies, banks, etc) love!\n\n**Leverage (financing) to buy Bitcoin (antithesis of the FIAT system = debt slavery) is the SMART LEVERAGE.**"", 'bad take', 'Well to be honest, I think Ryan Cohen knows a whole lot more than you (and I)\xa0\n\n\nIf it makes you not want to touch it then sell, simply as. Instead of coming on here bitching about something nether of us know about!!\xa0', 'I mean ""we"" is a common shorthand when you\'re bought into a stock, you don\'t need to take issue with it semantically.\n\nAnd retail businesses don\'t really make products either - I really doubt stuff like CandyCon is going to save us. The convertible notes could well be the financial product which is higher growth than what we\'re doing currently.', ""Yeah I agree, better this than just raising fiat cash and expecting it always to be fine. Putting a pin in currency valuation, if there's something as simple as a rate cut it's going to affect how easily we can generate interest from cash."", ""Didn't think I was bitching but uh ok"", ""I would actually like to apologise to you. You have everyright to your opinion. My comment was out of order.\n\n\nWasn't in a great space at the time I wrote that comment. It gives me no right to take it out on someone I don't know and have never met. I despise keyboard warriors, and am a hypocrite for responding that way.\xa0\n\n\nThe last thing I want to do is divide people. We are all here for the same reason and just because someone posted a comment I might not agree with. It doesn't give me the right to speak to you the way I did, Apologies again.\xa0"", 'Ape no fight ape yay! Ape hugs.  Banana shares….now….kith']",0.0,-0.4588,0.22165909090909092
1ltz0je,Two stabbed at GameStop - this is good for the stock,58,https://www.sfgate.com/news/bayarea/article/altercation-over-pokemon-cards-turns-violent-at-20670346.php,1751906364.0,,"[""I really can't believe how grown ass adults are obsessed over Pokemon to such a crazy degree and people don't treat it as insanity. Everyday I feel more like Hank Hill who can't understand the youth anymore but one of the guys who got arrested is 49 years old"", 'in before they blame it on the shorts', 'I mean, apparently there were at least 2 people at a GameStop. That is pretty bullish.', 'Really hope that mason jar was empty... 🤢', 'Police are asking the public for video of the incident.\xa0 Do GameStops not have cameras?', 'GameShiv', 'Ok, at least one of them has to be an ape.', 'New revenue stream unlocked: Watching hobos fight', 'They should extend their rewards program to cover this. Like ""5% off your next visit if you survive your GameStop stabbing incident.""', 'Welcome to the bay, they just need some more restorative justice to become productive citizens.', 'Kinda of like this?\n\n![gif](giphy|hjo3oKLBu9vMI)', ""Absolutely comical how you've managed to fly under the radar of my regard doppleganger.  Your latest comment might be too far though lol"", ""It's just money. The cards are money.\n\nThe communities have tolerated and the publishers have enabled scalpers to such a degree that it's just become normalized. If you *can* get product at MSRP, you will turn a profit, guaranteed. It's the least risky thing you can do with money right now.\n\nThe scalpers are, with very few exceptions, complete garbage humans that have no qualms about how they get their hands on shit, so it's not at all shocking we're starting to see violence between them.\n\nMaybe once a few people die the publishers will get enough bad press to stop tailoring the market specifically to scalpers? Because yes, they're absolutely doing that. Why else trickle product out like this? Makes no sense unless the goal is to make it as easy as possible for the entire supply to be consumed instantly and thus drive FOMO."", 'The store is still open. Buy calls', '2 people? That’s pretty good for a game stop', '3, the header doesn’t agree with the article. There were 2 assailants, one victim.', 'I’d be surprised if they were working.', '![gif](giphy|bLD0XZThJHPLW)', 'Day 700 of not selling BBBY.', ""I don't even think he cares lol"", ""That's the nonsense argument that always comes up with Pokemon. If everyone of those people who are camping in front of GameStop are scalpers and no adult is actually obsessed to an unhealthy degree with those cards, then who is buying the cards from scalpers for a premium?\n\nIf you're a grown ass adult buying Pokemon cards from scalpers for a premium you're as ridiculous as people camping in front of a GameStop, there's practically no difference"", 'I wish more people knew that King of the Hill is basically a documentary of an average Texas small town between the years 1990 and around 2010.', 'I gotta say, your ability to speak ape is very fluent.', ""It's not people obsessed with pokemon. It's gambling addicts who like pokemon buying lottery tickets, because the random packs might have the uber-expensive chase cards. Extremely few people are paying scalper prices because they're just super excited about Pokemon. It's *always* about the monetary value first and foremost.\n\nPeople who just want the cards buy singles. Always have."", 'These guys are gambling addicts. Can\'t ""win"" if you don\'t get to open the packs.', ""It's not just Texas, it's the southern US in general. My stepdad didn't to watch the show because he identified too strongly with the characters and didn't get the jokes. Why's that supposed to be funny, that's just normal people doing normal things!\n\nIn my neck of the woods instead of standing out back drinking beer and smoking, it was sitting at the hole in the wall diner (Hardee's after it closed), drinking coffee and smoking. All day.\n\nAll. Day."", ""Oh you're totally right that there's plenty of overlap between King of the Hill and any small rural American town. It's things like the Cowboys/Rangers fanaticism, flat land, snow causing total chaos, Hanks existential crisis after he found out he was born in New York, and Peggy's broken Spanish delivered with complete confidence that makes it distinctly Texan. Mike Judge really nailed the Texas cultural stuff of the late 90s and early 2000s.\n\nLetterkenny has a lot of the same rural town humor but they nail the Canadian side of things. If you liked King of the Hill you might like Letterkenny."", ""I keep hearing about Letterkenny, but haven't checked it out. I'll add it to the list, thanks!"", 'Letterkenny is really good but it has a unique flavor. I didn’t get it until I realized the dialogue is meant to be rhythmic almost song-like at times. The best part of the show is when they dig into social commentary and rip on pop culture.', 'Shoresy is easier to get into and a better show overall I think.']",0.0,0.0,0.19682000000000002
1lu1pal,GameStop Explained,260,https://youtu.be/p3xj0EJ8fxk?si=1G5_bY0G_pczZgEJ,1751912376.0,"Just reposting a short video (3:25 in length) from when GameStop first took off. This video is meant as a refesher for some and an introduction to anyone who recently found this subreddit. This was one of the better recaps explaining the events that transpired. Also, it's pretty damn funny  ","[""[Why GME?](https://www.reddit.com/r/Superstonk/comments/qig65g/welcome_rall_looking_to_catch_up_on_the_gme_saga/) || [What is DRS?](https://www.reddit.com/r/Superstonk/comments/ptvaka/when_you_wish_upon_a_star_a_complete_guide_to/) || Low karma apes [feed the bot here](https://www.reddit.com/r/GMEOrphans/comments/qlvour/welcome_to_gmeorphans_read_this_post/) || [Superstonk Discord](https://discord.gg/hZqWV2kQtq) || [Community Post: *Open Forum*](https://www.reddit.com/r/Superstonk/comments/1ipojer/open_forum/) || [Superstonk:Now with GIFs - Learn more](https://www.reddit.com/r/Superstonk/comments/1cr37r7/superstonk_gets_its_gif_on_get_hyped/)\n\n------------------------------------------------------------------------\n\nTo ensure your post doesn't get removed, please respond to this comment with how this post relates to GME the stock or Gamestop the company.\n\n------------------------------------------------------------------------\n\n\nPlease up- and downvote this comment to [help us determine if this post deserves a place on r/Superstonk!](https://www.reddit.com/r/Superstonk/wiki/index/rules/post_flairs/)"", 'I felt compelled to post this due to all the trash posts lately. Like there is a lot lately. We all see it.', 'Hilarious!', 'Love the sarcasm, power to the players', ""How is this the first time I'm seeing this? It's really good!"", 'Thanks for the laughs, this is great!', 'Damn it jayden, how dare you ruin the economy like that.', 'communitychannel', 'Awesome!! 🏴\u200d☠️', ""im gonna be honest, this video is the one that motivated and convinced me to buy GME, and from there on I'm hodling this madafaka stooooooooonk, f.u pay me hedgies"", 'first time seeing this in my 105 years here!  nice!', 'Yea the humor is solid lol\xa0', 'Yea this video stuck with me for years for that reason. Glad I could share!', 'No problem. It’s a good video if anyone ever asks for a TLDR kind of thing and it’s funny too which only helps']",0.0,0.743,0.49525
1lu4pmy,"-4.11%/97¢ - GameStop Closing Price $22.62 (July 7, 2025)",1652,https://i.redd.it/wbwtyakifibf1.jpeg,1751919291.0,,"[""[Why GME?](https://www.reddit.com/r/Superstonk/comments/qig65g/welcome_rall_looking_to_catch_up_on_the_gme_saga/) || [What is DRS?](https://www.reddit.com/r/Superstonk/comments/ptvaka/when_you_wish_upon_a_star_a_complete_guide_to/) || Low karma apes [feed the bot here](https://www.reddit.com/r/GMEOrphans/comments/qlvour/welcome_to_gmeorphans_read_this_post/) || [Superstonk Discord](https://discord.gg/hZqWV2kQtq) || [Community Post: *Open Forum*](https://www.reddit.com/r/Superstonk/comments/1ipojer/open_forum/) || [Superstonk:Now with GIFs - Learn more](https://www.reddit.com/r/Superstonk/comments/1cr37r7/superstonk_gets_its_gif_on_get_hyped/)\n\n------------------------------------------------------------------------\n\nTo ensure your post doesn't get removed, please respond to this comment with how this post relates to GME the stock or Gamestop the company.\n\n------------------------------------------------------------------------\n\n\nPlease up- and downvote this comment to [help us determine if this post deserves a place on r/Superstonk!](https://www.reddit.com/r/Superstonk/wiki/index/rules/post_flairs/)"", 'I was rooting for -4.20% like it was a horse race', 'Too rich for my blood. Wake me up at $21.50', '[removed]', 'Fy shorts, even I look like \U0001fae9 I am not gonna brake', '[removed]', 'Another beautiful (beautiful!) discount.', 'Any news or just another day in the office?\n\nAnyway bought 900 more on Friday after selling CSPs for a couple of weeks and will likely buy another 200 this Friday.\xa0', 'Another day, another discount 😎', ""I like the deep, but I've already bought too much. Come on, let's go for $50."", 'https://i.redd.it/tay288m7tibf1.gif\n\n😥', 'Dumb short-troopers', '![gif](giphy|jTBDuZWbrTrck)', 'Drop to 10 again. Please. I didn’t buy enough when it was 10 😢 and now I wanna make up for it\xa0', 'I need more chips', 'I am tired boss', '![gif](giphy|6cMy4upEE74GY)', 'I got time', 'Time to buy more', 'Maybe tomorrow!', '69 upvotes?! You absolute savages.', 'I dont think its going below RC buy in of 21.55', ""They have until September next earnings. It's easy money they can't help themselves."", ""[Rule 2](https://www.reddit.com/r/Superstonk/wiki/index/rules/expanded_rules/#wiki_rule_2_-_posts_and_comments_must_be_relevant_to_gme). Superstonk isn't the right place for this discussion.\n\nIf you have any questions or concerns, please [message the moderators](https://www.reddit.com/message/compose?to=%2Fr%2FSuperstonk&subject=about%20my%20removed%20submission)"", '🍻', 'How do you sell CSPs? Do i just sell the put i want and have enough cash to cover it?', 'Tariffs. Most of the market was down', '🍻', 'go to sleep 😎', '![gif](giphy|6RIEW15CCWRvq)', 'I grabbed a bunch there during the bond offering. I can afford to wait.', 'Why no', 'Yes. Pick a strike, use $22 for example, you would need $2200 in cash in your account to sell one 22p.', '#🍻', 'it acted as a floor during the last bond offering.', 'Bet just transferred $2100 to sell a $20 put tomorrow\n\nI do sell to open right? Then buy to close', 'Have a look at some guides online, it’s fairly straightforward.\xa0\n\nTo close the put you would need to buy it back but the price of the put may rise above what you sold it for so you could take a loss. If the price is less then you make a gain.\xa0\n\nAlternatively you can let the put expire and depending on whether the stock price is above/below the put price determines whether you purchase 100 shares or not.\xa0\n\nAlso note if you decide not to exercise your put and we see a sharp rise in stock price you could be left holding cash and no shares, something to be aware of.\xa0', 'This is a win/win scenario i either get $2 free premium or i get to buy GME at 18/share if it excersizes', 'Yes but don’t forget, if the stock price increases you will miss out on any gains! There’s always pros and cons, risk/opportunity', 'Way i see it, it keeps going up and down and im never gonna sell. Might as well start making some capital off it on the side']",0.0,0.0,0.10989
1lu4yl6,GameStop are launching powerpacks,1248,https://x.com/gamestop/status/1942317899420754384?s=46&t=Q3aS_H7OJ1v9K6Dm6sSaxA,1751919852.0,,"['Hey OP, thanks for the News post. \n\n------------------------------------------------------------------------\n\nIf this is from Twitter, and Twitter is NOT the original source of this information, this WILL get removed!  \nPlease post the original source! \n\n\n**Please respond to this comment within 10 minutes with the URL to the source**  \nIf there is no source or if you yourself are the author, you can reply `OC`', 'This seems to be an amazing move. Loot boxes with PSA graded cards seems like a really great product', 'I’m still curious about the PSA website redirecting to the GameStop website. Has anyone figured that one out yet?', 'Good market to venture into. My credit card would agree', '>A senior PSA source told cllct Friday that a technical error briefly occurred when attempting to test an ***upcoming feature with GameStop planned for later this summer.*** GameStop also later confirmed the glitch to cllct.\n\nAny news on what they are referring to?', 'They should do a Labubu style blind box. Call it… LaBuckBuck', 'Good idea. I like that it comes with some random boosters', 'Perhaps this is also why GameStop wants to buy PSA 8-10 cards...?', 'Wish I could grab one in Canada, damn!', 'They need to get into card breaks...could absolutely make a killing', 'Imagine if they start doing this with random retro games.', 'People love playing the lottery', 'Need sports cards too\xa0', 'Cardsino is open!! Let er rip tater chip!!', 'Nice! I was wondering when series 2 would drop.\n\nI wonder if they are doing another give away? \n\n(There was fine print on the back on series 1 box where you could enter into a raffle. No purchase necessary.)', 'They make great gifts 🎁', 'It is INSANE to see gamers now rooting for loot boxes lmao.\xa0', 'Lootboxes are basically criminal. Why would this be a good thing. \n\nWe are trying to get these banned.', 'Arena club does this already', 'It’s the 2nd edition, having minimum trade-back value this time is a step up. Looking forward to picking up a few!', 'They are also purchasing straight from the graded cards they send in, for money that customers can then spend on more stuff from GME.', ""Yes, they were testing something and screwed up. That's it.\xa0\n\n\nhttps://sports.yahoo.com/article/psa-denies-rumors-being-acquired-070000138.html"", 'No, only that the site redirected', 'Well yeah why would you want to buy the low graded crap…?', 'Yeah would be pretty cool if they had a WhatNot and Fanatics presence. Hopefully work out some kind of deal with a distributor for hobby product to get preferred allocations and pricing.', 'It’s a huge market', 'Few can resist those flashy colours and splash of gambling', 'Theres quite a difference when you actually get something physical you own and can resell', '[deleted]', 'LOL\n\nTrading card games were the OG loot boxes.', 'It’s not a digital lootbox', 'Exactly. Game lovers these are not. Shifcation in order to justify game buy', 'Are these gamers?', ""You're on a sub for Gamestop stockholders."", 'IRL loot boxes are different imo', 'Imma trust the company knows what they are doing, but have fun clutching those pearls my guy', 'Gamestop is like the Bermuda triangle for glitches and screw ups. Just an observation.', 'Yes but what were they testing', '8 is low graded in modern. 8s are worth less than ungraded copies', 'Ya and if you study our metrics as a company it was a low percent of sales compared to gaming and accessories. Would be dope to see a 20% expansion in collectibles. The only hard thing about collectibles is fad runs and face plants.', 'Cool. Still shitty.', ""That's not a bad idea. Casinos are incredibly profitable.  Well most are."", 'Lootboxes suck. \n\nYou suck \n\nNuff', ""True, but it's also one of the most closely observed companies ever. If RC had an extra teaspoon of sugar in his coffee we'd know before he puts the spoon down. It does seem to have a higher-than-average rate of glitches but that's probably also due to how no glitches go unnoticed."", 'New integrated feature with GameStop. Maybe PSA vault associated. Bullish.', 'Yeah but they’re still revenue boosters and ez purchases for gme', 'I buy 8 and 9 that are cheaper than singles to crack. Milotic on TCG is 99, bought a 9 at GS for 89 and I know it’s not off centered', 'A casino is *almost always an instant success, the only outlier I have seen to this is When it’s run by orange man they tend to go bankrupt 😂😂', 'Suck deez you fucking bozo', ""Nice try, bot. He's Canadian. Therefore, he measures his sugar in grams or hockey pucks or some shit."", ""You sound mature. Makes sense your comments. \n\nIn for a buck. Shaft the the people with gambling. Hope it doesn't but you in the ass"", ""People enjoy the hobby of collecting cards and ripping packs, it is what it is. The company is going to capitalize on it. That's it, it's not that deep and no reason to be scared as an investor in the company.""]",0.0,0.0,0.133375
1lu5me6,Finally able to get some currency cards from Gamestop and Im shaking,127,https://www.reddit.com/gallery/1lu5me6,1751921376.0,My first 1 of 1 ,"['Beautiful card, great pull!', ""Holy shit! That is an epic pull and the best onyx we've seen!!! Congrats!!"", '⚫️\n\n![gif](giphy|bzn3aznEbnh28|downsized)', 'Damn 🔥🔥🔥🔥', '![gif](giphy|JVOiFUFPIxLBXdxaMz)', 'Nice color match', '![gif](giphy|gJyLmJyUPajsc)\n\nGreat hit!!! Congrats!!!', 'No way!!! WAY TO GO!! Congrats', 'I\'d love to say ""my onyx is better than your onyx"" but it\'s not. \n\nThis is a new level of jealousy I\'ve not previously experienced.', 'Wow. You can go home now; you won.', 'Oh my goodness. That is everything I thought it would be and so much more. Congratulations! 🎉', '🔥🔥🔥', 'Holy shit that is epic!', 'Great card to get an onyx of! Congrats 🎉', '![gif](giphy|K0LLgE2pg3ZlErc7q0)', ""![gif](giphy|G5JoAjEBtfoTm|downsized)\n\nThat's absolutely epic! My roommate just told me he wanted me to chase this card for him yesterday lol gonna tell him pick another card 😂 Congrats on hitting an absolute banger!! 🔥🔥🔥"", 'That’s fawkin beautiful!!!!', ""That's the one I'd collect. big, beautiful black holes.."", '![gif](giphy|PmTWHSzTo53A4)', 'Wow 👀', 'Is there an onyx tracker for space?', ""This is the best Onyx card of all the Onyx's...Onxi?"", 'Black holnyx', 'Seems only GameStop got onyx pulls. Any onyx from master cases?', 'Wow that’s so dope in onyx 👏👏👏', '![gif](giphy|7LKPNKzEJZAME)', 'Congrats currency gang !!!', 'Yeah, this is the one I wanted to see...', '![gif](giphy|G5JoAjEBtfoTm|downsized)', 'U/Napsy I guess dark matter now?', 'You just won the space series. The black hole in black border. You hold the only one', 'No… that’s my chase 😩', 'Damnnnnn thats sick congrats on the pull. Black onyx for the black hole, thats some heat for sure', '![gif](giphy|5zbMgry8oQsvIaC0sU)\n\nCongrats!', 'Heeeeeeelllll yeah congrats bud!!!', 'Gorgeous!!!', 'Niiice. I don’t even collect space but I told myself if I did that is the ONE card I would want', 'Of all of the onyx out there.  This is the best one by far!! Congrats!! 🤩', 'Onxy bröther\n\n![gif](giphy|weABkeQ3s0ZYA|downsized)', 'Epic!\n\n![gif](giphy|3og0IFrHkIglEOg8Ba|downsized)', 'You have an awesome BHole there brother!', 'Sweet…..I pulled an onyx once, s3, it sets u up for an addiction', '![gif](giphy|3og0IFrHkIglEOg8Ba|downsized)', 'Just out of curiosity and someone wanting to get into this. How much is that card worth?', 'Thats good question no clue hope there would be for the whole series not just space to know whats been pulled for the whole thing like what shappire are left and such', 'From what ive seen, the onyx cards are at about 3-4 at this point. I could be wrong but from memory thats what ive seen so far', 'No clue to be honest, good question though, I did get 5000 doge from a series 2 pack at gamestop', 'Yup Dooley pulled Aricibo onyx from a master case', 'Couldnt of said it any better', 'Just needs it in a black mag case now!!', 'I have a beryl black hole 49/149 if anyone needs.', 'Honestly it is hard to say here: the product is brand new, and while there is a pretty rabid set of collectors for other Cardsmiths products, this particular one is still … earning its wings, if you will. If i were you i would pennysleeve that puppy up, slip it in a top loader and just sit on it for a year. Or put it in a mag case, but however, pro*tect* it as though it’s really worth the four figures I’m guessing it might or even will be.  Gotta see how the adoption to this subject with its AI art shakes out.\n\nHonestly, though, awesome pull. Any 1/1 is a complete win.', 'There is one for currency, thats why i am asking for space.', ""Yup onyx's found are\n\n1. Earth\n2. Black Hole\n3. Aricibo\n4. Robert Goddard\n\nIdk why reddit shows 1,2,3,4.\n\nhttps://preview.redd.it/g8uxquah4lbf1.jpeg?width=800&format=pjpg&auto=webp&s=c8e5cfc7df81a23082b1ac8577a497f62a8fac01"", 'Oh what is the other one this is the frist I heard about it', 'Check in r/currencytradingcards in there somewhere.']",-0.1779,0.0,0.2694821428571429
1lu5nr4,[Gen 4] Shiny Legendary Dogs from 2010 Gamestop event,50,https://www.reddit.com/gallery/1lu5nr4,1751921468.0,"I found these guys on my copy of Platinum the other day, I am pretty sure they are from 2010 but the encounter date changed to today's date when I transferred them which I'm pretty bummed about. I moved them to Home because I want to collect my shinies in one place. I also have a normal Arceus from Toys R Us which is a real relic! Just thought you guys might like to see these :)","['so cool :0', 'did the date reset from gen 4 to 5\nor from 5 to 6?', 'I have these too, and the zizagoon from ruby/sapphire event at gamestop', 'ive still got like 9 of these. I miss the days of taking all my game copies to gamestop and loading up on events 😔', 'I had these same event shinies on my original diamond cartridge. Sadly that one was lost to time. Awesome find though!', 'Begged my parents to bring me to GameStop for this event but instead of my copy of Soul Silver I accidentally brought my copy of Wall-E. Still a little upset about it…', ""Not sure, I didn't see it changed until I brought them from Bank to Home but I initially used PKSM to transfer them from Platinum to Omega Ruby"", 'me too, now on the rare occasion they even have one they just give you a little card :( it was fun to pester my parents into taking me to toys r us or gamestop so i could get a cool mon!', ""yeah i decided to move them because i'm more likely to misplace my cartridge than for nintendo to totally shut down home lol"", ""That's horrible, how did you manage that?"", 'You can get the events now! If you use the DNS trick you can get old gen 4 and 5 events!', 'ah makes sense, im gonna move some from my gen 4 to home too', 'Took the system without checking which game was inside! I was devastated haha', 'That’s amazing! I’ll have to relive my childhood dreams', ""The GameStop events were not distributed over WLAN, they were distributed over the DS's own wireless communications. A distribution cartridge or a dump of one (in this case `NTR-Y90E-USA`) would be needed – along with a second system."", 'I think it resets when you go from 3 to 4 and then again from 4 to 5.', ' thanks!', 'If you change your system date back to the date you caught/redeemed the pokemon then it’ll still have its original date']",0.0,0.9436,0.09492777777777778
1lu7iga,Just pulled this at GameStop in NJ,620,https://i.redd.it/qn3pyte6zibf1.jpeg,1751925909.0,,"['I do not understand the packaging for these. Looks like AI generated weed packaging\xa0', 'The Fortnite carts of TCG Grading packages', '“lime flavor” are we tasting these slabs or is there a cart in there 😭', 'Insane', 'Just profited 120$', 'Definitely a GameStop shareholder trying to boost their bottom line.', ""Do all GameStop's sell edible PSA slabs"", 'Someone ended up with a bunch of Mylar bags that were probably meant for vapes but then got the 1 tcg slab imprinted on it. My best guess', ""Actually a decent pull for a mystery slab, I'd take the W and never buy another one, lol"", 'Weed SpongeBob', 'what the hell they mean by lime flavor', 'Why the hell does ts look like weed packaging lol', 'I saw these and wondered wtf was going on here', 'Nice. That’s $165 = $130 profit lol', 'North , central or south jersey? Lol', 'Mind boggling you’d even spend money on something with ai generated packaging', 'now im gonna sell delta 8 with my next card', 'Bought 4 all trash Japanese cards in cgc slabs😂', 'Dammit Gary! It’s supposed to say THC not TCG! What are we gonna do with 10,000 misprinted packages that say TCG?\n\nGary: Wait! I have an idea!', 'You got a slab out of a vape box????', 'Hey I just bought this card as a 10', 'How does it taste?', 'Whatever slabs get traded at game stop end up in there', 'Beautiful card', 'here to dampen the expectations of anyone thinking about spending 35$ on these. my buddy opened all 4 of these that were available at my gamestop. all CGC japanese cards, regular Vs and EXs. nothing worth more than 3$.', 'Take a bite and sue', 'Looks like weed packaging in the hood lmao', 'Hwat in the lazy AI packaging is that', 'I legit thought you bought some weed and a slab.\n\nThat packaging looks goofy as hell.', 'What in the AI hell is that packaging?', 'Until I saw the ""1 TCG slab"" text I thought it was edibles lol', 'The manager at this GameStop is probably stealing the submissions to resell in his gambling bags. Idk why u bought a gambling bag but I guess good job depending on price', '""Lime Flavored"" gives a whole new meaning to those who tell others to ""eat"" their valuable cards..', 'Thought it was a cart package 😂', 'It is. 100% AI and it says ""lime flavor"". They couldn\'t even use their own AI trash to advertise the slab? They really had to take it 1 step lazier and steal someone else\'s AI trash? 🤣', 'Crazy I thought you got a lime flavor cart for 34.99', 'Lol, it looks like edibles you find at a gas station.', 'Definitely tasted it to make sure it was real', 'Amen', 'Wish I had that access 😂', 'More like bottom “lime”', '100% this lol it’s funny as hell. Maybe the manager traps', ""I'm guessing if you lick the slab it tastes like lime"", 'Fort dix wherever that is lol', 'Gary! Gaaaaarrrryyy! Gary. Haha Gary.', 'Facts it was lucky I got that at all', 'It doesn’t come with a cart too?', 'Same!', 'Michigans enters the chat']",0.0,0.0,0.12357551020408164
1lu80w6,Purchased $400k ITM LEAPS,3003,https://www.reddit.com/gallery/1lu80w6,1751927192.0,"Disclaimer: options are not for everyone.. especially me… but I decided to take on some risk..

I purchased 370 $20 strike contracts today during the dip. I was previously holding about 18,000 shares but this allowed me to double my shares. 

I choose $20 strike to keep some intrinsic value here. Otherwise I was nervous to go all in on $30-35 strikes which I originally wanted to do.

The goal is to see $35-40 go ITM, hopefully within 6-12 months, then convert to shares.

One thing I did learn, is don’t settle for the midpoint. I went closer to the BID, it didn’t fill, so I slowly increased it. I got below the midpoint of BID and ASK. 

I still hold shares in my CS and fidelity account. 

I’m still 100% GME. ","[""[Why GME?](https://www.reddit.com/r/Superstonk/comments/qig65g/welcome_rall_looking_to_catch_up_on_the_gme_saga/) || [What is DRS?](https://www.reddit.com/r/Superstonk/comments/ptvaka/when_you_wish_upon_a_star_a_complete_guide_to/) || Low karma apes [feed the bot here](https://www.reddit.com/r/GMEOrphans/comments/qlvour/welcome_to_gmeorphans_read_this_post/) || [Superstonk Discord](https://discord.gg/hZqWV2kQtq) || [Community Post: *Open Forum*](https://www.reddit.com/r/Superstonk/comments/1ipojer/open_forum/) || [Superstonk:Now with GIFs - Learn more](https://www.reddit.com/r/Superstonk/comments/1cr37r7/superstonk_gets_its_gif_on_get_hyped/)\n\n------------------------------------------------------------------------\n\nTo ensure your post doesn't get removed, please respond to this comment with how this post relates to GME the stock or Gamestop the company.\n\n------------------------------------------------------------------------\n\n\nPlease up- and downvote this comment to [help us determine if this post deserves a place on r/Superstonk!](https://www.reddit.com/r/Superstonk/wiki/index/rules/post_flairs/)"", 'This is the way', 'Wwow', 'Somebody find this man a Brazilian Rosewood table to drop his nuts on.', '![gif](giphy|3o6wrwMP8dFW0sLB0A)', 'Makes me feel better about my 8 ITM calls', 'Lovely', ""If we haven't touched $30 again by next earnings, something is wrong..."", 'You like to fuck', 'Yeah well my itm leaps I bought months ago are down....\n\n15c and 20c.  \nGood luck and what a set of cojones!!!\n\nPretty safe bet, but if we trade in this channel for another few months, 22-24 who knows', 'Yooooooooooooo', 'Good luck fellow ape!  I’m new to options.  Is your break even price $31?', 'Congrats on being rich, and future congrats on being richer very soon', 'Could you not have just bought shares outright now and roughly doubled your amount of shares with same money?', 'I bet certain market makers would hate it if you exercised early', 'Fuck yeah', '![gif](giphy|3IcX9Y4n6wRnq)\n\n# $TILL', '![gif](giphy|YRo3S2P600PicZhNKX|downsized)', 'Whales like this dude are what give the stock bullish price action tomorrow. 🙌🏻', 'Is DFV buying LEAPS?', ""Way too much risk, I'd just buy shares. I'm selling CCs to hedge for downside."", ""1.1k for a $20 strike expiring end of 2027?! How long have you been monitoring this expiry date? I'm down to go in on this. I wonder what the cost of this contract was during the small March run before our first bond offering and recently when we were at the same levels again."", 'https://preview.redd.it/55tyr2laajbf1.jpeg?width=782&format=pjpg&auto=webp&s=9d4704292a74cd1e52d8056712aa1ddc3d43b33c', 'Might as well buy 5 dollar calls in the money for 2056 just to be sure I make some money.', 'I feel like this is going to pay off insanely. Gotta post a how it turns out.', 'Dad, is that you???', 'My dear lord…..you are going to be filthy rich….er\n\nWhat a crazy entry point.\n\nPlease provide updates', 'You know just when I think I’m clever and buy in the money calls on the dip down from 30 to 25, the dip just gets deeper 🤦🏻\u200d♀️', 'Bought 5 $25 calls for Oct 17th. My balls are tiny by comparison but with such low IV figured i would rather buy than sell more CCs.', 'I see posts like these and am like “fuck yeah!” \xa0Then I realize this could be a hedge fund knowing of a run coming and planting seeds of big money playing 2027 calls. This place wrecked my online trust, and I’m a better man because of it.\xa0', 'What are you going to call the country you buy later?', '![gif](giphy|joxThEgTJuSBO)', ""My guy you shouldn't feel like you need to tip-toe around options on this sub.  Its others peoples loss for being reluctant to learn and actually put their money to work.  \n\nNice stack, good luck"", ""This is what's truly missed. Thank you for your service"", '![gif](giphy|Ae7SI3LoPYj8Q)', 'This guy fucks', 'I’d pretty pretty amazed if we don’t at least touch 30 before next year', 'why not just buy shares?', 'I really hope u hit it big!', '🫡', 'godspeed', 'Godspeed my friend 🥂🚀', 'Damn', 'Went with October 23 calls today - think a move up is imminent in the next two weeks , let’s see', 'I’d aim for 0.25 delta with 0.01 gamma tbh — any cyclic spike would make you a mil. And buy sufficient time.', 'What platform ?', 'Leap gang brother 😎 I mean I am poor so I only bought like 50k worth of itm leaps (25$jan2027), but your disclaimer really is different 😂 some risk & 400k option in one sentence is wild. But the will print for sure. Premium is low, time value at top 👍🏻', 'Imagine paying a $143.85 fee to become a billionaire.', 'I mean.. with 180 CC’s at the 30 strike you can scalp some pretty nice premium each month. Around $6k whil you wait for higher IV, but oh well. Good luck with this!', 'Intrinsic part too low. Time value too high. Might as well get shares and sell calls', 'Hopefully this helps PA today', ""As somebody that watched as my leaps became worthless and had to roll to new ones, I'd say sell these immediately and buy shares. Otherwise congrats on having $100k in LEAPS in the next 6 months or so."", ""At that point isn't there a x3 etf? You expose yourself to specific option volatility"", 'Question, if you plan to execute at $35 why not sell $35 cash secured puts instead? You gain premium instead of losing it by buying calls.', 'This is the way', 'And somebody else give this man a Brazilian wax on his nuts. make em look like conjoined twins with a sick wizard goatee apiece', 'A fine choice of wood sir.', 'respec da wood', 'I can’t wait for $30 to be the new floor. Folks in general are much happier holding when they don’t see blood red constantly lol', 'something IS wrong.', 'We already know the whole market is wrong, so...', 'Something is definitely wrong...', 'What’s the exp?', 'This is the bottom in my opinion. Ya maybe a few days of red hit big picture only up for a few months', 'depending on when you bought, that could simply be IV crush got you.', 'Correct. $31 by Dec 2027 = even money', 'Intrinsically yes, but the extrinsic or extra value is where the moneys at. If for instance in 6 months if the value shoots up to $50 the $8.00 option price (based on a rounded up $23 today) will be worth far more than $8/share, especially if this experiences  na squeeze again and the IV pops. Should the value jump say $20 tomorrow to $43 than the $8/share would also jump significantly', 'Leverage…if these pay off, he can make enough to buy shares outright and have a little extra. Risk is higher with options vs buying shares outright but based on what we know and where their break even is, seems like very low risk, higher reward', 'No. I sold my 18,000 shares to buy these 370 contracts (effectively 37,000 shares).', 'He sold his shares at a $7 loss per share in order to buy the options. In the end, he hopes to double his original share count.', 'Do it please 🍻', 'Don’t have that kind of money at the moment.', 'Certified ""Tomorrow""?', ""Wallstreet is going to take the $400k in premium OP just handed them, and they're going to suppress the share price with it tomorrow"", 'Did someone say tomorrow?', 'I can confirm, I’m not a cat. Nothing more , nothing less', 'Where’s the risk? Expires 2027', 'I would go with 1/2026 and $15 strike personally based on the pricing', 'I didn’t compare previous prices.\nI entered various expiration dates and strikes into options calculator and decided on what I was comfortable with. \nAm I potentially leaving money on the table? Probably\nAm I ok with it? Yes', 'You talk a lot of smack and still say you’re invested. I’m all about healthy debates but your post history suggests you’re just a keyboard clown. 🤡', 'According to options calculator it pays off more than holding my previous shares but not enough to boast about unless there’s a spike to $50+', 'Yes kid. Still out buying milk and cigs. Be home soon, I promise', 'I usually am in the same boat. I’m hoping I timed it better this time. However, I did take a massive hit on my shares. Average price was $30 and sold for $23. So I have a lot of making up to do.', 'Imagine buying calls AT $30 lmao. 🤣', 'Still is a better play than far OTM gamble', 'The long date is luring you in to not buy near dated. That’s what I’ve noticed around here. \n\nWhen the “buy super long dated calls” posts show up, I buy some 1 month out calls 😂😂😂', 'Most people who look at this guys options will buy July 11th $30 strikes and complain options dont work. OP is doing it right. Buy ITM long dated calls while IV/price is low.', 'Not a hedge fund. Not a cat. Just a crazy man with a dream.', 'GMErica', 'Trying to maximize returns. Holding shares and selling covered calls wasn’t giving the returns like end of 2024.', '""A large percentage of options traders, potentially around 90%, lose money."" There is a reason most people here don\'t like to encourage apes to do options.', 'Leverage. Same amount only gets 18,000 shares versus 37,000 here.', 'Yeah, I was thinking the same with FTDs etc. but couldn’t risk this much money on a hype', 'Good food for thought: thanks', 'Schwab', 'Yeah, I lost quite a bit in short dated options. Lesson learned', '143.85 x 2…. Need to sell or exercise to exit.. they’ll collect again', 'Likely, however this allows me to almost double my shares and still sell CCs', 'Locks up my capital. I can still sell CC here.', '🤣🤣🤣🤣🤣🤣🤣🤣🤣🤣😂😂😂😂😂😂💯', ""I could see another senior note offering, but you're right for now"", 'Who is red? Was no one buying the entire time it traded 19-10? Wasn’t that long ago where', 'I’m averaged at $29.50….a $30 floor would be really nice.', 'Jan 27', 'Dec 27 (for my leaps)', ""***If*** casually risk 400k. Totally an ape BTW. If these don't go into profit. That's 400k for the hedgefunds who get to keep this game going."", 'We have a certified tomorrow policy here', 'Not true.', ""I mean, not that I think its going to happen, but the risk is GME dropping to $19.99 that week\n\nVery, very, doubtful, but I thought we were done with the 20s up until last earnings.  And I also thought we would have been out of the 23s by this point too, had to kiss my June 27th $25 strikes goodbye\n\n*edit: that is of course if you were to ride them out, which as you've already explained isn't your plan*"", ""No point in buying $15 strike for 6 months exp. If I wanted beginning of next year I'd do $25."", 'I am just tired. Take it as you want.', ""I've noticed option calculators only calculate gains due to delta/gamma/theta but theres no way of knowing what IV will be and how it will impact the price of the option.  RK could come back 30 days from now and the price spike to $50.  But if instead we just slowly grinded up to $50 in the next 30 days.  The price of the option would be way different due to IV.  \nGood luck!  I also have some Dec '27 that I'm wishing on."", 'I went for 2027 expiry, just in case I get caught with my pants down 😂 as I see you did too', 'Just wondering, why this longest dated expiry and not like June 26’s or Jan 27’s?', 'Why sell them though and not sell cc’s at cost price', 'I think I landed at 24 and it’s been floating just under that 🤦🏻\u200d♀️', 'I debated buying a mix to create a higher potential upside. But this level of risk is on the higher end for me, so couldn’t do short dated calls.', 'I actually buy far dated/leaps with 80% being itm as well. I’m just saying, this place changed how I read every post.\xa0', 'Likewise. Goodluck out there.', 'I love it', 'Adaptive strategy for the win!', 'you can sell covered calls against those leaps too btw\n\n  \nedit: when price/iv conditions improve', ""This isn't what I'm saying...."", ""can you explain the math?\n\nwhen i was looking at my ITM option, my cost basis was higher, and i end up paying for more per share when i call it in. the only reason i figured people buy options is they don't have enough for 100 shares at the time, and the option allows them to buy it now, and pay for it later for a premium.\n\n  \nOTM was where i saw you can get a cheaper break even cause of the risk."", 'Thank you, makes a ton of sense. Grew some wrinkles.', ""You say that like it's a bad thing. The price will go down regardless after a run."", 'NFA, if you think that’s the case, buy now, sell prior to offering, rebuy, rinse and repeat?', 'You see, when people put their life savings into something, that usually means there is not more money to invest\xa0', "" A good amount of people beg for it to go down as low as possible but then when it does, they get scared and don't buy. Then it goes back up and they beg for it to go down again to buy."", 'Meeeee 🙋 and idgaf reds my favorite color and the best tasting crayon. When I’m green at 40 I’m still not selling. Red or green the only thing that matters are the commas and zeros', 'Don’t you fret ape, you have plenty of time to enjoy this ride.', 'Yes, there’s risk, but looks like it’s low enough for OP to risk it.', ""i'm sure they'll skim some of it off the top for blow"", 'Do you understand intrinsic vs extrinsic value ???', 'You can manipulate the IV on options calc. After you set the stock, contract, price range, click calculate. Then above the graph there’s a IV slider.\n\nhttps://preview.redd.it/7k3yd767kubf1.jpeg?width=1206&format=pjpg&auto=webp&s=5b6347f22cffda69654c9687b95c75d62642817a', 'Still probably will get caught with our pants down… but we won’t be the first ape with a banana or avocado up our 🍑', 'Risk tolerance. Contract price wasn’t that much more for the extra time.', 'My cost basis was $30 IV crush led to low premiums\n\nhttps://preview.redd.it/kpiwfgxlbmbf1.jpeg?width=1206&format=pjpg&auto=webp&s=41fbef0896fe3d9b15f1cae342dc2f9487d2b7bf', 'I’m not gonna knock your move honestly. GME dropped from $35 to where it’s at now so the capital you’ve risked I think you made the move I’d make risking more cash\n\nI’ve just been on this sub long enough to know one thing … they don’t want you to make money so the more extrinsic value they get the sheople buying the better … it’s all one big game', 'I thought so, but I don’t think I was able to when I tried. Will call and confirm.', 'My cost basis for 18,000 shares was $30 aka $540,000. At the time I did the trade, GME was around $23 aka total value $414,000.\nIf GME were to get back to $30, I’d be even money.\nSelling for the loss and then buying these 370 contracts, at $30 share price before year end puts me at $180,000 , then subtract my $100,000 loss from the shares, I still profit $80,000.', 'Its really weird where people will simultaneously agree  that\n\n1. GME has clearly been diluted to unimaginable levels by synthetic shares which has supressed the price this long.\n\n\nBut then also \n\n2. That the dilution thats taken place, that actually helped the company immensely mind you, has somehow completely ruined the thesis and screwed over shareholders.\n\nPeople dont seem to realize what GME has done is brilliant. We were getting screwed by dilution regardless, whether official dilution or not. We all clearly must agree on that. But gamestop has found the perfect way to weaponize our financial support and improve the balance sheet. Not to screw over shareholders with dilution, but to take our support and use it in an incredibly meaningful way to further punish shorts.', 'In theory, and if everything goes that way again, then yes. Infinite share glitch.\n\nProblem is, like the \'21 sneeze, noone saw it coming and if it was me, I\'d be in a state of ""what if it pops and I\'m out...."" because we know this stock could go either way', 'I have about 5% of my GME portfolio reserved exclusively for this. At least it will give me some satisfaction for the next 84 years while I wait for SLOASS.', 'https://preview.redd.it/3eajiiycnjbf1.jpeg?width=578&format=pjpg&auto=webp&s=25905c47e4260902d0114abb4339182062a92e35\n\nI bought extra shares specifically for this strategy, but there’s no way I’m risking my core holding.', 'Wow that was deep', '“Well of course I know him. He’s me.”', 'Based as fuck dude', ""Ofc. And if I wanted a 6 month contract I'm not going for intrinsic value lol."", '👀👀👀👀', 'Like your style. Vaya con dios, Capitan.', 'Completely agree here. That’s why I stayed away from OTM calls as tempted as I was. I considered a mix of ITM and OTM but that too could cancel each other out. So goal was take a safe risk (if that makes sense).', 'Yea, you would need margin account and some trading permissions for spreads.', 'how much did you pay for the contracts?', 'Not this summer, but last May’s offering seemed to actually stop a squeeze from happening. That’s when I stopped paying as much attention to GME and moved on with my life. \n\nIn my head, any potential squeeze is now officially off the table, and I’m now patiently waiting for the price to rise so I can sell at a profit and move past this terrible chapter in my life. I haven’t made much of anything of value from all this. It’s been what, 5 years? I’ve lost count. \n\nThe only valuable thing I’ve learnt is how much of a scam Wall Street truly is, and to never participate in it ever again. Wishing OP good luck, but I’m not putting another dollar into GME.', ""This.  Also if GameStop can turn the cash into significant revenue generation then we are off to the races we will be crushing past ATH. Let's go!"", ""Just don't sell it all"", 'I understand and I don’t risk my core investment for that reason alone. But having a little side hustle doing this with a small amount of shares helps keep morale up for me myself and I', 'And that\'s exactly why some of us have our DRS shares and our play shares. \n\nHere\'s the thing. If you believe the whole ""infinity pool"" and ""gme floor of phone numbers"" type stuff or even 10% of the phone#, you really only need a handful of shares locked up and you\'ll be set for multiple lifetimes. Why limit life and making money now by doing nothing with your shares when 10 shares is all that\'s needed to change the life of multiple generations of your family? \n\nIf you think 10 shares isn\'t enough, you don\'t believe in moass.', 'There was way way different conditions for the 21’ squeeze than the mini cycle runs we have now.', 'dont go full port', 'Literally logic but go off queen', 'Thank you homie', 'Ya that’s not a terrible move but you gotta know your Greeks and depends on your risk appetite', '$11', 'there are people holding shares of stocks for 20+ years and aint crying, do what u need to do', ""Anyone downvoting this doesn't remember the circumstances of that day.  Huge hype around RK's upcoming livestream with his 120,000 ITM calls, earnings the next week... and suddenly RC drops an 8-K to announce disastrous earnings and dilution pre-market.  RC could have just waited until the scheduled earnings date in a few days to release the numbers and announce the ATM (after RK's stream), but instead he intentionally sold into the momentum a few days early and killed the run.\n\nThis was when GME was at like $65 with insane hype surrounding it.  The next day was -40% and the stock was sent back to the 20's."", 'Problem is, all I have is 11 shares and when life likes to get in the way, it\'s not easy buying more to just play with.\n\nIf I have 11 and 10 is all I need to change the lives of multiple generations in my family, then that leaves me with 1 to play with.\n\nAll 11 are locked up in CS as well. I\'ll probably get around to buying some more to ""play"" with... But other things come first unfortunately. I mean, I did initially think we\'d have the MOASS event already and now I\'d be playing with reinvested shares whilst sipping a Mojito on a beach somewhere, but here we are 4 years later... Not selling until I see the numbers I want when this pops', ""I dont believe in moss, so I just keep holding and building my pile. Because eventually (who knows when) we will have seen the $20s for the very last time and I'm not going to risk it playing the swings."", ""Nothing I said was wrong. The downvotes are cause people don't like others making money while their investment, if they're lucky, sits flat for the last 4 years."", ""10 shares is enough to retire IMO, it just isn't enough out of DTC. I want to annoy them as long as I can, DRS removes shares from the settlement fuckery that is the FAST system."", 'There’s absolutely no possible way that any government or anything allows GME to hit over 100k without intervening. Anybody who has been here since ‘20 or ‘21 has seen enough crime among the financial cartel to know that will not happen. People holding 10 shares and thinking they will sell them for millions per share are delusional and will end up broke and holding a bag', 'Logic these', 'sorry, i should have looked at the picture. so you need $31 to break even. then at that point, wouldnt having sold all your shares at $31 for a profit, instead of $31 break even with calls be better?', ""I mean ya if you only got so many shares there's not much you can do as far as diversifying where you got them at nor are you going to make much money buying high and selling low if you time it right. Most people who are playing around do so with contracts which require 100 shares each. \n\nAnd nothing wrong with what you can afford. Life comes first."", '4 years and you can’t afford to buy more than 11 shares? It’s like $22 a share…. You are not going to be retiring with 10 shares dude', ""You don't have to play the swings on your full porfolio either. Not sure why you think it's an all or nothing thing. It helps to have more, but that doesn't mean you need to play all!"", ""If you don't believe in moass, that's on you."", ""1. I only initially put in what I could afford to lose, just in case this went tits up.\n\n2. You have NO idea what is going on in my personal life. Debts have to be paid, kids need to be clothed and fed, car needs rapairs etc. That money goes to them, and if I'm lucky, I have something left over for myself.\n\n3. If this is going to go as high as people are wanting/predicting/hoping, then you could retire off 1 share alone.\n\nBasically, at the end of the day, fuck your comment."", 'Okay well I can guarantee you won’t be retiring off 1 share… unfortunately. I’ve been buying and holding since March 2021. If you are that delusional to believe it could hit a million per share or whatever number you think. After all the crime and fuckery over this whole saga, you think that government, etc. wouldn’t step in and stop it? That’s crazy to think']",0.0,0.8704,0.15601222222222222
1lu8sgv,"Can't Stop, Won't Stop",7860,https://i.redd.it/vnjrlvwu8jbf1.jpeg,1751929159.0,,"['Trumpholm Syndrome', 'Haha. This hits the nail on the head. \n\nDog brain trump supporters. 😑', ""Being dropped on your head isn't a prereq for being MAGA, but it helps...\n\nThey support a literal Russian asset in the white house. Let that shit sink in..."", 'MAGA morons truly are this stupid and brainwashed. They hate/love things based on how Don TACO tells them to feel. It’s funny, pathetic, sad, but also extremely harmful. Just ask the people who have lost loved ones in Texas.', 'https://preview.redd.it/1jtvf7asgjbf1.png?width=1323&format=png&auto=webp&s=ad0ec4394532bab654d2a96f35b9a508c6cf13ca', 'Taco Taco 🌮 Man', 'https://preview.redd.it/ynel3q78rjbf1.jpeg?width=1170&format=pjpg&auto=webp&s=0d3f6cc4c8bc2d0e7e5386aee77e1524dca8dc40', 'https://preview.redd.it/w4e9tk8frjbf1.jpeg?width=1128&format=pjpg&auto=webp&s=a64758bd880b7d11ccdf8f54468e70803a27df09', 'China used to buy about 4.5 billon worth of American pork every year. Wanna know how much they are buying now? None. The answer is none. Same with soy beans. trump and everyone who voted for him are as dumb as dog shit.', 'Trumpers are like extreme Muslims. Sacrificing themselves and their families for whatever their supreme leader says', ""He adds tariffs, they say it's good for the country,  he takes them away, they say he's saving them money."", 'I’m being jerked off and ripped off. Art of the con', 'And so on and so on and so on', ""The fool really can't choose between saving billionaires their abundant cash or stopping inflation."", '🌮', 'Lol...will gladly give Trump all the money in their bank account just so they can own the libs', 'the apprentice: global edition', 'Such gullible 🐑', 'TACO', '**Stock Market goes down**: *“Trump is ruining the economy!”*\n\n**Stock Market goes up**: *”Trump is enriching his friends and donors!”*', 'Foxtrot Delta TACO!!!', 'taco tuesday\xa0', 'Economy is up. Go be a doomer somewhere else', 'And the price increase stay !!! The rich win at the expense of the poor…', '🐻 :Sir .We love your work 😘', 'Wheres the part about trillions of investments from other countries, nato finally paying their fair share, and changing trade deals throughout the world like I think in Thailand wanting all tariffs are removed from all products being sold or their are no sanctions on what’s being sold there. So now we can sell tons of products there just as an example of what he wants to do. Balance the trade deficits the last two to four administrations have put us in. But I don’t think you all really care.', 'When did MAGA say tarrifs would add jobs?', 'He uses the tariffs to manipulate the stock market so he and his maga millionaires get richer. Total POS 💩', 'Is TACO Don at it again', 'Dart of the Eel.', ""I'd rather have this than any blue politicos. I don't like spending money on many of the social programs that create dependency ."", ""That's business, baby \\*finger guns\\*"", 'Gamestop', 'His sycophants are really out here trying to convince the public that Trump is playing 4D chess, but this mofo doesn’t even know how to play checkers.', 'So far only thing tariffs has done is cause a lot of job losses.', 'https://preview.redd.it/53lb6ey8slbf1.jpeg?width=716&format=pjpg&auto=webp&s=2212904a2a9c88c62d7cfeda1f91738a5f683f1d', 'Taco and the red cap of shame.', 'That’s why I call them maggots, because their brains have been eroded by RFK jr’s brain worm.', 'His whole tariff game became obvious the moment he started doing it. It’s all to manipulate the stock market for himself and his rich friends to sell just before he announces tariffs then they buy at a discount when the market is at its lowest in the free fall and right after they buy trump removes the tariffs immediately after to have the market go back up.', 'MAGAs are just so stupid.', 'https://i.redd.it/160ab4bqqmbf1.gif', 'I’m not gonna lie, this mofo better make his mind up. Feel this shit is like being in a catholic mass: rise, kneel, sit; rise, kneel, sit; rise, kneel, sit!! For real', ""Have the markets just stopped responding? Feels like I'm not seeing as much swinging like it was earlier in his term."", 'Market manipulation', '13D Chess 👌', 'Wait, are they on or off? I’m confused', 'TA-CO, TACO, man,\n\nI want to be.. a TACO man', 'MAGA is odious', 'TACO', 'Taco 🌮 strikes again', ""It's Taco Tuesday again. I'm so fucking tired of this shit."", 'https://preview.redd.it/72nrug2e5obf1.jpeg?width=1080&format=pjpg&auto=webp&s=fbda96208b37c141fc5c3d9002c48144b54e0545\n\nAnything to avoid talking about the Epstein Files and the rampant pedophilia.', 'This is even better than the last time it was posted!!', 'President TACO!', 'Meanwhile half his administration buys on the dip and gets richer and richer…….', 'Truly a maga moment lol', 'TACO Tuesday for the win', 'Don’t forget about the 3D chess comments…..', ""I think the TACO meme broke him and he's not going to back down this time.  Get ready, inflation incoming"", 'Has he tried selling Trump branded flip flops yet? Now THAT would be a hit!', 'Great Man!', 'Look at the economy since Trump took office.....\n\nInflation is down to 2.3%\n\nDomestic job creation is up\n\nReal wages are up to 4%\n\nJob participation rate is up\n\nU.S. worker jobs are way up\n\nGas prices are down\n\nNYSE, NASDAQ, S&P 500 at record highs\n\n$14 Trillion in new business committments\n\nTrump is winning!', 'https://preview.redd.it/6lynglwgasbf1.jpeg?width=1284&format=pjpg&auto=webp&s=60c4d273a03c356a2d1ade30c0ed4b967c43fd96', 'Ask Charlie Kirk said anything about this? Has he strung up a lie? No? He is probably working on that right now 💀', 'They will only learn when it directly impacts them. Until then they will keep their heads in the sand.', ""We don't need to trade with other countries because we make everything we need here, but we will make so much money from tariffs on trade with other countries that we'll pay off the deficit and eliminate the income tax, so it's win/win!"", 'Name: GHISLAINE MAXWELL\nRegister Number: 02879-509\nAge: 63\nRace: White\nSex: Female\nRelease Date: 07/17/2037\nLocated At: FCI Tallahassee', 'God maga is so stupid\xa0', 'tariffs cause conflict, not collaboration.\n\nwell, maybe counter-collaboration, as other countries seek better trade relationships amongst themselves.', ""There are long standing tarrifs to promote jobs coming back to America and there are retaliatory tariffs. You're smart enough to understand this, no? Qed"", ""LET'S GO TACO!"", 'All about negotiating fairer terms.', 'Is he doing the hokey-cokey?', 'If you rearrange the letters in ""Donald J Trump"" you get ""Bumblefuck Dipshit""', '  174 thousand new jobs lost month. And all workers will pay less taxes. 🗽🙏🏽🕊️🇺🇸', ""It's the hokey pokey!\n\n\nPut my tariffs in\n\n\nPut my tariffs\xa0out\n\n\nPut my tariffs in\n\n\nAnd shake it all about!"", 'Cult', 'It’s crazy how fast they filp at the whim of their god king.  Must be strange to not have a single cognizant thought of your own', 'This whole trump thing is terrifying.  \nI was next to the crisis negotiator during his call of this heist, all the way.  \nThe hostages refuse to believe that they can overpower Agent Orange.  \nthey now cosplaying as repo men waiting outside the immigration buildings.\n\nCrisis negotiator: ""..."" - ""Tariffs?""  \nHostages: \\*applaud\\* \\*applaud\\* \\*applaud\\*', 'That’s offensive to dogs', 'Every now and again I check out r/conservative to see what\'s going on there and they just stick their heads in the sand for every factual point against trump and his administration, ban anyone that tries to bring up those points, ans post every single ""well it makes you think hmmmmm"" article nit-picking any democratic movement made for the last 10 years.', ""I'd feel a little better about losing democracy if it wasn't too someone so incredibly stupid."", ""That's the entire two party system."", 'I’m curious how Trump had anything to do with the poor souls that lost their lives in TX?', '[removed]', 'An oldie but a goodie', 'This is one of the most “trailer trash” pics I’ve ever seen.', 'Taco King Trump', 'Taco taco, burrito burrito', 'He wants to be a Taco Man!  🎶', 'Taco King Donnie... stuffed with shit', 'This is so obviously fake…his hands are WAY too big.', ""Yee-haw Cletus, we's gonna get summa that fancy meth today"", 'them/there? Sounds like pronouns', 'This pic encapsulates maga perfectly, except for the excess teefs.', 'Yup... and you would think after a while they will get tired of the same shit', 'Soy Bean farmers are getting shafted right now and they will cheer if the government gives them bailout money while saying they are against excessive spending and againt welfare then turn around and vote Republican again in the next election. \n\nMorons, they are all complete and utter morons.', ""If this is true, why aren't pork prices falling???"", 'Inb4 why feed the enemy', 'Even though we are all paying for the tariffs not other countries', 'Hive mind', '""I believe what a meme tells me, becuase im not a sheep""', ""When businesses are posting 50+% drops in profits and their stocks go up because of it, you know something's up. \n\nGood 🐑, you saw your face in the post and needed to get a word in"", ""**Stock Market goes up**: *”THAT'S WHERE IT WOULD HAVE* ***ALREADY BEEN*** *IF TRUMP'S MORONIC NONSENSE HADN'T STIFLED EXISTING MOMENTUM!”*\n\nFixed it for ya."", 'Jeffrey Epstein’s best friend is made president\n\nRepublicans: is Biden a pedo?', ""The stock market isn't the economy but even so it also dipped yesterday, recording it's worst day in weeks.\n\nhttps://www.reuters.com/markets/us/"", 'The dollar is down 15% since trump took office , so just because stock market number go up, doesn’t mean shit .', 'If you have the memory of a goldfish sure. But before Trump pulled all this shit we were doing MUCH better. The economy hasn’t fully recovered to back to where it was since the tariff bullshit started.', ""Nice try, [cultist](https://www.reddit.com/user/SarahKnowles777/comments/1howftz/to_any_both_sides_do_it_the_same11_edgelord_clowns/?utm_source=share&utm_medium=web3x&utm_name=web3xcss&utm_term=1&utm_content=share_button).\n\nThe worst is yet to come if the [wannabee dictator](https://www.reddit.com/user/SarahKnowles777/comments/1imdf99/trump_is_a_wannabee_dictator/?utm_source=share&utm_medium=web3x&utm_name=web3xcss&utm_term=1&utm_content=share_button)'s moronic [tariffs ](https://econofact.org/factbrief/did-the-trump-tariffs-increase-us-manufacturing-jobs)keep going.\n\nThe [consumer confidence index](https://www.investopedia.com/these-charts-show-consumers-feel-worse-about-the-economy-than-in-2008-great-recession-11719546) has already recently hit record lows.\n\nAnd the BBB will add more debt, though probably [not as much as his record-breaking first term debt](https://www.wral.com/story/fact-check-did-donald-trump-rack-up-more-debt-than-any-other-president/20917913/)."", 'Two administrations ago is Trump again...', ""Why should anyone care about complete nonsense that didn't actually happen. Stop parroting Trump lies. Also, Trump's attempts to sabotage NATO backfiring on him is not a flex."", 'There are no investments from foreign countries. America looks super crazy and unstable right now', 'What are the tarriffs for then?', 'When they insisted that the tariffs were meant to reshore production back into America. There was this whole big deal for like... a week where MAGA even understood and accepted that the tariffs would make everything more expensive, because it was ""a necessary cost"" to bring factories and production back. I think [Vance](https://www.yahoo.com/news/j-d-vance-justifies-tariffs-221128724.html) and Elon even got in on that particular excuse. ""Things will get harder before they get easier"", or some shit.', 'https://www.cnbc.com/2025/04/05/trump-says-tariffs-will-accelerate-reshoring-but-experts-say-its-not-that-easy.html', 'Umm that’s kind of the point. So we lower the trade deficit by stop purchasing as much from foreign countries and bring manufacturing back to the US, AKA adding jobs. \n\nHave you not been paying attention to anything?', 'All the fucking time?\n\nEvery know-nothing MAGAt moron always talks about how the tariffs will *""bring back manufacturing!""*\n\nWhere the hell have you been?', 'Thousands of times across cable tv', ""Exactly. If we feed the children or provide healthcare to the unemployed, they'll grow dependent instead of suffering quietly until their inevitable death. Be born richer next time! /s"", ""Shouldn't a wealthy country want to take of it's citizens over oligarchs?"", 'You mean like a 2nd massive fucking tax break for the rich?\n\nDo you live under a rock?', 'What the fuck are you even talking about? The shit money from these programs doesn’t even provide enough money to depend on it to begin with. But yea, fuck the needy, the billionaires need more tax breaks for their yachts and private jets.', ""This is just you telling everybody that you have a garbage ass life so you don't want any others to have it better than you."", 'The Republican areas are the most welfare dependent.\n\nIn New York the most Trump voting county is also the poorest', 'He’s playing market manipulation for his rich friends buying and selling stocks.', 'I wonder if Trump supporters ever get tired of being the most cartoonishly moronic and gullible dipshits in American history or whether it just stays fresh day after day.', ""Oh yeah, they recently posted new rules about the OBBB. If you are too critical about it, they will kick you out. After all, Kamala would've been worse. So, they need to suck it up and not speak poorly about dear leader and his dumpster fire policies and his unpopular spending bill that is about to screw a majority of that base. Cognitive dissonance at its finest. And they call everyone else snowflakes? What a bunch of clowns."", 'Pretty obvious how he went bankrupt 6 times. He is a horrible businessman. Just chaos and bad faith all around him. Would you do business with him?', 'Sounds like you’re describing Reddit as a whole', 'Right I keep thinking if he was some charming villain or something this wouldn’t be so bad like “oh he fooled us!” Instead it’s just an old, sociopathic rich guy who is so goddamn dumb and looks like a rejected cartoon character.', 'So then you agree with me: Texas is being poorly run by Republicans that voted for Trump.', 'Yep. Has aged well. Thanks Tampa', 'Courtesy of Tampa, FL', 'Enchirito… Nacho, Burrito!', 'Lol... I can see that too... I wish that explained a lot of what is going on', 'Or LSD and beer', 'Redneck pronouns, where you can be a plural entity and a location at the same time!', 'We need to constantly remind people literally every time the topic of tariffs come up that we, consumers pay the tariffs, not other countries.', '""An observational meme is based on beliefs, not observations!"" You\'re delusional.', ""Which part of the meme isn't accurate?"", 'Republicans had to choose between Jeffrey Epstein’s longtime friend and Nikki Haley for president \n\nWho did they pick', '*“Jeffrey Epstein’s best friend is made president”*\n\nI hardly see how the 1992 election is relevant.', 'Still up!', 'That’s simply not true lol you can’t just go making up a number', 'Based on…?', 'Genuinely it amazes me they can live on their own.\n\nEdit: I found this absolute gem in their comment history 🤣\n\n> Undocumented immigrants aren’t being deported. Illegals are the problem. They are two different types of immigrants. Illegals cost tax payers billions. Those are the ones that need removed.', 'Restructuring of foregn trade', 'And now could you add verbiage to “The Art of the Deal” part of this meme?', ""Except it won't do that in a large amount of industries/commodities/goods."", 'All children that are given food become addicted, resulting in severe dependency to nutrition. In many cases, the withdrawal symptoms of this affliction can result in death. Clearly, feeding the hungry is the cause of many evils and must be stopped.', '![gif](giphy|6xFN8KlGD56Dnyutel)', 'Sounds like them there medieval talk...Lol', 'Bill Clinton didn’t meet him until after.\n\nRepublicans who had just made convicted serial child rapist Dennis Hastert Speaker of the House from 2000-2007.\n\nBut oh no! Republicans didn’t have pedophile in major office after that.\n\nThen came Donald Trump! A man who made weekly visits to Jeffrey Epstein’s NYC apartment! \n\nPhew, Republicans were happy, they had a pedo in major office again\n\nAre you a Republican', ""It's not tho.. it's still below where it was when Biden was in office."", 'Literally google dollar to euro value , it’s right there it might not be 15% but it’s between 10-3%', 'Reality. Also that word…what was it again? Such a great word, nobody has ever heard of it before, oh yea “Groceries”. You remember when Trump didn’t even know the fucking word “groceries” and conservatives claim he is a “man of the people” he’s so far disconnected from the common person. When he’s giving those speeches with all the working class followers in the crowd he’s not talking to them about all the great shit he’s getting, he’s talking to the fucking Rich, people like him. He has no fucking clue what the lives of the working and lower classes are like.\n\n\nAlso, the stock market.\n\nAlso also; anyone’s 401k now compared to before the tariff bullshit started.', 'These same fucking idiots are the ones who were screaming out that they hate and are against “Obamacare” when they were fucking on it and didn’t know it was actually called “The ACA” or “Affordable Care Act.”\n\nThis was the one stupid thing Obama/Dems did; went along with the name “Obamacare” after republicans kept using the name to try to demonize the bill before it passed.', 'And what positive effects should we be expecting from the restructuring of foreign trade?', ""Shouldn't you not do it on dozens of countries including allies, not so much enemies, all at the same time?"", 'lol', 'You’re so, so close to realizing how this makes no sense. I believe in your ability to critically think this through.', 'Yeah I agree but that was “the point” of them', '*“Bill Clinton didn’t meet him until after.”*\n\nSo Bill Clinton didn’t become a pedophile until old Jeff Epstein talked him into it?\n\n*”Republicans who had just made convicted serial child rapist Dennis Hastert Speaker of the House from 2000-2007.”*\n\nHastert was convicted in 2016, years after he had resigned his position, so I guess by your logic that doesn’t count right?\n\nEither way, no. If he had been convicted of anything like that at the time there isn’t a chance in Hell he’d be made Speaker of The House.\n\n*“Are you a Republican”*\n\nNo.', 'You can’t look at this and tell me it’s not doing great. This was from yesterday\n\nhttps://preview.redd.it/9z5jewzjonbf1.jpeg?width=1232&format=pjpg&auto=webp&s=fd8eed0f9c5e243635926834fa62a18a685416b8', 'There it is. “Well ok if you google it it’s closer to 3% but still! That’s basically 15%!”', ""I had this stupid fucker years ago tell me that his wife was refused service for treatment and it was because she had Obamacare insurance. I asked which insurance she had, blue cross, united healthcare etc and he said that she had an insurance card that said Obamacare. I took a moment and before I called him a liar I said that something wasn't correct as that there was no insurance called Obamacare. I tried to explain that the ACA was a was to get affordable ins thru a website and that it would still be one of the major insurance carriers. He didn't understand as I called out his BS lie."", 'Republicans elected Trump knowing he was Epstein’s best friend.\n\nBill Clinton likes adult women. This is very confusing to Republicans from the party of Dennis Hastert and Lindsey Graham.\n\nLet me guess, you are a Republican who is open about hating age of consent laws so you say you are a libertarian', 'Is basic reading comprehension a challenge for you?', 'Go educate yourself on economic bubbles.', ""Bullshit.  We can tell you the stock market, when it temporarily goes 'up,' is really just going **back to where it would** ***already*** **be growing at**, if moron trump didn't keep fucking it up."", 'Explain one section of this image, in your own words.', 'I mistyped , I meant 13%', 'I mistyped , I meant 13% and you could just google it yourself and see it lol', 'Nope, I think age of consent should be raised to 18 actually.\n\nAnd it’s a stretch to say Trump was Epstein’s best friend, not only were they only loosely acquainted, but Epstein wasn’t really known about until after Trump’s first election.\n\nRich celebrities like Trump tend to know a lot of people, but the two were hardly bffs. Even if they were that doesn’t necessarily prove anything.\n\nTalk Show host Ellen has a history of being awfully close to Diddy Combs, does that implicate her in anything he did?\n\nYou can know people who have skeletons in their closet without being complicit in their crimes, chances are someone you know has their own dirty secrets, you just don’t know it.\n\nAnd Trump has also shown his preference for adult women, a bit too much sometimes. If you really wanna criticize him for anything, I recommend that.', 'And just to be more specific so you can crunch the numbers yourself , on January 21 2025 the day he took office the dollar was 0.96 to the euro , now it’s 0.85 , which is a 13% difference . I’m not making up bullshit , it’s right there anyone can see it , so yeah the stock market might be up , it’s not nearly up 13% . So your facsist daddy is running the country like any of his businesses , badly.', 'Nope. Trump made weekly visits to Epstein’s NYC apartment for years. Flew on his plane many times. \n\nTrump sues people for defamation, and has done so many times. His biographer says in interviews he has seen photos of Trump with underage girls topless in his lap. Why doesn’t Trump sue him too? Or the lady who legally says Trump and Epstein raped her at 13? \n\nAgain, look at Trump’s many defamation lawsuits. \n\nWhy are you making excuses for that?', 'Wow, someone doesn’t understand the economy lol\n\nYou can’t look at this and tell me it’s not doing well\n\nhttps://preview.redd.it/qn9ad5otnnbf1.jpeg?width=1232&format=pjpg&auto=webp&s=f3a64234aea2be5a426d7187963608ba4d659719', 'If there was any real proof of anything those defamation suits wouldn’t go very far.\n\nDo you happen to know what the definition of “defamation” is?', 'Lmao , can’t argue with facts so just move to rage bait gotcha . Have a wonderful and happy life', 'Yes, Trump could sue the biographer and the woman alleging child rape for defamation \n\nLike when Trump sued over the orangutan joke']",0.0595,0.0,-0.0023200000000000013
1lucxrf,What flag is that in the corner?,8637,https://i.redd.it/vyul1ncm7kbf1.jpeg,1751940850.0,,"['[our bals](https://discord.gg/jM7UK66CTV)\n\n*I am a bot, and this action was performed automatically. Please [contact the moderators of this subreddit](/message/compose/?to=/r/vexillologycirclejerk) if you have any questions or concerns.*', 'Um… what’s up w that dog????', 'https://preview.redd.it/1b5erm6j8kbf1.jpeg?width=581&format=pjpg&auto=webp&s=cca2e08c1b44172e97fa044197471692c36f191d', 'What the dog doin?', 'Flag of Hundland', 'Flyingdogville.', 'https://es.m.wikipedia.org/wiki/Frente_de_Estudiantes_Libertarios', ""'Principauté of Mouchechien'"", ""What's that dog doin'"", 'omg a  DAWG', 'Not a flag just a happi happi dawg', 'what the dog doing', ""If you mean bottom right, its Elon's new country, The People's Democratic Republic of Doge"", 'Conchetumare, Chile reference', 'https://preview.redd.it/oaboxbeqblbf1.png?width=152&format=png&auto=webp&s=ed57547cf59e2b2c4f19a238aec8c1957b75cc11', 'a special magnetic flag that attracts only dogs. shortly after this picture was taken the crowd unattached the black dog being drawn towards the flag in this photo and devoured it', 'r/DerailedByDetails', 'What da dog doin?', 'New flag ( ignore Pablo )', 'https://preview.redd.it/oplr7qhtxlbf1.jpeg?width=493&format=pjpg&auto=webp&s=e4d1207242b7c54a9a6697f8881d39ab81e30a93\n\nI recognise this dog', ""I played to much eu4. I see red and black flag my instinct tells me that group is a rebellion, and the type of rebellion is the white symbol in the centre. But I can't recall what it said"", 'https://preview.redd.it/p1wlhu2t1mbf1.png?width=82&format=png&auto=webp&s=2ceac23f2fcd6c7e336ceb665d08ef2d3721fda1', 'Someone draw that dog', 'Forget the flag wtf is the dog doing?', ""F*CK the flag, what da dog doin'?"", 'I have a better question', 'What happened to that dog?', 'https://preview.redd.it/ko3yy97iumbf1.jpeg?width=640&format=pjpg&auto=webp&s=0c5741be2276b5329479d1ad89e3471895e6deef', 'Definitely an anarchist movement', 'El Fel', 'We have bigger fish to fry buddy', ""Sir, that's a dog"", 'Perro gueon', 'Frente de Estudiantes Libertarios', 'It’s not a flag, it’s a dog', ""I actually didn't see the dog at first, until I saw the comments"", 'What the dog doin?', 'Best Chilean meme.', 'r/derailedbydetails', ""We've got bigger fish to fry here"", 'https://i.redd.it/9ls2dsqvmobf1.gif', 'https://preview.redd.it/gp86pg9mnobf1.jpeg?width=1046&format=pjpg&auto=webp&s=0b38f0eda2b39b1ee512dfdcf2463e0116b0bdde', 'No way dog got highlighted like this', 'r/derailedbydetails', 'Upvoting for dog.', ""What's up with the dog? XD"", 'Raditude', 'is that Negro Matapacos? or have the chileans recruited another protest dog lmao', 'GameStop', 'What the dog doing?', ""I'm more interested in knowing what the dog is reacting to."", 'dog', 'First thing I thought of was the New Zealand Māori flag.\n\nhttps://preview.redd.it/4qyuregthqbf1.jpeg?width=616&format=pjpg&auto=webp&s=14a69912829bf7ba3c449d46026835d1c9eb8fcf', 'I have a better question', 'Are we just going to ignore the dog auditioning for the matrix', 'https://preview.redd.it/ppkgyntjqrbf1.jpeg?width=1170&format=pjpg&auto=webp&s=83deae25d010bfa4ae7bd9d80178cef68c549b4a', ""Let's address elephant in the room.."", 'What the dawg doing?', 'Wut da dawg doin?', 'I think someone kicked the dog unfortunately', 'I have a better question', 'I wish to inquire regarding the activities of the hound.', 'r/blurrypicturesofdogs', 'I have a better question', 'gonna ignore the dog?😭', 'Wat da dawg doin', 'Finally we find out what updog is!', ""That's me in the corner"", 'Fent', ""Let's address the elephant in the room"", 'Ferrari?\n\n/s', 'Pretty sure it just says fentanyl', 'I have a better question...', 'We got bigger fish to fry muchacho', 'Es el matapacos?', 'I dont think anyone is focused on the flag haha', 'I have a better question.', 'A flag with Black & Red split in half usually falls somewhere on the left side of the political spectrum. Anarchism is usually Black and Socialism is usually Red. The white letters could be anything really. Probably involved in a pro-labour movement of some kind.', 'What the dog doen?', 'are we just going to ignore the jumping dog', 'https://preview.redd.it/s3hniu37g2cf1.jpeg?width=900&format=pjpg&auto=webp&s=9142115cf481e79d244e85df525fdc314b800d98', 'I think that might actually be a dog', ""I'm sorry, but that dog! 😅"", '!wave', 'Who let the dog flying out???', 'Oh, what you doing here little Timmy? Oh watching a flying dog. Typical Wednesday', 'Better question...', 'Shot in the dark, but maybe Spanish anarchist?', 'What the dooog doin?!', 'Dagestan.', 'That’s a dog.', ""What the dog doin'?"", 'we got more fish to fry brochacho', 'It is 05:50 in the morning. It took me far too long to notice the dog as I was looking at the flag. When I did I belly laughed into my coffee mug.\n\nI am holding you responsible that I now have to change my shirt!', 'Nothing much what’s up with you?', ""it's about to say GORP"", 'Spell icup', 'he saw a cop', 'Is it fucked up that their flag is a dog', '(ignore pablo)', 'The dog is up yes', 'pablo deserves to be seen like the celebrity he is', 'The fractal define is a nice case.', 'the most perfect name for a dog ever', 'https://preview.redd.it/j242n7f6zvbf1.jpeg?width=781&format=pjpg&auto=webp&s=4302d81bbe33e20789b5f78354c04306584557a5', 'r/derailedbydetails', 'This is a flag sub not a dog sub, sir. Answer the question', 'he is jumping for joy', 'I wish to inquire regarding the activities of the hound.', 'Houndland you mean? Lol but mate, to stay on topic and within the subs rules, what’s your best gas as to what the actual flag is?', 'Y de los de verdad, anarcosindicalista.', '🤮', '[deleted]', 'Finalmente. Gracías 🙏🏻', 'Yeah. Post somewhere else pls. Funny but not for this sub. Clearly karma phishing/attention seeking', 'con Matapaco <3', 'https://i.redd.it/3ne3eo9brnbf1.gif', ""When I'm in a flying dog competition and my opponent is this esteemed gentleman\n\nhttps://preview.redd.it/7lrme1xpwmbf1.jpeg?width=660&format=pjpg&auto=webp&s=d9fac72e5ef1c131dd42c96a6d445ad11687856f"", '!wave', 'r/blurrypicturesofdogs', '!wave', 'https://preview.redd.it/gev2f4dnfobf1.png?width=321&format=png&auto=webp&s=b056f5c0c08f70f815e1f704ed23d1cd56920e26', 'Hard', 'yeah no i’m stealing this', 'I love this', 'Bro thinks he’s Carti', ""Both the dog's and the people's faces don't seem to reflect that. They have a curious surprised face"", 'Leí que la foto es de Valdivia', '![gif](giphy|tlGD7PDy1w8fK)', ""I'm watching you urinate, please continue, it's visually appealing."", ""I C U U P. ICUUP. Wait, you're not talking about the Chapter of Unitarian Universalist Pagans?"", 'If we’re all going off the topic of flags, I’ll join in and say—as per rule number 8 of the sub—“Sick bals [sic 🤣🤣🤣], Chopper! \n\nMan, *Stand by Me” is a childhood favourite & absolute classic! \n\nAs per the actual flag…which I’m sure the OP wasn’t really posting about, as the OP Wood & technically *should* have cropped out that irrelevant dog in terms of the sub rules…\n\nbut don’t worry, I’m not some goody two shoes teachers pet, but I did find it a bit annoying to have to scroll so many comments about a dog before I could actually get to anything about the flag in a sub dedicated to…FLAGS jfc rofl. xx', 'If I had to guess, I’d say it’s a homemade flag for the Frente Estudiantil Libertarios in Chile, maybe during the 2019 protests there. Hard to say, I can’t find the flag exactly though', 'Bold of you to assume that dog isn’t a world renowned vexligolilogist', 'Sup dog?', 'But if we know what the dog was doing, we maybe will know in what contest that flag was used', 'Dog is flag', 'The dog is part flagrador', '💯', 'Basados', 'You ok buddy?', 'Hello? You ok?', 'Og libertarians were socialist, look it up', 'El perro promedio en una protesta chilena:', 'Thank you for giving me a new world to explore.', 'Same lol\xa0', 'https://preview.redd.it/p3r8cl7mb1cf1.jpeg?width=1320&format=pjpg&auto=webp&s=1c4717daa841c3d8a037bd09869b625dfa3429a1', 'Gotcha', '""basados"" 😭 I had no idea Spanish had a calque of ""based"" I just assumed they would use it unadapted like in Russian', 'Son muy divertidos de ver si no te importan realmente los estudiantes secundarios que manipulan.', 'Buddy lives in the US, so... No?', 'basiert', 'Basado en que po?', 'it was ironic in a ""lol look at this guy using anglicisms in day-to-day conversation"" way. then it stopped being ironic', 'This implies the existence of Spanish lil b', 'basé', 'Ahora dilo sin llorar', 'Heilig basiert!!', 'Basado en mis pantalones', 'Huh?', 'Basado en inglés también lo usan irónicamente', 'Lil b? Lil bro?', 'Son muy divertidos de ver si no te importan realmente los estudiantes secundarios que manipulan.', 'Divertido es verte a ti creerte que un grupo de estudiantes están manipulando a los demás en vez de aquellos en poder donde sacas tus creencias', 'Tú crees que el compadrito al costado izquierdo es liceano?', '¿Como tú sabes que no lo es? ¿Nunca has visto a un hombre joven con una bandera?', 'No es el año 2015, ya no estamos haciendo la pantomima de que estos grupos en los liceos de Santiago y los overoles blancos son orgánicos']",0.0,0.0,0.08015209580838324
1ludjym,Lovely New GameStop Purchase 🫠,34,https://i.redd.it/e8j0vkg1dkbf1.jpeg,1751942673.0,How does this happen so much with this company lol,"['Yeah, this is why I and so many others only purchase something from GameStop if we’re physically in the store. They do shady shit like this *constantly* through their online orders, and have for many years. Never order from their website or app if you care about getting a game’s actual case. Truthfully, I just wouldn’t recommend supporting them in general. They treat their workers like complete garbage and do lots of other toxic nonsense.', ""At this point I wouldn't be surprised if they ship games in used toilet paper."", 'I would go to the store and ask if they have a case to give.', ""That's insane. Same thing happened to me before I contacted support and they refunded me the difference between new to used which was 5 dollars -_-"", 'At least it’s the right game.  From my experience it’s just as likely to be something entirely different from what you ordered.', 'Happened to me recently too.', 'I don\'t buy from GameStop unless I\'m buying in store. These MFS will ship you a ""new"" game in a disc sheet, in a blank case. It\'s not new once they unwrap the damn game 😭😭😭', 'It happens because customers steal cases off the wall. They either think a game is in it, or they themselves have a loose copy of a game and they want a case so they walk in and take it.\n\nFormer Gamestop employee here. I saw this all the time. I\'ve even seen and caught young kids tucking cases in their jacket pockets or pants pockets. Lol\n\nSo when the case is missing, of course Gamestop should convert that particular game to used. That or at the very least they should drop the price to the used price via a manager override. But nope, to Gamestop, New means ""item wasnt sold before."" To them, new doesn\'t mean ""shrinkwrapped and has the game box."" \n\nWe in the company call/called it ""Gamestop New.""', 'I won’t buy online for GameStop anymore because of crap like this.\n\nAnd they make returns a nightmare. They closed all GameStops within like 70 miles of me and online support said I should just return it to the closest store', 'Been a victim of that as well. NEW item but just a disc slip containing the switch cartridge… should be a crime.', 'I get replacement cases for $10 if I really want the game https://www.etsy.com/shop/CustomGameArtDesigns?coupon=THANKYOU&ref=shop_home_ty_coupon_banner', 'I don’t buy from GameStop at all ever since a manager tried explaining to me that “defective” only applies to unopened systems and means damage to the box.', 'Lessons learned for sure', 'You should see the package this came in lol', 'I don’t understand how they can have a new game out of the case anyway - like how can you expect a customer to believe it’s not used lol', 'That would be wild for a new game 😅', 'Yup I agree - display cas games should be sold as used - but alas lol thanks for the explainer!', 'I personally call it """"New"", But Used""', 'Just go and return it, simple as that', 'Usually they’ll use the original case as the display case if they don’t carry a lot of the same game.', '😂', 'Yup I am', 'They have a new thing now… if it arrived way passed the return policy (through mail) they can’t do a return… they can only exchange IF  they have the same item, which most of them do not. I will only shop in store from now on.']",0.5859,0.4215,0.07374347826086956
1luefnt,Facebook marketplace vs Best-buy/Gamestop?,0,https://www.reddit.com/r/PS5pro/comments/1luefnt/facebook_marketplace_vs_bestbuygamestop/,1751945331.0,I'm looking to buy a second hand ps5 pro. Is it worth it to save a few bucks ($50-$100) and buy one off of marketplace or should I spend the extra money and be safe and buy it from best buy or gamestop? Do consoles from gamestop and best buy come with warranties/good return policies? ,"['On something that expensive i would play it safe and get one though GameStop probably gana cost around 600$', 'Umm honestly you never know with marketplace, you can have some bad luck and get one and it ends up being being banned from ps network, then your shit out of luck with getting your money back. At least at gamestop or best buy you can get your money back if somethings wrong with it', 'I wouldn’t purchase something like this from market place', 'I got mine at the pawn shop idk might be worth checkin around', ""Once you learn how to shop on places like Marketplace, you can get some pretty good discounts. Learn what questions to ask and what to look out for, that's all"", 'Bro, I got mine on Marketplace for $800 CAD, unopened box.. two controllers. He said he bought it but never really had time to play with kids and a wife, so he was selling it for $950, I tried my shot for $800 and he said ok but just one control, then he gave the other one when we met. \n\nI was super scared that it could be a scam but no, all legit.', 'Bought mine brand new unopened from FB marketplace for $600 about 6 months ago. When buying high value items like this, I always check out their FB profile first. See if they have a long history using FB. Do they have any post? any picture of who they are? Is their profile legit or was created only to scam other people? Any account that was created recently or in the past 1, 2 years, I would avoid at all cost. Then, I’d check out their seller ratings and reviews. What else are they selling? There are many things to consider. \n\nI have sold and bought hundred of things on FB marketplace from high value items like selling my Tesla for $36k to luxury watches for a few grands. After awhile, you start to develop these instincts to separate the real sellers from the scammers.', 'Doesn’t PlayStation direct do refurbed consoles? And maybe eBay? The thing about GameStop is you can always trade stuff in to offset the price.', 'I’ve bought 3 ps5s from market place and they all still work and they were 200-350 each. \n\nAlso a pro but I got it at Best Buy with a free 2 year warranty', 'Buy it from Amazon. They have it for under $550 like new condition if you’re a prime member. Add to cart, 20% off at checkout. https://a.co/d/j7OcMwp', ""I got my pro 'second hand' from CEX in the UK. Still had everything wrapped up / sealed\n\nYou get a 5 year warranty - so had no worries about buying from them - not the cheapest though!"", ""If you can get one new from Walmart, it's even better.. its 30-day warranty. Best buy, it's only 15 days.. and I dont know about gamestop. If you buy used, you won't have proof of purchase from marketplace to claim sonys 1 year warranty!"", 'I got my pro for about $580 on eBay because I couldn’t swallow the $700 asking price. If you can find it refurbished or used by a reputable seller then I feel like it can definitely be worth it as it’ll be less of a loss to sell it once PS6 comes out.', ""If buying s3cond hand and especially with ps5's be sure to see a demo of course but check the HDMI connection! Nearly every ps5 i see has a screwed up or very loose hdmi port."", ""I'm buying mine from pawn America website it's 599 exactly no tax. I don't know if it's used or new probably used."", 'I always recommend new. Pre-owned only if you get a decent price and enough time to test it & make sure it works', 'its 660 on their website. at that point i may as well buy it new', 'Any advice?', 'Yeah I’ll be checking the account history beforehand. Thanks for the advice', 'Unfortunately not the pros. GameStop, eBay, and best -buy do though. Would be around 100-150 more expensive tho. Thanks for the input', '5yr warranty at CEX is unreal.', 'Unfortunately in the USUAL', 'Yeah eBay is a good backup option. Facebook is still offering the best prices tho due to taxes', 'Thanks, good catch', ""Tbh I would just buy it new gives u peace of mind that it's not been abused and if there is something wrong u can just take it back"", ""For sure. I haven't bought a console from Marketplace, but think about the ways you would be using the item you're buying and how they could demonstrate they work or hold them accountable in case they don't.\n\nFor example:\n\nIn the case of the PS5, have them record a short video with the current date in the image, showing you it can access PSN and play a game online. If they don't have any games or the PS5 is sealed, you could ask to record meeting them up on site.  I recommend always picking a public place, like a grocery store parking lot, during daylight hours. If they don't want to be recorded, don't bother. There's plenty of people who won't mind making sure you have peace of mind. They would want to make sure they don't get scammed by you either"", 'No problem', 'Yeah so thought why not - I got my portal there as well for £130 - again with 5 years - they put it on everything electronic afaik', 'Personally I don’t use Facebook because the buyer and seller protection isn’t nearly as good as eBay. Thats part of the reason why the fees are higher.', 'I think I can buy it from best buy refurbished, not a bad deal at all', 'That psn thing is smart, the problem is that people claim that the console is brand new or the box is unopened', 'damn, id honestly say it’s worth paying the extra money for a warranty that long 💯💪 \n\ngood going that bud 👏', ""If it's a good deal I would give it a go. Just an fyi refurbished means there was an issue with it so they had to take it apart to fix it. If it just says pre-owned there is no issue and they just cleaned the outside and repackaged it. Atleast with GameStop I figure it would be the same with best buy also"", ""I can definitely understand how there could always be a way they outsmart you. Recording is meant to scare away the people who don't want their face posted everywhere online as a scammer. Just have to look on the internet for the answer you need since there's always someone who has gone through that situation. With risk comes reward but the more you know, the less risk there is. I've been scammed myself but I've also found some pretty good deals on video games"", 'I’ll research for Best Buy. Thanks for the advice', 'If you have prime you can get a used- like new pro for 535', 'The lowest I’ve seen is 627. Is that US?', 'It adds an extra 20% off at checkout. Brings it down to $502 plus tax', 'Oh wow. Is it a prime day only deal? I might get prime just for that']",0.0,0.9636,0.41252564102564104
1lupbnk,🔮 GOLD MINE SEC whistleblower comment from Feb 2020 before ANY of us (except RK) knew what was up 🔥💥🍻,4828,https://i.redd.it/vs0s61ynonbf1.png,1751983238.0,"# SOURCE: [https://archive.is/MNYyX](https://archive.is/MNYyX) / [https://www.sec.gov/comments/s7-14-19/s71419-6772255-208079.htm](https://www.sec.gov/comments/s7-14-19/s71419-6772255-208079.htm)

# Quick Partial Glossary:

1. *BD =* [*Broker Dealer*](https://www.investopedia.com/terms/b/broker-dealer.asp)
2. *CAT =* [*Consolidated Audit Trail*](https://www.investopedia.com/articles/investing/100913/basics-short-selling.asp#:~:text=History%20of%20Short,costly%20and%20risky) *(Curiously, Investopedia has no dedicated ""CAT"" article; SEC's 2010 CAT Press Release* [*HERE*](https://www.sec.gov/news/press/2010/2010-86.htm)*)*
3. *DOUG CIFU = Virtu Financial Inc. CEO (*[*$VIRT*](https://www.investopedia.com/markets/quote?tvwidgetsymbol=virt)*), Known $GME naked short, LINK* [*HERE*](https://www.investopedia.com/news/high-speed-traders-feast-stock-markets-woes/#:~:text=Fast%2Dmoving%2C,to%20Bloomberg) *and* [*HERE*](https://archive.is/glgTS#selection-2255.0-2261.180:~:text=%E2%80%9CThe%20environment%20where,the%20sustained%20type.%E2%80%9D)*, Quote here that shows Market Makers DO NOT like GameStop's periodic volatility (MEANING: THE BORING WITH HUGE SNEEZES IS EXACTLY WHAT WE WANT): ""The environment where you have a lot of price changes during the day is the ideal environment for a market maker,” Douglas Cifu, Virtu’s chief executive officer, said in an earnings* [*conference*](https://archive.is/o/glgTS/https://www.bloomberg.com/news/terminal/P3U5CUDP1C05) *call this week. “What I’ve always said to you guys is volatility can be episodic or it could be sustained. Obviously, as a market maker, we prefer the latter, the sustained type.""*
4. *FINRA =* [*Financial Industry Regulatory Authority*](https://www.investopedia.com/ask/answers/how-does-finra-differ-sec/)
5.  *JAY CLAYTON = Former SEC Chairman (*🚨 *Oh look,* [here's a VIDEO LINK](https://youtu.be/67OTdxLovF4?si=hvXfbOknQpEB2UNZ) *of Jay Clayton*  *~~sweating bullets because he know's RK figured it all out and Jay's owner$ & his coconspirators are implicated so he does a media tour at the direction of his owner$~~*  *commenting about how RK miGhT hAvE mAniPuLaTeD tHe mArKeTs* 🚨*)*
6. *OTCM =* [*Over-The-Counter Market*](https://www.investopedia.com/terms/o/otc.asp)
7. *SRO =* [*Self-Regulatory Organization*](https://www.investopedia.com/terms/s/sro.asp)



# 🔮🔮🔮🔮🔮🔮🔮

# ""

# Subject: File No. S7-14-19

# From: Christopher J DiIorio

# Affiliation: Whistleblower

# February 4, 2020

The SEC/FINRA ACTIVELY facilitate fraud in the OTCM.

The OTCM exists for 1 reason: abusive naked shorting publicly traded shells to facilitate money laundering. WHY has the SEC outsourced virtually the entire OTCM to the BD SRO FINRA? 

*\\*Including: approval of ISSUER corporate actions:Reverse splits?  
OTCM CEO Cromwell Coulson has stated repeatedly that FINRA short interest reporting is accurate. HOW can he make this preposterous claim when there is STILL no CAT?

No CAT, BUT there is an Obligation Warehouse. The SEC authorized the DTCC to create a non guaranteed, shadow clearing mechanism so that criminal BD's like NITE,CDEL, etc can circumvent close out REQUIREMENTS of Reg SHO Rule 204. The OW is illegal. It is clearly contrary to the 1934 Act ""prompt and accurate settlement of securities transactions"". WHEN not IF a BD like NITE has an open naked fail in a OTM shell when the SEC/FINRA approve a reverse split, there is a new cusip issued. The old cusip ceases to trade. This creates a structural liability. In the case of NITE: repeatedly/constantly insolvent (tangible book). Because NITE is self clearing, a naked short fail can be booked as a receivable. An ""asset"". Complete fraud as there is no intention of ever delivering. A ""trading glitch"" was born. The ""glitch"" proved Knight (NITE) was grossly insolvent as I had/have repeatedly told the SEC. NOT the ""highly liquid balance sheet Knight(NITE) had claimed as they had to raise the entire amount of the ""glitch"" ""losses"". On the heels of the ""glitch"" NITE inadvertently sent 4000 worthless securities to JPM as collateral for a bridge loan. JPM rejected the collateral. Per SCOTUS (Rubin) NITE engaged in securities fraud in pledging worthless securities. JPM as usual looked the other way. ALL of the ""glitch"" funding participants KNEW the NITE balance sheet was complete fraud. (Blackstone,Goldman,JPM,Stifel,Gen Atlantic, Jefferies et al). The ultimate transaction was NOT collateral based. But a P discounted pref after the stock was crushed to $3 or $1.50/sh.

Fast forward to 2017. The Tangible book value used to calculate the VIRT/NITE transaction was also complete fraud.

VIRT grossly over paid for NITE. NITE was and still is grossly insolvent (tangible book) as a direct result of ongoing illegal activity: abusive naked shorting and accounting fraud actively facilitated by the corrupt SEC. The VIRT/NITE transaction didn't close until 7/31/2017. KCG (NITE) was an SEC reporting company until VIRT CEO Cifu de registered KCG. Cifu has but won't ""publish"" KCG 2Q2017 financials. The SEC allowed this. Information CERTAINLY material to investors to analyze the transaction. 

Interestingly, more than $4 BILLION in ""leverage"" disappeared from the combined company balance sheet in 3Q2017 IF you were to simply do a 2+2 analysis. In the case of the VIRT/NITE balance sheet in 3Q2017, 2+2+1.5.

Amazingly, the same players facilitating the ""glitch"" also facilitated the NITE/VIRT transaction. After the disappearance of $4 billion in ""leverage"" JPM committed $1.6 billion to finance the transaction. Goldman along with Jay Clayton's Sull Crom colleague Jared Fishman advised KCG. AGAIN.

The transaction was complete fraud. ALL participants know this. The ""assets"" used to calculate the tangible book value to justify the transaction were written down because they were not real ""assets"" to begin with.

Also, in the months leading up to the transaction closing on July 31 2017, KCG (NITE) reported trading more volume than the overall market. Naked shorting. 

VIRT/Cifu, JPM, Goldman et al knew and have always known what the core business at NITE is.

Knight/KCG/VIRT is a criminal enterprise. It was literally ""made by the mob"" Spitzer mob bust: Ashton Technologies: ""Worthless paper"". Became VIE Financial. Then Optimark. Then Knight/Trimark.

Fast forward to December 2019. The top traded OTCM shell was a company called Elite Group out of Frisco TX. ELTZ

.0001. The CEO of ELTZ is Terrence Tecco. The SEC knows him from their Strata Coal/WesPac complaint.

The OTCM ELTZ page is ""Skull and Cross Bones"". DANGER. WARNING.

The Transfer Agent is Island Transfer. The SEC knows them well also from their Feb 20, 2019 ""Shell Factory"" complaint.

Did ANY of this stop NITE/VIRT from being the #1 trader in ELTZ in December 2019? NITE/VIRT traded BILLIONS of shares. WHY? Any SAR's? WHEN? Before or after trading billions of shares? Pull a market? Not with an open naked short position. 

Sitting on the bid as a ""vital source of liquidity""as ELTZ went to .0001? Not a chance. 

The PL will show: Abusive naked shorting: MANIPULATION.

So, this rule proposal does absolutely NOTHING to address the massive fraud on the public being actively facilitated by the SEC. 

The balance sheet at NITE VIRT is AGAIN exploding in 2019 heading into 2020. The SEC has allowed Cifu/NITE/VIRT to stop disclosing their OTCM share volumes in any SEC filings despite the AML risk they pose. 

The Sell side omits these share volumes from their models. What happens to NITE/VIRT trading profits IF their OTCM share volumes went to zero? Most definitely a material disclosure.

The Clayton SEC once again shows they don't give a ""Rats ASS"" about Main Street as they claim to.

The SEC is a criminal enterprise facilitating criminal activity at the expense of ""Main Street"" on a daily basis.

Cheers

# ""

# 🔮🔮🔮🔮🔮🔮🔮

# ""Cheers"", you say? Cheers, indeed 🍻🍻🍻","[""[Why GME?](https://www.reddit.com/r/Superstonk/comments/qig65g/welcome_rall_looking_to_catch_up_on_the_gme_saga/) || [What is DRS?](https://www.reddit.com/r/Superstonk/comments/ptvaka/when_you_wish_upon_a_star_a_complete_guide_to/) || Low karma apes [feed the bot here](https://www.reddit.com/r/GMEOrphans/comments/qlvour/welcome_to_gmeorphans_read_this_post/) || [Superstonk Discord](https://discord.gg/hZqWV2kQtq) || [Community Post: *Open Forum*](https://www.reddit.com/r/Superstonk/comments/1ipojer/open_forum/) || [Superstonk:Now with GIFs - Learn more](https://www.reddit.com/r/Superstonk/comments/1cr37r7/superstonk_gets_its_gif_on_get_hyped/)\n\n------------------------------------------------------------------------\n\nTo ensure your post doesn't get removed, please respond to this comment with how this post relates to GME the stock or Gamestop the company.\n\n------------------------------------------------------------------------\n\n\nPlease up- and downvote this comment to [help us determine if this post deserves a place on r/Superstonk!](https://www.reddit.com/r/Superstonk/wiki/index/rules/post_flairs/)"", 'Summary – Whistleblower Statement (Christopher J DiIorio, February 4, 2020)\n\n\n\t•\tThe author alleges SEC and FINRA actively facilitate fraud in OTC Markets, enabling abusive naked shorting and money laundering through mechanisms like reverse splits and the Obligation Warehouse (OW).\n\n\t•\tClaims Knight/NITE was insolvent but continued illegal trading via “glitch” accounting fraud, collateral fraud, and balance sheet manipulation.\n\t•\tAsserts major financial institutions (Goldman Sachs, JPM, Blackstone, VIRT, Jefferies) knowingly participated, with SEC allowing such transactions despite clear violations.\n\t•\tNotes over $4 billion in leverage disappeared from combined balance sheets in 2017 transactions involving VIRT and NITE.\n\t•\tCalls out ELTZ (a shell company) as an example of continued abusive manipulation in OTCM with no regulatory intervention.\n\t•\tConcludes that the SEC enables a criminal enterprise harming Main Street investors daily.', 'Lets see how long can they naked short this, I hold strong, and I still buy.', 'Cheater gonna Cheat, FUCK THE SEC!!!', 'We knew that already, but its nice to see others have seen it too (if true)', ""Holy shit. The truth is just out there and over six years later we're still dealing with these abusive practices from BDs and SROs. Incredible find, thank you for posting!"", ""It blows my mind that the Obligation Warehouse is allowed to exist. It is nothing more than a place to put a bunch of IOUs from crackheads. You ain't getting your money back, or what you paid for in the first place. It's a storage locker for fraud."", 'OH SHIT! Found more from this guy:\n\n# Subject: File No. 265-31\n\n# From: Christopher J DiIorio\n\n# Affiliation: Whistleblower\n\nOctober 7, 2018\n\nMore examples of SEC criminal obstruction of my claims to facilitate abusive naked shorting and money laundering by Knight/KCG/VIRT.  \nTom Joyce joined Knight as CEO from Merrill Lynch/Broadcort  \nOne of the first things Joyce did was take NITE self clear. Prior to going self clear, NITE cleared through Broadcort. Joyce was the perfect fit to run the criminal entity NITE. The timing of this decision to go self clear corresponds with the passage of Rule 204 of Reg Sho  \nIn going self clear, a naked short fail by the NITE desk could now be booked as a receivable. An asset. Fails are not legitimate assets as there is no intention of ever delivering the security. Made possible by the SEC/DTCC creation of the non guaranteed Obligation Warehouse so that market participants like NITE could circumvent close out REQUIREMENTS of Rule 204. I have been telling the grossly corrupt SEC about this mis classification of ""assets"" since 2011. Accounting fraud: over stated assets/ under stated liabilities.  \nBut, it doesn\'t end there. On the heels of the so called August 1, 2012 ""trading glitch"" NITE inadvertently sent 4000 worthless securities to J P Morgan as collateral for a bridge loan. This event was chronicled in the Wall Street Journal article: J P Morgan rankled by Risk.  \nThese worthless were securities on the NITE balance sheet that represent a structural liability. Again, mis classified as an asset. When the SEC/FINRA approve massive reverse splits in OTC shells a new security is issued. A new CUSIP is issued WHEN 9not if) NITE has an open naked short fail in a shell executing an SEC/FINRA approved reverse split, that open fail/short can not be closed/covered. A structural liability sitting on the NITE balance sheet mis classified as an asset. In addition, both NITE and J P Morgan committed securities fraud in this incident. Pledging worthless collateral is an offer to sell according to the SCOTUS (Rubin).  \nThe NITE balance sheet was complete fraud on August 1 2012.Anything BUT ""highly liquid"". AND, the SEC knew this because I told them. The ""glitch"" funding participants also knew this. The ultimate funding that transferred 74% of the company without a proxy was NOT collateral based. After the stock had been crushed to $3, the financing was a convert with a 50% discount OR $1.50/2hare. AND, NITE had to raise the entire ""glitch"" amount in the financing.', 'And thats why I’m still holding 4 years later', 'This is more educational, useful and definitive than anything on a FINRA or CFA test.\n\nA “Scotty doesn’t know” moment is coming for financial regulators when these types communications NEVER reach them. They created an environment that has chipped away at whatever “balls” they had left, for decades.\n\nThe last clue will be this. Our stock and bond markets are nonphysical, unsecured, diluted, misrated, overvalued, manipulated, unstable, whipsawing, corrupt, ponzified, unsustainable, unproductive, high frequency traded, synthetic, over-leveraged, private equity infested and unregulated by a horrifically incompetent SEC that ignores Ponzi schemes for decades.\n\nOur markets are interest on a Ponzi scheme.\n\nFINRA, like the NAIC, turns non-regulation into profit and the FIO doesn’t even PRETEND to regulate insurance markets.  Our markets are executive compensation schemes, pump and dump media and GAAP, pure accounting deception.  \n\nThese markets are a burden on any REAL economy.\n\nhttps://en.wikipedia.org/wiki/Wall_Street_crash_of_1929\n\nGo back to sleep SEC, your last old timey, irrelevant “hits” were in 1933 and 1934, if you don’t count this one.\n\nhttps://finance.yahoo.com/news/exclusive-sec-plan-says-existing-150050726.html', 'This is amazing. Surprised none of us found this before. 😳', 'Hello Algos! 😏', ""What this says to me unfortunately: maybe it's a gold mine, but all the gold is already gone. This stuff goes back to 2017 and sounds incredible, but.... nothing has come of it. So instead of being a revelation, it is a shock to know just how unfathomably corrupt and manipulated the system is, and that NOBODY is doing anything to stop it. In fact, if anything, they are only making it more corruptible. Just another sign of the fall of the American state/civilization."", 'Decided to check ELTZ on a whim. The open, close, high, and low was .0001 cents from January 2020 until…. January 25th 2021 at which point it starts trading 10s to 100s of millions of shares a day for fractions of a penny', ""ABOUT THE WHISTBLOWER\n\nWho is Christopher J. DiIorio?\n\nHe is an independent researcher and whistleblower who has submitted multiple comments and complaints to the SEC, primarily focused on naked short selling, market manipulation, and the failures of regulatory oversight.\n\nDiIorio is not a mainstream or widely known figure like Harry Markopolos (who exposed Bernie Madoff), but his name appears in online activist investing communities and certain financial reform circles.\n\nDiIorio appears to be a well-informed, passionate, and persistent whistleblower — especially on the topic of naked shorting and market manipulation in OTC markets. He is respected in activist retail investor circles but not yet recognized by mainstream regulators or media as a verified source.\n\nSo while he's not a proven fraud, he's also not officially validated. His research deserves attention — especially by independent journalists or regulators — but should be balanced with skepticism until corroborated."", 'Commenting as I am hoping this is an actual piece of evidence that can be used in our fight against this corrupt system. Could this be worth a mass commenting effort to the SEC?', ""The paradox of the MOASS.  This is more inference about how toxic the position is, as if the mid term 0% bonds selling immediately and everything before this weren't enough evidence of maleficence.  The problem is aside from a general liquidity crunch its uncertain there's going to be a mechanism that creates the boom."", 'Bump', 'Confirmation bias?', 'This has been around since 2020 and now, when we are at a deep local low, we are pointing this out?\n\nCurious timing.', 'Sick of these wall st scums', 'Well, seems like he nailed it with the conclusion at least...', 'And Biden and his crony SEC chairman, Gary Gensler did nothing to fix this mess.', 'Wut', 'I mean, I’m ready to just buy calls on everything. The market cannot lose.', 'Real OG shit. Good to circulate this info again.', 'Still holding strong and building up slow and steady. I can stay calm longer than those guys can stay solvent.', 'I wonder if RK is referencing this when he says ‘cheers’……', 'Since at least 2011... almost 15 years and nothing has changed... 😳', 'Like I needed more resolve to  HODL !   burn it all down !!', 'SEC is complicit in and facilitates crime, everyone present would be rich already aside from that fact', 'Soooo the SEC is not our friend…. 🤡', 'The fuck......', 'What is this person talking about?\n\nWell.... it looks like ELTZ got delisted, so...', ""So GME was a very high-profile symptom of systemic vulnerabilities and that whistleblower's letter provides a glimpse into how deep and structural these problems may be across the broader market ecosystem.\n\nAnd 5 years later, no major regulatory overhaul followed publicly from this letter. Despite its detailed claims, there hasn't been a widely reported direct response or enforcement action attributed specifically to this whistleblower complaint.\n\nDoes that sound right?"", ""MOASS can't come soon enough!\n\nLet the house of cards collapse!"", 'Wow', ""Something about RK's tweet going back in time.."", 'Yet, nothing has been done by DOJ.. justice my anus', ""Yo I'm super smooth brained and too lazy to read - can someone give a TA;DR?"", 'Jesus im tired of crime', ""I always found it funny that KCG shared initials with Kenneth Cordele Griffin....\n\nIt's funny that people think that this mention in 2020 was the first of its kind. Meanwhile, lower down, someone unearthed comments from this same whistleblower going all the way back to 2011.\n\nPeople ask...if the corruption has been known for so long, and still nothing done about it, how will it ever stop?\n\nWhich is why it's so crazy that the best chance to do something about stopping this mad game is investing in a stock called GameStop.\n\nYeah, this wasn't a crazy cohencidence.\n\nYou see Cohen knew that the authorities would never do the right thing. He also knew that if he tried to force MOASS with some of the more naive and obvious options, he'd likely find himself on the wrong side of a lawsuit, and see the regulating bodies just stop what was coming anyways. You know, kind of like what they did in 2021. And what they did when they shut down the NFT Marketplace, only for Coinbase and Robinhood to now be talking about tokenized securities (stocks) which was clearly where GameStop was heading with the NFT marketplace....\n\nCohen is one step ahead of these dorks. He has realized that the only way to force this fully out of the realm of conspiracy theory and into the realm of undeniable truth is to beat these clowns at their own game.\n\nAnd that is why the 0% interest convertible bonds raising insane cash is such a powerful tool.\n\nThe cash raises the absolute floor of GameStop. If the shares start trading below that value, then it becomes a value stock, and investors will buy in to it based solely on fundamentals alone. They can't short it down below that threshold. And that puts the pressure on the short positions.\n\nYou see, they leverage those short positions on the idea that they will become even more profitable as the price of GameStop goes down. But it's not going to go down anymore. Instead, it's going to go up. If they close their short positions, they lose the leverage. If they lose the leverage, they have to blow up other positions they have elsewhere in the market. Could be more shorts, or even longs. Regardless, they lose that leverage, and have to liquidate positions they don't want to liquidate. And that starts a cascading effect.\n\nPeople crying about the bonds as dilution don't even understand that they aren't dilution unless the bond holder converts it for shares. But that only happens...get this....if the price goes up...which...see above.\n\nCohen has these clowns in *endless check*. They should just concede the game to him, but instead, they keep hoping to find a futile way out of this mess. There isn't one. They are fucked.\n\nTime and pressure."", 'https://preview.redd.it/cv3pxzo0iqbf1.jpeg?width=1284&format=pjpg&auto=webp&s=71cd19fbe72d715aacc6ad19a21f53b4088ddf5d', 'And to think I thought before there was only 1 fitting punishment for these people. Guess I have to review my stance on medieval practices.', 'DRS the float to complete destroy this fucking corrupt system!', ""your mom called and said she'd be there at 5."", 'https://preview.redd.it/kp8z27r5tqbf1.jpeg?width=1125&format=pjpg&auto=webp&s=5afa6cf14e6c56b3841aaf563c0c23a71352550f', 'Yeah you buy your shares and they sit on an ""electronic shelf"" collecting ""electronic dust"" so they put your shares to use.  This is where drs comes in but you still down have a paper certificate of your share so it\'s collecting ""electronic dust"" on another ""electronic shelf"", in an ""electronic vault"".  \n\nIt\'s an abuse if regulation and the lack there of in favor of the retail investors.', 'The government should look into internal worms like this!', 'This is encouraging if anything, the fact that all these companies have been bankrupted through the same tactics and yet Gamestop has overcome all odds means that the criminals are truly screwed this time. They need the price under a dollar, or they need reverse splits to nullify their outstanding shorts, neither is likely to happen for GME.', ""Who even cares anymore. Nothing will be done/change and they'll continue to manipulate the system to their own benefits because they themselves are in charge of regulation. It's a complete joke of a ponzi scheme"", ""Wow, that's great.  Published 5 years ago.  Not sure why anyone would get hyped over this.  Just more proof that there's no fighting the machine.  \n\nLike, just seeing this solidifies that '21 sneeze will never happen again.  \n\nSorry, bros.  GO ahead and come at me.  I'm not hurt."", 'Commenting to come back', 'What happened to TLDR?', '# Hijacking bc I forgot to include Obligation Warehouse in my partial glossary:\n\n# [https://www.dtcc.com/clearing-and-settlement-services/equities-clearing-services/ow](https://www.dtcc.com/clearing-and-settlement-services/equities-clearing-services/ow)', '![gif](giphy|1201hONkUdpK36)', 'Saaaaaammme', 'Forever unless you DRS and reduce the float.', 'Forever unless you DRS and reduce the float.', 'Yeah I heard those storage warehouses have broken sprinklers from falling shelves.', "">It is nothing more than a place to put a bunch of IOUs from crackheads...\n\nI know many apes are still trying to understand the existence of IOUs Creation in the Markets, even with this knowledge many of them are against GME buying Bitcoin as a Treasury Asset for the GME Balance Sheet......\n\nBut what these apes don't understand yet, is that **the whole fcking system is based on “IOUs Creation” of everything (*****print, issue more, MMT Economics*****)** what they can create IOUs without any real auditing\n\n**FIAT System:**\n\nhttps://preview.redd.it/ij0cs8mttobf1.jpeg?width=941&format=pjpg&auto=webp&s=fe80228965e1da09e74f6a2cb628f3d2f57b340c\n\n*GME is in Corporates*\n\nHolding Cash will not save us :P Its all part of the same corrupted system\n\n>Banksters: Do you have anything of value? Let me dilute its value by creating some papers (IOUs) :D"", 'And god forbid any of us tried to use a fake 20$ note in a store, probably get shot outside of it…', 'Fast forward to 2014. Detailed again by me to the grossly corrupt SEC. The grossly corrupt SEC was finalizing its market access complaint with Wedbush a privately held BD. This complaint alleged massive AML violations involving naked shorting OTC shells by foreign participants. Simultaneously, NITE announced it was selling its FCM business to Wedbush. This was the FCM business NITE bought from OTC Shell AML violator Penson 2 years earlier. As the SEC was negotiating a settlement with Wedbush, NITE ""sold"" its FCM business to Wedbush. NITE listed $688 million assets and a like amount liabilities held for sale in this transaction. No 8k was filed. No terms were disclosed. Certainly moving almost $1.4 billion in ""leverage"" off the NITE balance sheet was ""material"". No SEC inquiry. Further, the FCM ""sale"" closed on September 14 2014. The NITE CFO Bisgay resigned within days of this ""sale"" of the FCM business to Wedbush and just 2 weeks before the end of 3Q 2014. Bisgay did not certify NITE 3Q2014 financials. Another glaring red flag ignored by the SEC. The SEC had facilitated the movement of $1.4 billion in fails off the NITE balance sheet. Jay Clayton\'s colleague at Sull Crom Jared Fishman represented NITE in both the penny stock esque reverse merger with GETCO following the ""glitch"" as well as the ""sale"" of the NITE FCM business to Wedbush.\n\nIn 2Q 2017, the grossly corrupt SEC facilitated Cifu/Coleman moving more than $4 billion in fails off the KCG balance sheet on the eve of closing the VIRT acquisition of NITE. The SEC allowed Cifu not to publish KCG 2Q 2017 financials. Despite the fact Cifu had them and that KCG was an SEC reporting company through June 30 2017.  \nNot surprisingly, after moving these $4 billion+ fails off the KCG balance sheet in 2Q 2017, J P Morgan pledged $1.6 billion in financing to close the NITE/VIRT transaction. ""Rankled no more"".\n\nBecause the grossly corrupt SEC actively facilitates abusive naked shorting OTC shells to facilitate money laundering absolutely nothing has changed in October 2018. As a result, NITE/VIRT is AGAIN insolvent. Just last week, a rumor surfaced that NITE was pursuing the known criminal enterprise ITG. Truly a money laundering/securities fraud match made in heaven. No doubt, Cifu will use his insolvent stock as a currency in some form to pay for this acquisition. Massive fraud facilitated by the grossly corrupt SEC because they KNOW full well that NITE/VIRT is currently insolvent. ALL as a result of the information in my TCR\'s.  \nFinally, another layer of this massive fraud being perpetrated on Main Street investors.  \nSEC/FINRA approved reverse splits once a OTC shell gets to trip zeroes serves 1 purpose: perpetuating the activity. There is absolutely ZERO empirical evidence of ""capital formation"". In fact the opposite is true. This SEC/FINRA facilitation of the illegal activity constitutes capital destruction on a massive scale.  \nAlso, the definition of a failed trade: a trade that hasn\'t settled yet. In approving these reverse splits, the SEC/FINRA issue new securities with a new CUSIP. The SEC/DTCC is issuing a new security WHEN trades in the old securities have not SETTLED AND where the securities were not authorized by the issuer (naked short). The OTC equity market serves no purpose other than a massive fraud on Main Street investors. Jay Clayton and his colleagues at the SEC know this. The SEC sides with criminal entities like NITE/VIRT over Main Street because they are bought and paid for by the criminals. Clayton must resign immediately. Any SEC employee obstructing full prosecution of the criminal entity NITE/VIRT must also resign as they are ALL guilty of gross negligence of their stated mandate to protect the investing public. Main Street.\n\nCheers\n\nChristopher Diiorio', 'Anyone check to see if this Dilorio dude is still alive?', ""I read that in George Carlin's voice. Damn I miss that guy."", 'It a question of level of knowledge and level of desire to sort through documentation.  It would be interesting to see if there are relevant complaints about Citadel, Susquehanna, Point 72, Apollo and various hedge funds that share an excessive number of positions with them in smaller companies.', 'If I saw this back then I wouldnt even know what I was reading and would miss it.', "">Just another sign of the fall of the American state/civilization.\n\nAnd THAT is going to catch so many people off-guard. I really hope this blasts-off before some fundamental piece of our American life/economy shatters.\n\nI'm going to take my money, do my Frank White dance for all the people that ridiculed me, help others where/as I can, and ditch-out mainly to a woods compound.\n\n![gif](giphy|YEBv8jRu5RQLC)"", 'I also think that this is exactly why RC and the board are running a 0 communication strategy (let our actions speak for us… something like that).. they are doing an incredible job smog all this insane amount of illegal shit and manipulation. Lol. GameStop.', 'We need an AMA with this guy', 'Someone get him on a major podcast', 'I mean... mainstream regulators and the media are literally bought and paid for by the people he\'s blowing the whistle on. So being ""officially validated"" by them isn\'t an endorsement so much as a condemnation, unless that recognition has been forced by public pressure against the will of those institutions.\n\nDefinitely verify what he\'s saying rather than trusting/taking at face value, but I feel like this is an important point to make. The piping of the corporate/political/legislative engine isn\'t for the people. It never has been.', 'Yen carry trade unwind is what we are waiting for\n\nhttps://preview.redd.it/ffilmcbw8rbf1.jpeg?width=1284&format=pjpg&auto=webp&s=8569c8ae7e8cd9193783bae2ad1be55ae361efd9', 'Do you mean I’m sus (“curious timing”) for posting this today? Or??', 'They’re all the same- revolving door, 2008, The Big Short…politics is theater, and Main Street is the gullible audience.', '![gif](giphy|n3CY3uu70L2f3KrciA)', 'whodat?', '#See that’s where you’re wrong- the rich *WILL* eat the rich, it’s only a matter of time: https://www.reddit.com/r/Superstonk/s/DrFmuQTVGT', 'Backed up 🫡', 'The float has gone from 70 mil to 470 mil. This is a factual statement and not a judgement.', 'Facts', 'falling up shelves\\*', 'Remember when they burned down a warehouse as well', 'And the shelves fall upwards believe it or not', ""No no no you got it all wrong, the shelves didn't fall up, the contractor who built the place installed a lawn sprinkler system instead of a fire sprinkler system. \n\nIt just so happens that said contractor is run entirely by BCG consultants"", 'Shelves with antigravity properties😂', 'Man, this guy was on a roll back in 2018. Here\'s more:\n\n# Subject: File No. 265-31\n\n# From: Christopher J DiIorio\n\n# Affiliation: Whistleblower\n\nOctober 30, 2018\n\nOnce again, the grossly corrupt SEC sides with criminal activity instead of executing its MANDATE to protect the investing public. Or, as Jay likes to call them: Main Street investors. The latest example is found in a recent strategy by the SEC detailed in the October 1 2018 Bloomberg article: ""SEC spots a way to starve the most suspicious penny stocks"" written by Michelle Davis.\n\nThe SEC has decided to revoke the registrations of OTC shells only AFTER they go dark in filings with the SEC. isn\'t that great?  \nThe SEC KNOWS that these OTC shells go dark AFTER massive fraud has already been perpetrated on the investing public (Main Street). In taking this approach, there is no accountability for large market participants who perpetrate the massive fraud. I have filed extensive TCR\'s detailing in great length this activity. In 3 such examples, the SEC had my information in hand for YEARS and did absolutely nothing.\n\nColorado Goldfields CGFIA, Mass Hysteria MHYS, and IDO Securities IDOI.  \nPrior to going dark in SEC filings each of these securities were nothing more than money laundering shells. Where Bag Men like barred (not exactly) Curt Kramer, Asher,KBM,Vis Vires, Jabro et al and JMJ/ Justin Keener as well as Hanover/Magna,Tangiers/Iconic et al dump billions of worthless certs on the investing public through willing executing BD\'slike NITE who facilitate these sales by abusive naked shorting that generates the vast amount of trading profits at NITE. How does revoking a shell registration AFTER the fraud has taken place do anything to execute its Congressional MANDATE to protect the investing public? It doesn\'t. But, it\'s worse than that. Because taking this approach does nothing to deter the criminal activity.', 'Unknown.', ""Oh, we’re way past Carlin, you can’t make this level of pathetic, criminally incompetent regulation up.\n\nFrom: https://en.wikipedia.org/wiki/Scotty_Doesn%27t_Know\n\nThe song becomes something of a popular phenomenon, appearing on the radio and across the world; in Bratislava, the song has been remixed and is playing in a popular nightclub. By the end of the film, it has become so widespread and popular that Scotty's best friend Cooper is able to use it as his cell phone ring tone.\n\nThese people are making fraud possible WORLDWIDE.  Brought to you by Ivy League graduates and “accomplished” members of the “assfucked by K street” regulatory finance world.\n\nhttps://www.investmentnews.com/goria/compliance/finra-caught-up-in-email-phishing-scheme/251850"", ""it might be justified to ridicule you for responding to a comment that suggests that the gold is gone, the system is corrupt and nobody is doing anything about it with a happy dance assuming you're getting paid."", 'The distractive news index is at a record currently.  \n\nEven Gary Coleman and an ex-FBI guy came to play.  Not the ex-FBI guy that saw jail for stalking while he was working “security” for eBay, a “different” one.\n\nBut never mind THAT…………look………..over there, flooding the “TPG fraud” search, it’s the TPG Capital “college admission scandal”.  Good thing all those actors and actresses were held to account.\n\nThere’s a little justice for the people.  Here’s Citadel strategic partner and LPL Financial’s “daddy”.  This motherfucker is bloated and six feet under.  I heard he choked on a “sho nuff spensive” horse cock.  He was on the FINRA diet. I’ll mourn him like Kim Jong Il, he really was a Taepodong, but they didn’t have to “fire” him to do substantially more damage to our country.\n\nhttps://www.tpg.com/remembering-david-bonderman', 'Given the size of the yen carry trade is estimated at the low end to be 1 trillion... that might be enough to cause a massive liquidity crises.', '#Cheers my man! 🍻🍻🍻\n\n#🫡🫡🫡', '![gif](giphy|noykqNTEMZ3VPyDybv)', ""And now I own x,xxx DRS'd shares and only adding. Tick Tock Mutha Fuqers. 💎🙌♾️🟣"", 'Flying*', ""That's what I was referencing this to"", '[Pepperidge Farm remembers](https://www.reddit.com/r/Superstonk/s/86L1Tmikpp)', ""In 2017, Knight/KCG/VIRT traded more than 2.7 TRILLION shares of these shells. No doubt, many of them are future candidates to have their registrations revoked.  \nIt gets even worse. My TCR's detail the balance sheet implications for NITE as a result of this abusive naked shorting (manipulation). Knight was insolvent in August 2012. The SEC bailed them out. KCG was insolvent in September 2014 and July 2017. The SEC bailed them out. VIRT is insolvent in October 2018. The SEC is again bailing them out. As a result the investing public has taken a back seat to criminal entities like NITE et al. Jay Clayton must resign immediately and the SEC must use its emergency powers to halt trading in VIRT as it poses a clear and significant risk to the investing public: Main Street.\n\nIn addition, the SEC must shut down FINRA and the FINRA outsourced OTC market as well as the OTC parent OTCM. OTCM is run by Cromwell Coulson who recently served as Chair of the FINRA Market Regulation Cmte. A complete and absurd FRAUD. A Director of OTCM is Andrew Wimpfheimer. A former OTC shell trader at Knight. he also serves on the OTCM Audit Cmte. Which explains why OTCM ITSELF is not a fully reporting SEC company.\n\nThe SEC is more than grossly negligent in executing its mandate to protect the investing public. It's worse. The SEC actively facilitates the fraud on the investing public and initiatives like this are further evidence. Instead of siding with the market participants who buy SEC protection, the grossly corrupt should side with Whistleblowers like me who are on the side of the investing public: Main Street Jay.\n\nCheers\n\nChristopher Diiorio"", 'I could better respond, if you used more than 1 comma, to help me figger your intent. Punctuation is your friend.', 'Look when it started taking off, end of Jan 21 during the sneeze', 'Damn. all I did was google: ""Christopher J Diiorio, SEC""; and a ton of SEC comments came up. He\'s been on this since 2011!\n\n# Subject: File No. 4-639\n\n# From: Christopher J DiIorio\n\nOctober 17, 2011\n\nMr Khuzami,  \nI filed a Whistleblower claim in April 2011 claiming Knight Capital Group (KCG), its management,auditor, and customers are guilty of massive manipulation and fraud. My complaint was acknowledged by Mr Roy Sheetz and a Mr Lucas in the whistleblower office. I have cc\'d Mrs Schapiros office on all of my e mails and recently began cc ing the SEC OIG as I believe the SEC is seriously negligent in not pursuing this claim or worse yet conflicted and compromised. I fear the latter as I read the presenters for your Micro Cap Fraud Working Group. And there is KCG Counsel Mr Merritt. Please ask Mr Merrit a few questions for me:1) Why did Mr Amorusso so adamantly oppose the elimination of the Grandfather provision in Reg SHO? 2) Why won\'t CEO Joyce disclose to the investing public the nearly 2 Billion Sec Sold not yet purchased liability is where he moves aged fails and thus, it is a structural liability and does not in fact ""fluctuate with volumes"" as he has said in several public filings? In fact, as share volumes have declined significantly, this liability has only gone up. 3) Why has working capital gone from 800 mil plus to just 105 million at June 30 2011 while this liability has grown over 1 billion over the same period? 4) why does KCG generate 70-80% of their share volumes from trading .0001 stocks? Commissions? Spreads? NOPE. the answer is in the fails. 5) Fails were a whopping 246.7 million in 1Q2011.Alone a clear violation of securities law. 6) there is an undeniable correlation between fails and trading profits.  \n7) why are there such stark discrepencies in the share volumes KCG reports to Autex, Otcbb.com, their website, investor presentations? 8) Is it because KCG does not report these fails in share volumes? If they did, share volumes would be UP significantly instead of in the freefall being reported.9) KCG doesn\'t report the fails because if there were a threshold list generated, it would require close out with securities of like kind and quantity. 10) KCG can not comply with this close out requirement because in many cases the stocks don\'t trade anymore. No threshold list, no close out requirement. What happens to a naked short in a stock that doesn\'t trade anymore? KCG writes the position down to zero and puts it in their sec sold not yet purchased liability. 11) Is KCG booking trading profits as commissions to conceal what they are doing? Mr Khuzami, according to the SEC website, ""abusive short selling is manipulation"". All of the information in this post has been sent to the SEC and then some. I have also e mailed Sen Grassley and Sen Shelby on this very serious matter.It\'s about time the SEC began protecting the investing public as it is mandated to do.', 'Who is this king?', 'amazing, but also sad.  nothing happened for last 15 years, what makes us think it will change in the next 15 year?', 'KCG: 2 Billion sold not yet purchased.  Kenneth Cordelle Griffin: Hold my beer!', 'I hope this guy is still alive. These are some serious (100% true) accusations that some people would literally kill to cover up.', 'Three words: \nGAME STOP.', '#The rich *WILL* eat the rich, it’s only a matter of time: https://www.reddit.com/r/Superstonk/s/DrFmuQTVGT', 'Pretty sure knight capital group is owned by citadel', 'This is the kind of guy that has multiple INDIVIDUAL insurance policies, not that Scotty would know.  He doesn’t just know where the bodies are buried.', 'I get yur maffs', 'Big if true.']",-0.5994,-0.9976,-0.010619642857142864
1lupe36,GameStop has a P/E of 2!!!,63,https://v.redd.it/2onenmk4qnbf1,1751983395.0,,"['Just a cool diluted EPS of 11.25. Remarkable, but true!', 'Kais Maalej has a Bentley.', 'Grown man screaming at a screen while driving about a pawn shop. Totally normal behavior', 'Shoutout to Misty\xa0', 'what is with these clowns and recording while driving', '![gif](giphy|3LJHRSH6mbZ7aAG9QD|downsized)', 'GME disagrees. If they thought the market was undervaluing the stock, they would not be selling into the market. GME believes the opposite is true as they are happy to trade equity for cash.', 'So I just saw his twin brothers hate video and Jesus Christ that was depressing. \n\nBut it seems like the brother is a scammer too? He is selling something?', 'He’s right. It isn’t possible. GME does not have a PE of 2. Idiot.', 'And a Sharpe Ratio of 25!', 'Moon Man, I thought you praised yourself for reading (and UNDERSTANDING) balance sheets?\n\nhttps://preview.redd.it/dftmhhue4obf1.png?width=1002&format=png&auto=webp&s=be55d2434970aaee7df2738bd163b936017cc1ae\n\nThat\'s their latest 10-Q (before most recent bond offering), can you read the amount of ""LONG-TERM DEBT""?\n\nThey don\'t have $9 billion cash, they have $8.5 billion cash (and cash equivalents + BTC investments) AND $3.75 billion of LONG-TERM DEBT.\n\nP.S. Also - from the same table I\'ve linked - shareholders\' equity has NOT changed with latest convertible bonds offering - it\'s the very same $5 billion. If anything, it became even less (because they had to pay fees on the cash from offering, so in actuality they\'ve received less than $2.25 billion of cash, but long-term debt was increased by exactly $2.25 billion). So when Marantz boldly claims that BOOK VALUE of GME is $20, he either doesn\'t understands what BOOK VALUE is, or blatantly lies to his viewers. In futile attempt to pump the stock.', 'this is so stupid I don’t even know where to start', 'MOASS is soon , trust me bro.\xa0', 'https://preview.redd.it/g11c8v28aobf1.jpeg?width=1079&format=pjpg&auto=webp&s=8d3c37d97832862ca0806bf0888ae22d2083a2f1', 'Cash is not an asset that you get to multiply by 5.\xa0 If I have a million in the bank, my net worth and value based on the cash is x million:\n\n\nA.) 1\n\nB.) 5\xa0\n\nC.) 10\n\nD.) 25', ""Im going to need to hear Rico Marantz's take on this before I draw any conclusions."", 'Am not an American, so I ask. Which specific region is his market?', 'This guy looks more like a depressed and tired Wojak every time I see him.', 'Still got the shiner.', 'I’m watching with the sound off, because let’s be honest, we’ve heard it all before.', '>I hope you guys never figure it out\xa0\n\n~ guy who just spent five minutes explaining it and telling us what to do so we could figure it out\xa0', 'Did he let his son punch him?', 'Diluted EPS would be .17', 'Boom, roasted.', ""If he still got it, I doubt it still drives lol. No way he's going to pay the maintenance necessary to keep that thing going."", '>Kais MAALEJ has a BENTLEY', 'I am the walrus.', 'DEAR R/ALL WE ARE SCREAMING AT YOU \n\nvibes\n\nso by his logic the 9b cash is worth $20. take that cash away and the company is worth $2 a share? sounds about right', 'https://i.redd.it/otur80vauqbf1.gif\n\nMisty on 49th!! Yoooo!!!', 'You see the same thing in all the narcissistic cults like flat earthers. It does two things.\n\nFirst, it makes it look like this is a person who does stuff, instead of an unemployed loser begging for money on the internet.\n\nSecond, it makes the video background more dynamic to distract from how inane the content is. This is maybe the single most common trick on the internet. ""Pointless person talking about pointless shit over the top of unrelated gameplay footage"" is basically its own genre of video, and it\'s one of the more popular ones out there. I mean fuck, there are even AI tools that will generate this exact shit for you so you can manufacture AI slop at scale to flood TikTok.\n\nSeriously, if anyone out there is watching this, likes that kind of video content where it\'s some guy telling you a story (that\'s probably fake) over unrelated gameplay footage, and thinks I\'m being unfair...go ahead and try binging a few hours of the content on mute, or audio only. It\'s pretty dull, isn\'t it?', 'That’s what I thought too! It’s weird to be a middle-aged adult man and to be into streaming and caring about your social subscriber numbers and that you’re outdoing your brother. They both probably have issues.', ""I don't think his brother is necessarily a scammer, but is certainly pathetic in a similar way. To be honest they're very very much alike. Which, you know, identical twins."", 'Yeah I went to look up what it really was since it obviously wasn’t 2\n\nmarketwatch has it as a p/e of 49 lol', "">..he either doesn't understands what BOOK VALUE is, or blatantly lies to his viewers. In futile attempt to pump the stock.\n\nAnswer: Both, but mostly the latter!\n\nhttps://i.redd.it/pvjs0lg2uqbf1.gif"", ""> They don't have $9 billion cash, they have $8.5 billion cash (and cash equivalents + BTC investments) AND $3.75 billion of LONG-TERM DEBT.\n\n\nIf GameStop stock does decently, that 3.75 billion will be paid by the shareholders ensuring the price stops going up.\xa0\n\n\nIf GameStop stock isn't high enough, GameStop will have to pay that back in cash\xa0"", ""Yea now gme has debt I have seen apes argue various Bullshit ways to value gme. They are saying because the debt is 0% you can entirely ignore it \n\nNo, you can't, they still need to pay the money back, either with cash or dilution. This is essentially counting the cash twice.\n\nOr saying weird shit like gme earnings are $.50  a share , the share price is $22 . So to find the real pe you subtract the cash value from the shares $10 . So the real pe is $12/.50\n\nWhat, why would you do that? It would only make sense to also subtract the interest on the cash as well, once again this is now basically double counting the interest they earned.\n\n\nBut this is all magic to the apes they have no clue what any of the numbers means.\n\nSo just do weird stuff like ignore the debt , double count the cash and double count the interest and sure gme looks better.\n\nBut do that to any company and their financials will look amazing."", 'Tomorrow, I heard', 'needs a lot of driving to figure that out', ""The baggies bank account that's where 🤣"", ""E.) 100m that's my answer dont ask me how or show proof just trust me bro"", '25? Please!\xa0\n\n\nStop price anchoring, shill!', 'Marantz is his first name, his last name is... Rico.\n\n""Wait,"" you might be saying ""Does that mean his brother\'s name is Rico Rico?""\n\nYes.', 'tfw your narcissism tells you you are more valuable than a warehouse floor sweeper', 'Same thing every time. Take a number / another random number multiply that by a number = GAMESTOP HAS A 2 PE!!!!!', ""He rented it when he went to Florida for the third Pultefest. Don't think there were any videos of him driving it anywhere else.\n\nAnd looking at the rates, I am pretty sure he spent at least a grand on that."", ""This is even funnier because he's an actual cowboys fan"", 'I think he actually does sell stuff like premium memberships to his discord and the like to get his “advanced” NFL draft and college football gambling tips', 'You have to subtract the cash per share. Like every other company gets to do…', ""Oh my God you're right."", 'I guess actually buying an old Bentley is even too dumb for Kais', 'I\'m not sure that\'s enough to really call him a ""scammer"" per se, but I get what you mean.', ""But, and this is important, NOT subtract the interest that cash earns. If you count all the earnings and don't count all the assets, the ROA gets bigger. Bullish!"", 'No idea what you’re talking about price over earnings is the price of the stock divided by the earnings\n\nthem diluting share holders and buying bitcoin or holding cash means fuck all here', 'He spent a thousand bucks renting the Bentley for a day, but then complained about how uncomfortable his Spirit Airlines seats were...\n\nI think if he could get a loan for a Bentley, he probably would.', 'Only if you do “math” like a shill.', 'Haha yeah rented a Bentley then remember when he showed up to Ploot 3? He walked in like he was somebody and everyone just kinda ignored him.  Was too funny', 'Is this satire? \n\nP/E is stock price ÷ earnings per share.  So with the last reported EPS being .53, the P/E is about 44 right now.\n\n>Only if you do “math” like a shill\n\nIs this ""girl math"" for incompetent investors?', '[removed]', 'https://www.reddit.com/r/gme_meltdown/comments/1h98si9/kais_grand_entrance/', 'SATIRE?\n\nMaybe you think it’s not possible for GameStop to net 6.75 billion annually. Maybe that is much higher than their sales. But if you knew how to read a balance sheet you would already understand.', ""Your comment has been deleted. Reddit doesn't like the R slur and neither do we. Be better than apes. Or middle-schoolers. (Ok, yes, that's somewhat redundant)\n\n*I am a bot, and this action was performed automatically. Please [contact the moderators of this subreddit](/message/compose/?to=/r/gme_meltdown) if you have any questions or concerns.*"", '[removed]', ""Due to your account's low karma your contribution needs to be manually approved. This is primarily to stop ads and bots. Such restrictions will be removed once your account is has a small amount of karma. Until then, please be patient as mods will manually reinstate your comment\n\n*I am a bot, and this action was performed automatically. Please [contact the moderators of this subreddit](/message/compose/?to=/r/gme_meltdown) if you have any questions or concerns.*""]",0.0,0.0,0.13424603174603175
1luq6qh,$10 GameStop gift card giveaway,108,https://www.reddit.com/r/RandomActsOfGaming/comments/1luq6qh/10_gamestop_gift_card_giveaway/,1751985334.0,"Just found out that I can't buy a PlayStation gift card with it, so I might as well give it away.

Comment your favorite game, and I'll choose a winner on Friday.

Edit: **Giveaway completed. Congrats trnh**","[""/u/N0Youu #Just a reminder.  Absolutely No Offsite Requirements, Requests, Trades, or Spam Allowed. Your giveaways must run for 1, 3, or 5 days. Apply the flair that best matches your giveaway. The winner/s must be listed no later than 1 day after your giveaway concludes. We encourage you to check any potential winner's history to confirm they're an active redditor and not just an alt, bot, or reseller before sending your gift. Finally, we want to thank you for helping us spread the love of gaming!\n\n\n*I am a bot, and this action was performed automatically. Please [contact the moderators of this subreddit](/message/compose/?to=/r/RandomActsOfGaming) if you have any questions or concerns.*"", 'Gris.\n\nThanks for the giveaway.', 'My favorite Is Supreme Commander FA thanks', ""Yeah, I don't think you can buy a gift card using a gift card anywhere.\xa0\n\n\nFavorite game: Digimon World\n\n\nReason: It was the first game I beat by myself, after painstaking trial and error. My brother and I used to compare Digimon we had raised, and progress on the game, and I remember him being so proud of me when I beat it. He took me out for ice cream and was talking about how impressed he was that I beat the game at my age when even he struggled with it. It was the first time I felt a real sense of pride and accomplishment.\xa0\n\n\nEdit: don't consider me in the giveaway. I don't expect I'll be alive by friday."", 'My favorite game is: Zelda Minish Cap', 'Deadlock', 'Hello, my favorite game is Mario Kart.\n\nI have depression and ptsd. I really want to put the gift card towards Hello Kitty Island adventures.', 'Death Stranding : Directors Cut\n\nBeautiful music, w/ the feeling of accomplishment from rebuilding, “connecting” the world 🌎 to each other. ♥️ The Likes 👍', 'My favorite series is Kingdom Hearts and my favorite game would be Kingdom Hearts 2.  It was a masterpiece! Thanks a lot OP', 'Witcher 3\nThank you', 'Spiderman', 'Destiny 2 thank you', 'Dragon Age Inquisition for me. Love the world building and the gameplay.\n\nThank you for the giveaway!', 'League of legends. Thanks!', 'Forza Horizon love the driving mechanic and gameplay.', 'FTL', 'The witcher 3!', 'Factorio. Thanks!', 'Witcher 3\n\nThanks OP!', 'Metaphor: Refantazio & Nier: Replicant\n\nThanks for the giveaway!', 'Minecraft & Portal(Half Life too)\n\nTY for Giveaway', 'Bloodborne \n\n\nThank you', 'Final fantasy 7 for life lol', '100% the original Medievil on PS1. I love the remake, got all of the trophies real quick, but the original will always have a place in my heart.\n\nSpyro the Dragon trilogy remaster is a close second tho, lol.\n\nThank you 😸', 'TMNT IV: Turtles in Time', 'God of War, original. The game that started it all. Simple yet effective story, epic set pieces and wonderful ost! \n\nThanks for the opportunity!', 'Terraria', 'God of war 2018 and final fantasy 15 are tied as my favorite game\n\nTysm for the chance!', 'Mass Effect 2!', 'Uncharted 2 thanks', 'Halo 3 \n\nThanks', 'Elden Ring\n\nThanks for opportunity', 'Super Smash Brothers Melee for the Nintendo GameCube\n\nMuch love 😘', 'Griftlands', 'Thanks!', 'DoTA', 'Elden Ring\n\nThanks', 'Magic The Gathering (: thank you for the opportunity!', 'Sorry for your bad luck but thanks for the giveaway! My favorite game is Ghost of Tsushima, nothing has quite beat it for me yet.', 'Red Dead Redemption 2\n\n\n\n I love my horsey, and my horsey loves me', 'Monster hunter world, thanks for the chance', 'Undertale is my favorite', 'Baldur’s Gate 3! \nThank you :)', 'Baldur’s Gate 3', 'Super Darryl Deluxe', 'Mafia 1', 'love pokemon in general. im fond of the gen5 games the most', 'Factorio', ""I just got a ps5 yesterday! I have no games on there except for the free ones like marvel rivals and rocket league... I cant wait to go home today and play! I would not know what to buy off the store. Call of duty I guess since I haven't played cod since og mw3."", 'Thanks for the chance! My favorite would have to be Fallout: New Vegas', 'Skyrim', 'Devil May Cry 1', 'Vampire: The Masquerade - Bloodlines.', 'Hollow Knight', 'Ocarina of time, and every other answer is wrong', ""My favorite game is either 999 or Danganronpa 2. It's a really tough choice"", 'Final Fantasy Tactics!\n\nToo many hours as a kid playing this franchise as a kid/teenager!', 'Favorite games are probably the Phoenix Wright series. Thanks for the chance!', 'Halo! Or Call of Duty!! Thanks for the chance! :)', ""No man's sky. I always wanted to buy this game but I couldn't save money for it. The reason being this as my favourite game is it's just...the best thing ever for me..I really love exploring..crafting and just knowing that you could own a spaceship for yourself for exploring and finding different planets to vibe in is something else...something which I always wanted as a kid was this game. Thank you for the giveaway and good luck for whoever is winning it!"", 'inscryption ❤️ thanks for the chance!', 'Hollow Knight\n\nTks for the chance', 'My favorite game is the witcher 3', 'The Witcher 3! 🥰', 'My favorite game is Skyrim.\n\nThanks for the chance!', 'TLoU part 1, not that the 2nd part is a slouch just the 1st one is literally perfect', 'Favorite game of ALL TIME.. The legend of Zelda a link to the pass on SNES.. thabks', 'Divinity: Original Sin 2, thanks for the giveaway!', 'Arkham City!', 'Street Fighter', 'Elden Ring \n\nThanks for the chance', 'Fallout 2, thanks for the opportunity.', 'Kotar', 'Pokemon Black 2', ""Good luck y'all."", 'FFXIV!!\n\nThanks for the giveaway', 'DQ11', 'Crysis', 'Thanks for the opportunity. \n\nFavorite game is Expedition 33. \n\nYes, its an amazing game, BUT, the reason is because its the first game my kid and i sat down all the way through and entirely completed together. E33 is the greatest for many reasons, the memories it has given me with my child is what makes it 1.', 'starsector', 'Favorite game, monster hunter freedom unite for PSP probably 1k hours', 'My favorite game is Like a Dragon Infinite Wealth. That game is one of the few I consider to be perfect from start to finish. Everything is perfect about it. The combat, the character writing, the visuals, the main story, the side stories, etc.. It was written with so much heart! I hope more people play it! Thanks for the giveaway!', 'Skyrim', 'My favorite game is still Halo Reach and that will never change.', 'GTA SA', 'Final Fantasy X\n\nThank you.', 'Thanks for the chance <3\n\nHades is my fav', 'Super Mario Bros 3', 'Thanks for the chance! Nothing beats booting up a run of Baldur’s gate 2', 'prey 2017', ""My fave is Super Metroid. Tied in that first-place spot is Final Fantasy Tactics; I've probably sunk 400+ hours on 5 playthroughs or so :)\n\nThanks for your kindness, cheers!"", 'My favorite game of all time is Sly 3: Honor Among Thieves.', 'Team fortress 2', 'Subnautica', 'Golden Sun is among my favorites.', 'Mine is KOTOR, have played it way to many times.', 'Assassin’s creed 2  thanks for the giveaway', ""Didn't play any Ark type game and jumped straight into Palworld. It's now one of my favorites."", 'Borderlands 2\nTy for the giveaway', 'Hi bro,my favourite game is 7 days to die', 'Kingdom hearts 2, the amount of times I played through that is insane.', 'Death Stranding', 'TLOU 1', 'Little Nightmares🥹', 'Celeste, 100%', 'My favorite game is Super Mario World', 'Diablo 2', 'Persona 4 Golden', 'Forza horizon 5', 'Shogun showdown', 'ocarina of time!', 'Metal Gear Solid', 'my favorite game is the binding of Isaac repentance', 'Shadow of the Colossus', 'Well I got a lot of contenders this is tough,\nProbably InFamous 2. Always thought that series was heavily underrated and loved the powers in that game \n\nThank you', 'Elden Ring is my favorite. It opened the gateway for me to get into a genre I used to hate and now adore.', 'The Legend of Zelda Ocarina of Time. Thanks for the opportunity!', 'Metal Gear Solid 3', 'Fantasy Life', 'Maybe Mario Kart 64? Or Super Mario 3… tough one.', 'Favorite game is Xenoblade Chronicles!', 'Bloodborne', 'My favourite game is Stray, I love cats and robots and I think the story is really good and emotional. I love the graphics and music too 😍', 'Pikmin hehehe, thanks OP!', 'I love Star Wars Knights of the Old Republic', 'Portal is one of my favorite games\n\nThanks!', 'I gotta go with Pokémon Emerald. That game truly feels like home for me.', 'My favorite game(s) is The Last of Us Part 1 and 2. Thanks for the chance, op!', 'Favorite game is Red Dead Redemption. \n\nThanks for the giveaway!', 'witcher 3 thanks', 'Gods unchained', 'Tomb Raider Trilogy', 'Destiny 2', 'OG Ff7 \n\nThanks so much', ""Favorite game I'm currently playing is Pokemon Legends Arceus \n\nBut I don't think anything will every dethrone WoW as my favorite game of all time. It released at just the right time for me and I keep coming back for one more hit"", 'Fallout 3. One of the first games where I legitimately lost track of time. Started at 6pm on the first day I got it, had to force myself to stop at 4am.', 'My favorite game right now is Mario Kart. Just brings back so many childhood memories.', 'You’d think Skyrim cuz my name… but it’s fallout lol', 'Dead Space, thanks for the chance', ""My favorite game is Assassin's Creed III. It is the ultimate assassin fantasy out of all the game that came before and after it. Thanks for the chance!"", 'My favorite game is World of Warcraft.\n\nThat bring me to pc gamer life.', 'Batman Arkham series.', 'Tetris', 'Xenoblade Chronicles 2', 'Star Wars: The Old Republic', 'Rdr 2 thanks a lot', 'Fave game of all time? The Sims 2\n\nFave currently? KCD2', 'Rimworld', ""Favorite is either Sekiro or MGRR\n\nSekiro for the hands down best combat of any game I've ever played, at least in my opinion, and MGRR for a similar, if simpler, combat while making you feel ridiculously cool at moments as well as being hilariously insane"", 'Marvel vs Capcom 2', 'Yakuza 0, thank you!', 'hollow knight', 'The witcher 3', 'Favorite game: Vampire Survivors!!', 'Fallout 4. The funnest game I played ever and thinking of coming back to it and going with cait for the 5th time.', 'yippee! enjoying oblivion recently!', 'Vampire Bloodlines.', 'Favorite game: Red Dead Redemption 2\n\nThanks for the chance to win', 'Splatoon 3', 'Dmc', 'Fantasy Life', 'final fantasy 7! thank you for the giveaway op <3', 'Little nightmares', 'Any pokemon game frfr - though i love diamond/pearl/platinum because of the sinnoh region pokemon', 'Fallout 3 is my favourite game of all time. It introduced me to open-world RPGs and the franchise itself. Thanks for the opportunity!', 'Favorite game is Panzer Dragoon Saga. One of the best damn games ever created, flaws and all, and if it was remade today, it would surely be a modern G.O.A.T. contender with all the flaws ironed out.', 'Blood borne', 'Thank you for this! and FFXIV', 'Favorite game is god of war! Thank you!', 'Animal Crossing New Horizons', 'Fav would have to be sekrio ddr sword combat is sooo fun', 'World of Assasination, thanks!', 'Star Wars battlefront 2.', 'Zelda Breath of the Wild was a complete, game changer in my opinion', 'Depersonalization on steam!!! Its a DnD style cthullu themed turn based RPG that I really enjoyed playing recently.', 'Final Fantasy 8', 'Max Payne 3', 'Hey, why not. Slay the Spire!', 'Disco elysium', ""My favorite game is definitely the witcher 3, I've played so many times and never get tired of it. Thanks for sharing and also I'm gonna browse these comments for new games to try lol"", ""Fav game: Armored Core 6\n\nReason: The game comes off as a just your usual Mecha game, but the way fromsoft depicts the story and relations between the MC and the other characters is outstanding. Moreover, the choices of the MC holds a heavy burden for the ending and the future of Rubicon. They've mastered the art of story telling with faceless characters and somehow managed to make me connect in a deep level with them."", 'Elden Ring', 'Legend of Zelda', ""Sid Meier's Colonization"", 'Project zomboid. Thanks', 'I know it’s a bit old but my favorite game is Naruto Ultimate Ninja Storm, I really like the free roam and mechanics and it’s a great value find as for just 20$ you get 220 episodes worth of playable content', 'Hell let loose', 'Sleeping Dogs\n\nThanks!', 'Mirror', 'Favorite game... I can’t really say, but my favorite genre is strategy, rogue lite, and micromanaging', 'Prey, awesome game.', 'Hogwarts Legacy', 'Dredge', 'Xenoblade chronicles x', ""Star wars battlefront 2\n\nTho I'm in Canada is that's important"", ""Super Mario world. I'm a fossil"", 'Resident Evil 1 \n\nOnly recently got into resident evil but god, the soundtrack this game has is amazing. Plus, beautiful design, nice looking mansion, and good puzzles', 'Favorite Game is the original RDR', 'Battlefield', ""Yeah, places usually don't let you buy gift cards with gift cards. Just so you know going forward, it's not just GameStop. ( also, F GameStop 🤣 )"", 'Favorite overall isn’t one..  it’s all the God of Wars!', 'Hollow knight!', 'My favorite game is doom, love the way each of its games play out', 'Favorite game is Breath of the Wild!', 'Stardew Valley, got me through some of the toughest times!', ""I used to love that game but I wasn't smart enough at the time to figure out all the mechanics. I do remember that one ghost digimon though and trying to get him to home village. Bakebakebake?""]",0.4404,0.9349,0.33961650485436895
1luxcd7,GameStop PSA Rnd 2,8,https://www.reddit.com/gallery/1luxcd7,1752001720.0,"Lot of People have questioned GameStop and sending cards thru them. Just got 2nd round back. No 10s but can live with the results for a month and a half process. Williams stinks but having his auto is great for the PC

Sidenote: All retails pull during first 2 weeks of product release. Theory has always been the first boxes are loaded while they run out of inserts for later retail. I clearly am no expert on this stuff though.","['Why black out the serial number?', 'That Holliday is tuff 😮\u200d💨', 'I just got 11 cards back from GameStop PSA. 5 10s, 5 9s and one N6 no clue why I got an N6 on that card, I pulled it myself out of the pack and it doesn’t appear off dimensions wise. Maybe the grader just had a bad day?', 'You trying to part ways with that Jeremiah Smith by chance lol?', 'Nice grades! What was the cost like?', 'Brother, use a centering app unless you’re just pcing this stuff. Williams is way off centered', 'What is your Skenes valued at? I got that same card and contemplating getting it graded.', ""I'll never understand why people grade base cards."", 'So people don’t take screenshots and post fake listings', 'Have sadly had 1 slab of mine fake listed online before. Only one incident but easier to take the extra 2 min', 'Appreciate it, from a fat pack!', 'Yeah , automation grading is on its way at least', ""Post the card.  They wouldn't just give a 6 for no reason I'd imagine"", 'Haha unfortunately no especially with it being the ssp parallel, maybe down line but he is gonna be a stud for years to come', '$21.99 per card with the pro membership which is $25 a year. You get $5 a month though so it makes up for it quick', 'Flagg, Williams and Smith are PC. And for what I got it for I assumed it wouldn’t do great but it’s authenticated and encased to work with my display!', 'None of these are base cards? But appreciate you stating that random fact', ""it kind of only applies to super high end. you can ask them for a picture of the back of the card and 99% of people wouldn't block out the QR code to get the information. But whatever gives people that peace of mind."", 'N6 not a 6. N6 means not graded.', 'Well...as an avid OSU fan, I can not disagree with you. It would just look really good in my display cases on my wall at home lol', 'They are now charging pro members $5 to ship. So their pro membership is garbage now. Not to mention i had 33 very nice cards stolen. They reimbursed but far less than true comps. Basically would have to sue to get true comps. They were awful to work with once my stuff was stolen. No more', ""Just a random comment. You're doing it right Imo"", 'Haha I’m building a display for him and Ryan Williams. Goal is to get a dual auto for middle', 'That sucks, the guy who runs ours is a big collector and knows what he is doing in the 2 times I have but I make sure the cards are under the $200 limit to get reimbursed is stolen\n\nAlso I’ve yet to pay this $5 shipping', 'Gotchu, came back a little stronger than I should of. Skenes looks like a base but is the mini card', 'Yeah. I was in there this week. Was told shipping for grading is now $10 and pro gets $5 off. I was thinking of dropping off a couple cards at a time so if they are stolen I don’t lose too much at once. Just going to deal with PSA directly at drop off events', ""You're fine.\xa0""]",0.0,0.6249,0.12164074074074074
1luyxb6,"+0.57%/13¢ - GameStop Closing Price $22.75 (July 8, 2025)",1944,https://i.redd.it/ch1o5g7mjpbf1.jpeg,1752005418.0,,"[""[Why GME?](https://www.reddit.com/r/Superstonk/comments/qig65g/welcome_rall_looking_to_catch_up_on_the_gme_saga/) || [What is DRS?](https://www.reddit.com/r/Superstonk/comments/ptvaka/when_you_wish_upon_a_star_a_complete_guide_to/) || Low karma apes [feed the bot here](https://www.reddit.com/r/GMEOrphans/comments/qlvour/welcome_to_gmeorphans_read_this_post/) || [Superstonk Discord](https://discord.gg/hZqWV2kQtq) || [Community Post: *Open Forum*](https://www.reddit.com/r/Superstonk/comments/1ipojer/open_forum/) || [Superstonk:Now with GIFs - Learn more](https://www.reddit.com/r/Superstonk/comments/1cr37r7/superstonk_gets_its_gif_on_get_hyped/)\n\n------------------------------------------------------------------------\n\nTo ensure your post doesn't get removed, please respond to this comment with how this post relates to GME the stock or Gamestop the company.\n\n------------------------------------------------------------------------\n\n\nPlease up- and downvote this comment to [help us determine if this post deserves a place on r/Superstonk!](https://www.reddit.com/r/Superstonk/wiki/index/rules/post_flairs/)"", 'Amazing price movement. I bet the shorts are sweating right now.', 'Didn’t even check the price today and I knew we were green! I can feel it right in my plums! \n\n🚀🚀🚀🚀🚀🚀🚀🚀🚀🚀🚀🚀🚀🚀🚀🚀', 'Green close to another ""hype day""- posts a couple of weeks ago pointed out today was 420 days from the May 14 pop and that there was a cycle', 'Another beautiful inverse discount.', 'I\n\nSAID \n\nWE\n\n🟩\n\nTODAY', 'This is the way.', 'Every company that adds a bitcoin treasury gets a price spike. Except one?', ""I've updated this post now three separate times. The call is coming from inside the house."", 'Why are these barely showing up in my feed anymore ?', 'Haha', 'So you posted another fucking magic date too', 'You did say it', ""After btc actually appreciates sure, which it hasn't very much yet relative to the other memes."", 'If BTC was to go up by 400k in price each, GME would be up approximately $4/share. How much of a price spike are you expecting from BTC going up a couple thousand?', 'read my comment, I pointed out somebody else picked yesterday as a fucking magic date', '#🍻', 'Yes. I want to see btc move and GME stay stagnant while other treasury companies price gain. I think these criminals are that bold and in your face.', 'We’ll see. Never expected us to be where we are 4 + years out. I’m taking it day by day.', 'I fucking hate everything about magic dates', ""MSTR and such got going when btc was 25+% lower. GME hasn't enjoyed nearly the same capital appreciation. It's not always a conspiracy.""]",0.0,0.0,0.16992857142857143
1lv3qd0,GameStop NFT Marketplace Offline,82,https://www.reddit.com/r/loopringorg/comments/1lv3qd0/gamestop_nft_marketplace_offline/,1752017381.0,"I was going to post this on r/Superstonk but apparently I'm not allowed to post there, so anyway, as most know the [nft.gamestop.com](http://nft.gamestop.com/) has been online (read-only) since they shut it down a year ago, however, today it now redirects to the main site - possibly indicating that their venture into nfts/blockchain is officially over.

It may just be coincidental that Loopring is closing up their wallet/defi initiatives at the same time the marketplace is finally being interacted with, but I still can't help but speculate that this may not be coincidental and the reason Loopring is sunsetting their roadmap is to focus fully on their GameStop partnership... deep down I don't really believe that haha, but I'm a dreamer!","['I believe you are correct', ""I've bought and held so long, I too am hanging on to this dream. The timing seems too coincidental. I believe in one of the three outcomes: either this idea happens as OP stated, or we pump in the next alt coin season (for no reason other than everything pumping) or we go to zero. No point in selling now."", 'the site was down all day yesterday (showing blocked) and today when i checked, it redirects you to the main gamestop site.', 'OP: apparently has never heard of Taiko.', ""Disappointed gamestop said nothing about LSW closing or really anything concerning loopring. I think they have done a great disservice to the entire community that supported Gamestop and their marketplace. Gamestop made it clear they didn't support artists and tried to string along many in the community. They lied about letting everyone at somepoint onto the marketplace. If the gme community held Gamestop and RC accountable, gamestop wouldn't have done all the stuff they have done, which includes creating millions of shares so DFV didn't get on the board.\xa0\n\n\nBut people are so invested into gme that they will support RCs making millions and screwing over the average investor. The convertible bonds is just more dilution.\xa0\n\n\nRant done lol\n\n\nEdit: if Gamestop cared, they'd let people know that spent millions in the marketplace what is going on. Gamestop is banking on that their rug will go away and toxic members of the community will come to it's defense. Now rant done lol"", 'Want Some tin? That could be the Kansas city shuffle.\n\nThe front and reasoning for why Loopring and GameStop SEEMED tied together.\n\nI’ll propose (albeit knowing I’ll look like a kook), that it was all about creating a new stock market on the Loopring protocol. GameStop has already made an agreement to acquire, but it couldn’t reveal this outright.\n\nThere’s your hopium.', 'It\'s totally ok for anyone to believe ""it\'s all over,"" or to be disappointed in the way things have gone so far. \n\nI do not believe that Ryan Cohen, nor GameStop are fully exiting the block chain/NFT space. \n\nIs it possible that GameStop\'s investment specifically inLRC-based tech is done? Sure, possible. I don\'t believe Cohen would spend millions on a project, just to throw it away. And I also don\'t believe he would give any hints of what the plans are...\n\nSo I wait. Feel free to trust your own gut, just don\'t listen to those that have no good reasons to try and manipulate you.', 'As a GameStop creator, I haven’t heard anything. Also, it seems like Loopring themselves have abandoned this tech. I don’t understand why people keep white washing what’s happening as a 4D chess move.', ""I honestly think that when GameStop found out about how LRC management worked internally, they immediately pulled the plug on the marketplace. They said it was regulatory uncertainty but it was pulled so abruptly  and with no kind of fight, that it was something to do with LRC that they didn't want to be attached to."", ""This kind of doesn't make sense. \n\nIf Loopring is going down, which most think it is, why would Gsmestop maintain a potential marketplace based on it? \n\nOne is a consequence of the other. If it was a new product, they'd announce and adjust at the same time."", 'LRC hasn’t officially confirmed closure so I’m kind of confused? If it was to be shut down by the end of this month why was there no announcement?', ""Crazy thing is. We'll never know. No one's left at loopring to even say anything."", 'App borked too - oof', ""I don't know what's happening anymore. But I'm still in. It's been way too quiet lately, and after the silence, something always happens. It may feel like it's taking a while, but we were running to $40 like half a month ago. And don't get me started on when we were tickling $80. The cracks are showing. I haven't forgotten everything I've been through with this saga. All the shade thrown at me about Gamestop. Can't lie they've done a good job making things look bad, but I still have this gut feeling that some day out of nowhere when we least expect it...BOOM! Shits gunna go down. It's gunna be something no one could have ever predicted, and I'm gunna be here for it."", 'Am still in. As dont know how to sell', ""Well that's a bummer. Spent a decent amount on those NFTs rofl. What a waste"", 'Who knew WAGMI was only meant for the Loopring team', 'I want whatever you are smoking. Loopring is a scam.', 'Fully focus on their partnership when both are off?What kind of partnership can have both next?🤣🤣', 'Big brain play by GameStop to suck all liquidity out of their most loyal retail investors\n\nDownvote me, I don’t care. We all got played.', 'Where does the money go that’s on my wallet ? Will it be deleted or is someone getting it lol ?', 'This is a truly fucking stupid dream. GameStop has a chance. Their marketplace does not, and Loopring is dead and long since fetid.', ""Matt Finestone left Loopring and worked for GME for nearly 1 year. GME released an NFT wallet in selected areas in America and ran it for about 3 months before shutting it down as they said, due to regulatory issues. It was obviously a test phase for a crypto wallet for trading DLC content between games and maybe even a currency that can be used for purchases from the Amazon competitor that's currently being put together. If loopring is dead then who's keeping it going on the life support at 7c? I'm hoping for 1USD=1LRC. If so I'll be okay with a 30% gain. Peace.🙏"", 'The first clue was when they fired the entire team', 'this here.', 'I still believe in the DD', 'Option:\na. pure delusion\nb. maybe a 2x off the bottom at best\nc. almost there!\n\nThesis: The days of ""everything up"" seasons are long gone. Pretty sure we will have an alt season this year. However, a much smaller group of ""best quality"" alt projects will make significant gains. If there is any truth to this projection, one would think that $LRC would NOT be in that group. The sentiment is lower than it has ever been and for very good reason.', 'It was down like a couple weeks ago when I checked and there was no redirect', ""What a ridiculous take.\n\nRC making millions?  He takes a zero dollar salary and has since day 1.  He owns millions of shares in a company he clearly believes in.\n\nYou've pulled so much out of thin air it's laughable."", 'Why would GameStop comment on Loopring closing their own wallet? They don’t even comment on GameStop stuff. 🤦', 'Agreement to acquire what?', 'They didn’t “SEEM” tied together. They were tied together. The NFT marketplace was built on Loopring. Jfc', 'no 100D 😂 i have your nfts still', 'Would you say that Loopring... ghosted us?!', ""Yeh I think it's pretty clear now, both from Loopring's side and the GME MP vanishing this past 24h, that it's done. Hate to see it, but that's just how business goes.\n\nThe people trying to imagine 4D chess moves are just over-invested and blinded/biased from seeing the most realistic outcomes. ie it's just hopium/copium/denialism."", '5D chess?', 'Much love Vincent ❤️\nYou were always an amazing chemist and an even better guy.\n\nNone of what happened was your fault and you’ll always be a good guy in my eyes. I’m sorry you were let down.', ""This is an interesting take and somewhat plausible. GME's behavior would lend itself to this concern."", ""Nah it was regulations and the crypto market itself imploding, especially off the back of the SBF/FTX disaster.\n\nIt was after that point in time, and after the GME MP closed down, that Loopring started falling apart. That's not to say there wasn't problems behind the scenes of course, but I feel like problems with Loopring were basically off the back of the MP shutting off (lots of potential gone), devs and community leaving, and then the hack was the final damaging blow before the internal management *really* started to spiral."", 'GS wouldn’t', 'I got an email saying the DEFI platform is closing by the end of July.  Only a month after the smart wallet was discontinued.', 'Do you have any nfturtles or GameStop branded nfts you want to sell?', 'I would have 50k dollars more in shares thats for sure', 'What ever happened to Matt Firestone?', ""How dumb can someone be lol. He owns a lot of stock, he uses it as leverage, he borrows it, etc.\n\n\nYou think the billionaire isn't making money?\xa0\n\n\nLook at the history, RC has diluted a lot, and he diluted TWICE in a row into DFV to keep him from having too much of a percentage. RC made sure DFV was not on the board of gamestop\xa0"", ""Why would a company that did a venture and sold millions of dollars of product announce to their customers that their partner is closing major aspects of its company and will more than likely soon directly affect the products it sold?\xa0\n\nOr are you proving my point that Gamestop has and continues to do a disservice to their supporters by not announcing this and other stuff?\n\n\nAnyone that used the LSW to buy products that gamestop sold will effectively lose them soon if not already. They care more about liability than they do their customers. This isn't necessarily groundbreaking thing to say, unless you believe in the cause that gamestop will help change the financial markets. If you still believe this, I feel sorry for you. Because RC and gamestop has PROVEN they will only do what's in their immediate interest.\xa0"", 'They’ll own the stock exchange built on blockchain.', '[deleted]', 'Hahahaha love you Mr Suave! I still have your NFTs too 😍', 'Miss you fam! Been a while and hope life has been treating you well ❤️', 'Hey, great input! Look. You cannot take as evidence someone NOT doing something', 'An email? Since when do they make major announcements by email. They made official post on x for the LSW closure', 'Do you really still want those NFTurtles? I bet they were AI.', 'He borrows what? How is RC making money again? You’re out of your mind', ""Are you just saying things again?  Lol it's like talking to a brick wall that an idiot built."", 'GameStop already announced they shut down their own services years ago. Their customers were informed. There is no benefit to them announcing Loopring closed its own wallet.', 'https://preview.redd.it/lmuzlmqz5sbf1.jpeg?width=1179&format=pjpg&auto=webp&s=18edb9a5bbea0bfdb186ca209caa891bd78b65fa', '![gif](giphy|pN4sNFDT0vEwU)', 'Were you really able to tell from just that? Aww shit haha \n\nHonestly every day is a challenge and it’s not been good but my outlook and support group keeps me going. Though I do fear the reaper is not too far away. I can’t keep in touch it hurts too much but everything I’ve ever said to you I mean it. \n\nTime to burn one last identity haha rip you were worth it tho\n\nI wish you and your family the best.', ""Loopring is closing its LSW, and sunsetting all DeFi. Other than Loopring L2 and the DEX, that's basically the rest of the  project closing down and the new roadmap very quickly being void. They are clearly shutting down to just the most absolute basics to keep the old L2 chain running.\n\nGameStop Marketplace is long dead, and has now had its website taken down. \n\nThe writing is very clearly on the wall now."", ""Maybe I'm mistaken... I'll find where I saw it.\n\nEdit... I just checked and I did receive a notice by email about the smart wallet closure.  Probably because they know my email because of the social recovery aspect."", 'There’s no way they were AI. A digital learning system could never capture the spirit of a turtle wearing a t-rex costume the way Van Cleefen did! In 1000 years children will visit a Smithsonian exhibit called NFTurtles and stare in awe at the absolute poetry of pixels. If this is Van I hope you are doing well friend! NFTurtles for life!!!', ""Stock (perhaps better to say he lends stock), there's lots of ways he can make money on his stock. This is not some conspiracy that he makes money on his stock and it's not just sitting there losing value as he dilutes lol\n\n\nI don't get how this community it still so financially illiterate\xa0"", 'This is the logic defense of people defending gamestop and Loopring (until very recently)', 'That’s a true golden oldie!', '![gif](giphy|TE1ZqsVXgvVhui4jPD|downsized)', 'The marketplace was repurposed as the PSA card market.', 'LSW is different than the alleged defi shut down', 'Dude, you‘re a true believer and I’m very thankful for it. :)', ""VEG!!!!!! How're you?!"", ""I know.  I'm just confirming that I have received announcements by email.\n\nI'm still looking for where I read about the DEFI platform.  Discord doesn't seem to indicate that anything is closing.  I'm still looking.""]",-0.128,0.4216,0.17004084507042255
1lvk3f3,Congratulations to NVIDIA. Moon Man said it is the worst investment you can make a year ago and to invest in Gamestop instead.,93,https://i.redd.it/67ezvy26yubf1.png,1752071024.0,,"[""Moon Man's take on NVIDIA over a year ago:  \n[https://www.youtube.com/watch?v=kTbOzaqdX6k](https://www.youtube.com/watch?v=kTbOzaqdX6k)\n\nIt's also funny because one of his arguments for NVIDIA being propped up by wallstreet was and I quote:\n\n>The numbers don't sense. The numbers don't make sense so much that if you really did believe in the company and the projections of it then why did their CEO sell additional shares all this month?\n\nBut when RCEO does the same thing it's a genius move and shows that Wallstreet is wrong about the price target.\n\nThis year old clip really goes to show you how little Marantz knows despite trying to act like such a know it all. They say the emptiest can rattles the loudest."", 'What more is there to say? Morontz is a literal shill', 'They’re front loading the numbers!', ""Marantz almost every day for the past four years:\n>The S&P is at an all time high! If you buy companies like Nvidia right now, you're buying them at the very top! Why would you do that when there is a little mid cap that's doing all the right things to break into the S&P500 this year? It's called GameStop! Cant stop, won't stop, GameStop. You'll figure it out, or maybe you wont. See ya around, millionaires! PEACE!"", 'Moon Man also says his coworker was an idiot for purchasing Costco (with the employee discount) five years ago. At this point, a hedge fund should hire him just so they can inverse his ideas.', 'Marantz is live right now bitching about NVDA being a $4T company.', 'More crime, obviously.', 'About 10 years ago, my little brother was getting into investing and wouldn\'t shut up about his AMD investments. He asked if I was interested in investing in it, and I said something like, ""Why? Doesn\'t Nvidia sell the most graphic cards? Wouldn\'t I rather invest in them?""\n\nI ended up investing in neither. Oh well.', 'COB 6/21/24 (day of this video) stock was at $126.57.  Up 28.87% since then.  GME is up a whopping 0.4% over the same time period.  Price under 22.54 would put it in thr red.', ""There is a massive difference between Jensen selling his personal shares and RC diluting apes... But of course Marantz doesn't understand that"", ""> why did their CEO sell additional shares all this month?\n\nMaybe he wanted a new yacht?  Its pretty common investing wisdom that selling shares is not a strong signal because there's plenty of reasons to sell shares."", ""The numbers make perfect sense if you can comprehend just how much hardware you can buy when you're a hyperscaler spending $50-100b in hardware.  I wouldn't be surprised if the hyperscalers are approaching 350m GPUs over the last year between them."", '""Its at an all time high so buying now means buying the top"" is one of those things that investing amateurs say that are funny for people with experience.  Things at all-time highs can continue to make all-time highs.  In terms of the S&P, its actually *normal* for it to make all-time highs.  Which is also why its insanely funny for certain politicians to crow about all-time highs as if its their personal achievement and just not a normal occurance.', 'https://i.redd.it/wqximvcq0wbf1.gif', 'Morontz understands it fine, the problem is his personality is 80% GameStop. He can’t not talk about it because without the stock he’s just a boring, middle-aged nonce.', ""And also CEOs generally get paid in stock. So they got to sell to actually be rich.\n\nMy BIL isn't even a CEO, just a lowly President, and he makes less than $100k in salary a year. He makes about $3 million a year in equity compensation on top of that salary, so that's his REAL compensation. This is pretty common. I remember Jeff Bezos' salary at Amazon was $80k."", 'Moon man talks out of his ass basically about everything so just keep that in mind. 😂']",-0.0516,0.0,0.11339411764705883
1lvpx5s,"GameStop selling infamous stapler from ""Staplegate""",703,https://www.ebay.com/itm/388688595731?autorefresh=true,1752084722.0,,"['Hey OP, thanks for the Social Media post. \n\nIf this is from Twitter, and Twitter is NOT the original source of this information, this WILL get removed!  \nPlease post the original source!  \n\n**Please respond to this comment within 10 minutes with the URL to the source**  \nIf there is no source or if you yourself are the author, you can reply `OC`', 'How many Switch 2s will the stapler be worth?', ""Seems like fraud, ebay user is not verified, didn't get any review on any sold item, sus af, be careful everyone.\n\nEdit: it's in fact legit, Gamestop published the link on their twitter account."", 'Certificate of Authenticity signed by RC is part of the display.', ""with a high profile event benefitting kids, the caveat would be RC himself handing over the items to the winning bidder.\n\nNow, assuming that's true, how much would it be worth to meet RC himself in person?\n\nThat would be the true value of 'staplegate'."", 'Classic. What a relief to have a social media team that gets how to actually engage with their community!', 'GameStop becoming synonymous with collectibles incoming…', 'This is hilarious haha', 'This is so hilarious. What a kick ass company.', 'GameStop is now creating collectibles too!\n\nThe letter of authenticity, signed by Ryan Cohen is hilarious.\n\nCongratulations to the social media team or whoever came up with this idea.', 'Damn up to $8.6k already. Crazy', 'They should’ve used more staplers!', '97 bids and at $12k, how cool!', '\nCertificate of Authenticity signed by GameStop CEO Ryan Cohen included. LOL', 'Aww man, they repaired it tho. That kills the collector value! ^/S', '[https://archive.ph/FEB4A](https://archive.ph/FEB4A)\n\nArchived.', 'RC anonymously buying it himself to save his underwear', ""If these don't come with an NFT (they don't), I think that answers that."", ""Already over $11,000 (\\~24.5 Switch2's) right now, but it includes the (refurbed) staple Switch2, so 23.5 switches worth ATM."", 'You’d think an official source for GS would post the auction as publicity', ""Wrong. True value is RC's underwear."", 'takes a mishap and turns it into thousands of dollars', ""I'm only disappointed they aren't their own auction house yet."", ' It is intended for charity, which makes it even better.', 'Yea I thought having it on eBay was a bit janky', 'Sure, but this bidding war is one hell of a proof of concept lol']",0.0,0.0,0.17127692307692308
1lvqceq,GameStop auctions Switch 2 stapler for charity,464,https://i.redd.it/w92r441c6wbf1.jpeg,1752085699.0,,"['Hey OP, thanks for the News post. \n\n------------------------------------------------------------------------\n\nIf this is from Twitter, and Twitter is NOT the original source of this information, this WILL get removed!  \nPlease post the original source! \n\n\n**Please respond to this comment within 10 minutes with the URL to the source**  \nIf there is no source or if you yourself are the author, you can reply `OC`', 'Is this real? Lmfao?', 'The staple 😂😂😂', 'Love it', '![gif](giphy|HGB8nRk6ek4ZG)', 'His signature looks like the sneeze in reverse 😂', 'It is. Bid is already at 4500', 'https://www.instagram.com/p/DL5ZDYVS-yH/?igsh=NTc4MTIwNjQ2YQ==', 'Lemonade baby!']",0.4215,0.0,0.38384444444444443
1lvqeex,[Gamestop] “The infamous Switch 2 Stapler is now available for auction. Proceeds benefit Children’s Miracle Network Hospitals.”,622,https://x.com/gamestop/status/1943008910073303421,1752085825.0,V,"[""Apparently the reason they used a stapler was because the AC was broken, meaning tape wouldn't stick to the boxes due to the heat and humidity of the store. It's cool they're giving to charity, but I just hope no one was fired over a mistake that wouldn't have happened had the higher ups just authorized an AC repair that would've led to better working conditions anyway."", 'That is actually pretty cool. Agreed that I hope no one got fired.', 'Was...was it really only a single console that got the staple? I heard it was dozens.', ""They should staple the certificate of authenticity to the box so it doesn't get lost."", 'It’s already over $15,000. That’s awesome\xa0', 'Ngl, pretty clever from GameStop', 'Rare Gamestop W', ""I hope it ends up in the Nintendo Museum or something. It's sort of part of gaming history."", 'Holy shit... never saw it going for over $100k let alone $10k', 'The GameStop relevance comeback after making a complete bungheaded error like this needs to be studied \n\nGreat marketing', 'Over 100k and CEO said he will include his undies, if it breaks a mili ceo takes you on a McDonalds date in Miami', ""It's also somewhat of a Nintendo packaging problem too, positioning the screen right under the thin outer cardboard."", 'This excuse makes absolutely no sense. They could have just used blank price stickers to secure the receipts. I’m assuming price stickers still worked since every item in the store didn’t have its price sticker peeling off?', 'Biggest bunch of garbage I\'ve ever heard.\n\n\nThe receipts had the same stickers they put on the display cases on them. Unless the store had 100% humidity and it was a literal torrential rain inside the building those stickers would\'ve been fine.\n\n\nEmployee messed up, Nintendo messed up with packaging, and that\'s fine.\n\n**EDIT**: For reference, [this is the Portal\'s (Sony\'s current ""handheld"") box](https://www.reddit.com/r/playstation/comments/17w8koc/playstation_portal_box/). It sits inside a box that has spaced walls with adequate room between the device and the walls of the packaging.\n\nThe Switch 2 has to ship more components than the Portal but there\'s no reason the box couldn\'t have been marginally larger and featured the same kind of spacing between the device and the walls of the packaging.\n\nIf a staple can reach the screen all kinds of stuff could puncture it in shipping and destroy the screen. I used to unload freight for major retail stores. The trucks aren\'t exactly stacked in a neat and orderly manner. Anything and everything is hitting the pallet that game consoles are wrapped onto.', 'the kitchen I work in is regularly 90°+ and often humid as fuck.\n\nI use tape dozens of times a day.', ""Unless the store was a literal swamp, I don't believe it. I think that's just the excuse they were going with so they didn't get fired."", 'Wtf someone should definitely be fired.', 'It was multiple, but all from the same store.', 'No, the list states that the included Switch 2 is the *first* to get stapled. Definitely implies multiple were stapled.', 'They should staple the stapler to a sick kid so it doesn’t get lost', 'Only $35,000 to go before they recoup the cost if that figure of 100 units was correct lol', '$38,100 right now.', ""Right now it's stuck at $69,900 because the minimum is +$100 and no one wants to ruin it."", 'Up to $69,900 now 🤯', 'what is ""the switch 2 stapler"" i\'m out of the loop', 'Yeah, it\'s cute.  And I also think it\'s effective PR--had they just remained cagey about it, the Internet would\'ve run wild with the notion that GameStop is incompetent.  But instead they\'ve taken ownership of it, seeming to say, ""Yeah, mistakes happen, we\'re human.""\n\nGranted the internet already hates GameStop for a multitude of other reasons, but I don\'t think most people are holding a grudge over the stapler incident!', 'You know I’ve read this kind of comment more this year than any other year about GameStop. Maybe W’s are becoming more common', ""They've been having Ws all over the board this year regarding the Switch 2"", 'What about $242,000+?', 'It’s truly an atrocious packaging design.', 'I’m sure when designing the packaging they didn’t think this would happen. Worst case scenario a box gets dropped, and it’s dented, the switch will be fine. \n\nThe box does its job for the expected normal transit, stocking, and selling of product. It’s when people start doing weird shit that the box naturally won’t hold up to. Like puncturing it, typically doesn’t happen when it’s moving from A to B.', 'It’s the same setup as they had for the Switch and smartphones use. While they could definitely adjust the packaging, it doesn’t appear to really be an issue.', ""I think the Switch 2's packaging is industry standard though, right? Phones and tablets that cost way more than the Switch 2 are packaged the exact same way. \n\nI've not heard of any damage to switch 2s other than this incident."", 'Seriously, just… pack it screen side down???', ""That's like sliding your car in to a pole but blaming the car because the door got dented."", ""so many products are packaged like this. the original switch 1 and switch OLED were packaged in the same way, same with the ROG ally X and other portable game systems. iphones and other phones have been packed this way with the display facing outwards towards the thin outer cardboard (they at least got wise and they are now flipped around). go look at unboxings. this isn't a new way nintendo packaged the switch 2. it's just unfortunate that a single gamestop stapled into the screen."", 'Matters none.\n\nDon’t staple shit into my purchased electronic boxes, not hard at all. iPhone, NS2, NS1, iPad, etc.', ""Yeah, no.  They shouldn't have to design the packaging assuming people are going to staple things to it."", ""You also don't need to secure the receipt. It's not like you go buy fruits, and they staple the receipt onto the apple. Just toss it in the bag like normal people."", 'Every company uses the same packaging method', 'Scotch tape or masking tape?\n\nI could imagine cheap clear tape pulling away because of humidity.  It also may not have stuck well to the gloss surface of the S2 box.', ""Nah, GameStop's are notorious for being extremely hot without a working AC. I know of a store inside a mall that has to shut down and close because temps inside were so high it was illegal to make people work in it. And that was also the only way they could get corporate to actually sent a repairman.\n\nThe store I worked at was outside a mall, and when our AC broke *in the winter* it was still an inferno in there. For some reason."", 'If anything this excuse sounds worse than “an employee made a mistake”.\n\nI doubt the employee would be able to lie about that to keep their job after losing tens of thousands of dollars. \xa0There were 100 other people in the store who would have known whether it was insanely hot or not, and also the manager would know if the store AC was out or not.\n\n\nAlso GameStop will fire employees for accidentally handling a $30 trade in improperly.', 'We skip to firing far too often, blowing past several other administrative steps that could be used to address stuff.', 'Probably the higher ups who said to staple it and not the employee actually working in the store', 'The internets bloodlust to punish minimum wage employees working shit retail jobs who make a mistake will never not be both funny and sad.', 'Absolutely not. Your work culture of firing people for nothing in the US sucks. Also, if you read elsewhere, it sounds like they did it because it was too hot for tape to stick and their AC was broken.', ""Its also unclear how many of them were damaged because stapling it to any of the three other sides wouldn't have damaged the screen."", ""I see that now. It's just not consistent throughout. The stapler is described as if only a single console was stapled in a moment of excitement and enthusiasm. Which doesn't really imply that it was an entire batch."", '100 units at a single store? That’s crazy! How many units did each store end up getting??', '$350 per?', 'It’s at $105,000 currently lol', '69k now\xa0', 'Yea, gotta love the commitment to the bit. It will go over 100k since the ceo said he’d send his underwear lol. It WILL happen', 'It will definitely break 100k. You know why\xa0', 'On launch day at one GameStop location, an employee used a stapler to attach receipts (or some other papers idk) to consoles. They punctured through the box and left indents in Switch 2 screens.', 'A GameStop employee stapled a receipt to the front of the box and it ended up ruining the switch screen(as it was basically right next to the side of the box. GameStop got a lot of bad media for this and GameStop turned the story into something positive(money goes to charity).\n\nGameStop investors have been bidding on it for multiple reasons. The ceo even tweeted if it sells for 6 figures, he’d include his underwear lol. This all benefits the children’s miracle network.\xa0\n\nThat’s the short summary (roughly)', 'I know. I keep refreshing it every few hours and it’s blowing my mind, lol. Life changing money to most people, yet funny joke money to others. Blows my mind.\n\nI’m honestly most surprised because it’s not like it was THAT big of a deal. It made some news cycles, but nothing massive, lol. I’m curious how high it goes, at this point I’m expecting $400k-$500k.\n\nI’m also curious WHO is getting it. I’m sure they’ll make that public themselves pretty soon when it’s received.', 'It’s standard packaging design', ""Even if they don't make any changes to the packaging, I'm curious why they wouldn' just place the screen face down."", 'Common practice can still be stupid. Often is, in fact.', 'Yeah but blaming Nintendo for everything seemed to be popular on reddit. Even though Microsoft is raising price and killing studios ppl here still love to hate Nintendo for every little thing that is possible to hate.', ""i think because the back is curved vs the front would it have been more difficult to remove from the packaging if it was facing the other direction? I'm sure a company like nintendo would have done some testing like that at some point, maybe with the switch 1 cause it's packaged the exact same way as the switch 2"", 'Yep.  Designer packaging has the main product front and center, with manuals and accessories underneath.', 'Were they pre-orders?  I could see attaching the receipts ahead of time just to speed things up and maybe avoid errors.', 'The cardboard on my phone was definitely a lot thicker/spaced further from the screen than the Switch 2. A standard staple should not be reaching the product. A staple isn\'t going 3"" into the box, standard size is 1/4"".', 'How can they be notorious? It’s an AC issue and has more to do with the building than what store occupies the space. Unless you’re implying gamestops are trying to save money on the air conditioning bill by keeping it off', ""Nintendo was shipping these things out by the pallet lol. You don't sell 5 million units in a month without stocking up."", '$242,433 now!', 'Yeah, at this rate it could hit $420k', 'Already done', 'It’ll surpass a million. Mark my words.', 'Common practice can still be stupid. Often is, in fact.', 'I like the idea of having the Switch 2 logo present when you open so the back makes sense to me but not sure it matters. I would have complained to GameStop regardless of if they punched a staple to the back or the front.', 'Then people would wonder why the screen is face down', ""If it's not an issue why would they place it screen face down? It looks cooler screen up and doesn't seem to be much of a problem so far. I mean even this thread is about a one time issue.\n\nBTW a lot of boxes have issues when stabbed with sharp objects. Any monitor being sold could have this happen, they tend not to because people try not to stab them."", 'Scratches to the screen while rubbing against the cardboard, maybe.', 'I believe the reason is they would prefer damage to the screen instead of damage to the battery. Because then it becomes a fire hazard.', ""It's all a cost/benefit analysis. You can always add extra weight and thicker packaging but is it worth it?\n\nThey've sold 150M+ devices packaged this way and it would appear that box puncturing isn't a common issue."", '""Everyone else is doing it"" is no excuse for making a stupid choice.\n\nNintendo could have added more padding, but they chose not to for no valid reason.', ""My guy used a damn staple gun to be sure that sucker wasn't gonna fly off lol"", 'Yeah, I would blame the building before Gamestop. I worked somewhere with broken AC once and my boss had to buy a portable AC and exhaust just funneling out the door as a temp fix. Because nothing happens fast when it comes to shit like that.', ""They're notorious for not repairing the AC. It usually takes weeks or months for corporate to send out repairmen, and usually only after the store manager shut down the store and not opening because of the heat."", 'This is the funniest shit honestly. I love it', '$420690 purchased by one Kitty Esquire', 'It seems pretty obvious to me.', 'What logical conclusion would someone draw about why the screen is face down at the top of a very thin box? This is a real head scratcher!', 'Monitor boxes also tend to have foam padding, and a good size gap between the screen and cardboard. The cardboard itself is also thicker.', "">  they chose not to for no valid reason\n\nYou don't need a reason to do nothing, you need a reason to do something.\n\nYou only think this is a problem because literally one cashier out of all the cashiers in the entire world decided to punch staples through the box. If they had just chosen to put the receipt in the bag instead, there would never have been an issue."", ""Apparently plastic bags are banned in that state, but that doesn't change your point.  *Any solution* that didn't require*physically damaging the box* would have been preferable.""]",0.7783,0.0,-0.01601333333333333
1lvqu1j,GameStop auctioning the infamous Switch 2 stapler 🔥,202,https://www.reddit.com/gallery/1lvqu1j,1752086837.0,,"['Hey OP, thanks for the News post. \n\n------------------------------------------------------------------------\n\nIf this is from Twitter, and Twitter is NOT the original source of this information, this WILL get removed!  \nPlease post the original source! \n\n\n**Please respond to this comment within 10 minutes with the URL to the source**  \nIf there is no source or if you yourself are the author, you can reply `OC`', 'Fuckin lol. Good on them for auctioning it for charity.', 'On fkn eBay too!', 'Genius for marketing purposes', 'Already over $12k', 'The GameStop 2025 Staplegate Charity Auction includes authentic relics from the now-infamous “Staplegate” incident, which occurred during the midnight launch of the Nintendo Switch 2 on June 5, 2025, at GameStop’s Staten Island, New York location.\n\n\nItem One: The Black Stapler\n\nThe black stapler used by a GameStop associate who, in a moment of launch night excitement and misjudged enthusiasm, stapled a receipt directly to a customer’s new Nintendo Switch 2 box—puncturing both cardboard and screen in one swift motion. Features authentic field-use wear throughout and retired immediately from service, the stapler now stands as a retail legend born from a half-second decision.\n\nItem Two: The First Stapled Nintendo Switch 2™\n\nThe Nintendo Switch 2 console, serial number HAW50270415462, was the recipient of the above-mentioned staple. Refurbished by GameStop Corp., the screen has been repaired, and it is ready for play. It is the first known console to be officially stapled during a product launch by GameStop.\n\nItem Three: The Box\n\nThe original retail packaging from the same console, with the staple mark clearly visible. While the box is otherwise intact, the puncture serves as permanent proof of Staplegate’s origin. All original packaging is otherwise intact and included.\n\nItem Four: The Staple\n\nCarefully extracted and preserved, this is the actual staple that pierced both box and screen. Bent from impact and removed during the incident investigation, it has been archived in an individual display pouch. This 3/8” steel wire fastener is now a tiny, twisted piece of GameStop lore.\n\n\nThe items are being auctioned as a set to raise funds for Children’s Miracle Network Hospitals. While the incident itself was unfortunate, we hope its legacy serves a greater purpose.\n\nCertificate of Authenticity signed by GameStop CEO Ryan Cohen included.', ""Oh my gawd, we're profiting on the FUD now"", 'It is up to 38k at 7:46 EST', '$102,000… damn, I think Ryan will have to give his underwear…', 'He’s communicating with kitty.\n\n![gif](giphy|46zBn9UE4lUEFeKQrZ)', 'It’s not an actor, mate.', 'Technically, sick kids are the beneficiaries. I hope Ryan gets to ship off his undies.', '105, and the description says the tweet is true 😂', 'They’re as much an actor as autocorrect is a helpful tool', 'Innit a tax write off?', 'Touché']",-0.34,0.0,0.22205625
1lvqyv4,GameStop Staplegate Certificate of Authenticity,179,https://i.redd.it/habgaqqnawbf1.jpeg,1752087155.0,,"[""Welcome to r/GME, for questions in regards to GME and DRS check out the links below!\n\nDue to an uptick in scammers offering non official GameStop merchandise (T-Shirts)\n\nDO NOT CLICK THE LINKS THAT ARE NOT OFFICIALLY FROM GAMESTOP. \n\nWe have partnered with Reddit directly to ensure the Communities Safety.\n\n[What is GME?](https://www.reddit.com/r/Superstonk/comments/qig65g/welcome_rall_looking_to_catch_up_on_the_gme_saga/?utm_source=share&utm_medium=ios_app&utm_name=iossmf)\n\n[GameStop's Accomplishments](https://www.reddit.com/r/GME/comments/x3hv46/list_of_official_gamestop_accomplishments/?utm_source=share&utm_medium=ios_app&utm_name=iossmf) \n\n[What is DRS? US / International](https://www.reddit.com/r/Superstonk/comments/ptvaka/when_you_wish_upon_a_star_a_complete_guide_to/?utm_source=share&utm_medium=ios_app&utm_name=iossmf)\n\n[ComputerShare International DRS Support](https://www.reddit.com/r/GMEJungle/comments/r9euj1/computershare_upgrades_drs_support_for/?utm_source=share&utm_medium=ios_app&utm_name=iossmf) \n\n[Feed The Bot Instructions](https://www.reddit.com/r/GMEOrphans/comments/qlvour/welcome_to_gmeorphans_read_this_post/?utm_source=share&utm_medium=ios_app&utm_name=iossmf)\n\n**Power To The Players** \n\n\n*I am a bot, and this action was performed automatically. Please [contact the moderators of this subreddit](/message/compose/?to=/r/GME) if you have any questions or concerns.*"", 'Watergate was the name of the hotel in the Nixon scandal. Why does everyone want to give every situation a “gate” suffix?\n\nThis wasn’t a deliberate crime. It wasn’t a political scandal. It wasn’t at the Watergate. It wasn’t illegal, it wasn’t even a situation. Why “gate”', 'This is funny as hell.', 'It should include a digital certificate', 'Where underwear certificate?', 'Wen underwear certificate', 'Stop trying to make staplegate-gate happen it’s never gonna happen', 'lol our CEO is awesome.']",0.0,0.0,0.009224999999999997
1lvr7xx,GameStop is at a discount right now!! People will wish they could have bought at these prices!! $GME,317,https://v.redd.it/r9ug8precwbf1,1752087756.0,,"[""Welcome to r/GME, for questions in regards to GME and DRS check out the links below!\n\nDue to an uptick in scammers offering non official GameStop merchandise (T-Shirts)\n\nDO NOT CLICK THE LINKS THAT ARE NOT OFFICIALLY FROM GAMESTOP. \n\nWe have partnered with Reddit directly to ensure the Communities Safety.\n\n[What is GME?](https://www.reddit.com/r/Superstonk/comments/qig65g/welcome_rall_looking_to_catch_up_on_the_gme_saga/?utm_source=share&utm_medium=ios_app&utm_name=iossmf)\n\n[GameStop's Accomplishments](https://www.reddit.com/r/GME/comments/x3hv46/list_of_official_gamestop_accomplishments/?utm_source=share&utm_medium=ios_app&utm_name=iossmf) \n\n[What is DRS? US / International](https://www.reddit.com/r/Superstonk/comments/ptvaka/when_you_wish_upon_a_star_a_complete_guide_to/?utm_source=share&utm_medium=ios_app&utm_name=iossmf)\n\n[ComputerShare International DRS Support](https://www.reddit.com/r/GMEJungle/comments/r9euj1/computershare_upgrades_drs_support_for/?utm_source=share&utm_medium=ios_app&utm_name=iossmf) \n\n[Feed The Bot Instructions](https://www.reddit.com/r/GMEOrphans/comments/qlvour/welcome_to_gmeorphans_read_this_post/?utm_source=share&utm_medium=ios_app&utm_name=iossmf)\n\n**Power To The Players** \n\n\n*I am a bot, and this action was performed automatically. Please [contact the moderators of this subreddit](/message/compose/?to=/r/GME) if you have any questions or concerns.*"", 'People will wish the board had good reason to massively dilute', 'It’s been at a discount for 3 straight years gang. We’re only ≈2x from the bottom last year.', 'I mean, its been doing this for 4 years so I doubt it. If we run RC will dilute again.', 'I have heard this before.', 'Rc was the worse thing tht happened. He pretty much killed moass. Fkc the board. Everyone and thier grandma was in GME for moass . Nobody was in this for a turnaround story. \nOnly bagholders and shills still believe tht RC is playing some 4000d chess', 'Never heard that before....', 'Honest question: if GME is manipulated as so many believe, does a TA even make sense?', 'Two January 2027 LEAPs today ✅', 'I’m one of those who wished. Trying to scoop what I can', ""Shareholders aren't getting angry, it's only the psyops spreading FUD as we are at the bottom.\n\nOnly way is up, Just Up☝️"", 'Sadly gonna wait for dilution again', '![gif](giphy|l2YWi2sidEYWQztQc|downsized)\n\nYesterday, today, and always tomorrow!', 'Oh shut up.....', 'Again', 'Yea, definitely a discounted price. Especially now since GME is now holding a bunch of BTC that just hit ATH’s today and continues to peak. It’s too easy to hold and be zen 🚀', 'They have good reason! It’s just a reason retail wants to hear.', 'This. How does anyone not see this with RC?', 'It raises the floor every time so I’m not mad about it', ""That's why you swing trade."", 'GME is still good for selling CSPs at least. Been wheeling this for years and making a good profit', 'No everyone was in it because of roaring kitty, who was in it for a turnaround story', ' TA for GME is astrology with tea leaves mixed in. These posts are only so meltdowners can earn their pay in the comment section. People bet the farm that GameStop was going out of business some years back but it never happened and now even with dilutions they have no way of delivering shares. So we sit , and wait. But it costs me nothing to hodl.', 'Whatever helps you sleep at night', ""To be fair we aren't here for a higher floor, we want MOASS. Which seemingly doesn't interest RC."", 'Or just buy long dated calls during such low IV and hope it hits....\nThe anti option movement during the initial days and RC diluting us completely ruined any chance of moass....', 'People laughed at RK before GME strtd popping. For every RK there are 1000 of regards doing such bets on WSB. Every one got into GME when it started doubling overnight. Nobody cared whether GME lived or died as a company', 'It actually doesn’t help me sleep at night. I lay awake wondering how I was so stupid to be tricked into this for 4 years.', 'I honestly don’t buy the notion that this will get to an insane valuation. A large squeeze, or several subsequent squeezes? Sure, but there are people with far too much control of every movement of this stock. And their eyes are on it because they know we aren’t going anywhere.', 'I prefer my way, tho long dated calls isnt a bad way to go. Ive been making a salary every year wirh my 30 DTE CSPs.\n\nAnd yes, MOASS is mathematically impossible at this point. The sneeze was the MOASS (it also bought me a house)', 'Finally someone said it. whilst RK was right at the time and saw potential. But he also Saw $$$$ aswell. He made bank and dipped pretty much once swings and peaks stopped happening.\n\nI agree, i was in it purely for the Money. I was able to Buy my first house off the Climb / Peak and left asap. and im sure others did too. Some did hold and are sadly stuck at 300+ still. those are the people i feel bad for.', 'Ditto. A billionaire used us all for a backstop. Now he is shitting on us for ""general corporate purposes.""\n\nCant wait to be done with this awful board', 'I would be happy even with 50$ mark lol. Right now even that seems impossible, though i believe one day gme will be back to 60-80$ range\n\nSame as you, I am 99% sure there will never be moass', 'LOL. Yes, RC decided to take on the massive headache that was GME 5 years ago for no reason but to sit on a pile of cash and do nothing. Yeah, that makes a ton of sense.', 'Convinced us to DRS so he could ensure dilution wouldnt cause sticky floor type price movement.\xa0\n\nDiluted us to high hell anyway and the other board members have purchased a joke # of shares. The turnaround is done. The company is alive. You can still get a used game and a piece for the pacific garbage patch over a dirty floor and gross drop down ceiling. This is what he did. He thinks he created a blue print for saving companies and in fact it is just an example of good stewardship of a business.\n\nSo he got to flip his position and has made a ton of profit once he sells his shares. The company will have this genius blue print going forward and he can walk away with a few billion. Bottom line is there was zeitgeist for a firm and shareholders to take on wall street and what we actually got was a compromised, neutered, boring, regurgitated strategy.\xa0\n\nTurnaround!', 'DRS gonna bite people in the ass at some point potentially.\n\nEdit: this dude is a literal psychopath. His above comment bashes DRS and GME, and then he completely flips the script...its like hes on drugs or something.', 'I still like the idea of my shares only belonging to me. I dont like the idea that the company doesnt value my investment\xa0', ""If things go south, DRS will be the last out the door. The ultimate bagholders.\n\nDon't you find it strange that no one in the stock world talks about DRS outside of GME?""]",0.5951,0.0,0.08856315789473684
1lvrbxp,GameStop Is Auctioning Off The Stapler--And The Staple--That Damaged A Nintendo Switch 2 On Launch Day for Charity. Proceeds benefit Children’s Miracle Network Hospitals,3233,https://www.gamespot.com/articles/gamestop-is-auctioning-off-the-stapler-and-the-staple-that-damaged-a-nintendo-switch-2-on-launch-day/1100-6533066/,1752088015.0,"The gaming retail chain is making lemonade out of a lemon for Children's Miracle Network.
","['Have you seen my stapler?', '> One infamous story that emerged from the Nintendo Switch 2 launch in early June came from the Staten Island section of New York City, where a GameStop employee stapled a receipt for the console to its box--which damaged the Switch 2\'s screen in the process. Now, GameStop is turning this blunder into a boon for Children\'s Miracle Network Hospitals, as the company is auctioning off multiple items from the incident--including the staple itself--for charity.\n\n> The four items included in the auction are as follows:\n\n>The stapler used in the incident, which is described as ""a retail legend born from a half-second decision""\n\n>The Nintendo Switch 2 console itself, with a repaired screen\n\n>The full retail packaging of the console, ""with the staple mark clearly visible""\n\n>The individual staple that damaged the console, which has been ""carefully extracted and preserved"" in an ""individual display pouch""\n\n\n> The charity auction includes a letter from GameStop CEO Ryan Cohen, confirming that all four items included in the auction are ""authentic relics from the now-infamous \'Staplegate\' incident."" Cohen\'s message also says that, ""while the incident itself was unfortunate, [GameStop] hope[s] its legacy serves a greater purpose.""', 'Lmfao that’s hilarious what a funny way to recognize the mistake and raise money for a charity. Seems like the CEO knows how to handle things.', 'Great way to own the problem, create good PR from a fumble and raise money for kids.\xa0 Godspeed, GameStop.', 'What a great idea 😂 this Ryan guy seems to know a thing or two about business. 😉', 'Best opportunity to flip a launch unit damaged the same way', 'Well I guess that’s making something good out of a stupid mistake.\xa0', 'Did they fire the guy who did it?', 'Will they continue to sell us warranties without our consent?', ""'A' Nintendo switch? I thought multiple consoles were damaged?\n\n\nEither way childrens miracle network is a great cause. Literally why not"", 'Or just donate to charity, GameStop. \n\nNothing’s stopping you.', 'If I was rich I would 100 percent buy this, that’s fucking hilarious. Any guesses on how high it’ll go?', ""Finally giving back to the kids after ripping them/us off for generations... That's great. Now if they want to help kids for true, they can adjust their trade-in policy."", 'r/nottheonion', '[deleted]', 'If it was for anything other than charity, I\'d think it was lame and stupid to be making such a big deal out of nothing.  Being for charity, though, makes it quite different.  Up to $15,500 so far for ""lame and stupid"".  Hard to beat the math.', ""Aaaaand they ruined the damaged Switch *again* by refurbishing it before auctioning it off. It's a collector's item worth 15k+, the damage is part of the history, from the pictures I've seen the damage is relatively minor (definitely visible and distracting but the screens I've seen still worked just fine aside from two small white dots on them) - and they replaced the screen..."", 'As much as I dislike GameStop this was a pretty cool move on there part. I’ll never not applaud a company doing something for a charity.', '[deleted]', 'Lame', '$69,900 when I checked. Nice.', '😌', 'Bidding has reached over 100k so far lmao. That’s awesome.\xa0', 'So people are giving them money for their mistake ?? Lmaoo. Why don’t they use their own money to donate wtf', 'lol I just ordered mine finally gonna go match the amount in donations to the children’s miracle network now.', 'But will the stapler come pre-stapled or will we have to staple it ourself?', ""As cool as this is, am I the only one questioning how awful the Switch 2 packaging must be if a staple managed to damage it? \n\nEven cheap companies usually put in padding to separate the box from the product & the fact Nintendo didn't with such an expensive item seems pretty daft on their part."", 'Have to at least give it to game stop on this.  First, they did step up and fixed the issue for those affected by it.  Then they joked about it and owned the mistake and now use it to raise money for charity.', 'You know what? good way to own up your mistake', 'OMG! the figure is OVER NINE THOUSAND!!!', 'A rare GS W.', 'The 🩲 CEO has spoken', 'Talk about turning lemons into lemonade.', 'Marvelous move they better give a raise to the minimum wage soul that thought of it.', ""I'm shocked by the comments being down voted. Now I see why gaming is the way it is. I thought gamers who didn't understand the tricks played on consumers were a minority but it's the majority. Just say charity and it's all high fives and good game butt smacks. Kinda makes me sad about being a gamer during this time."", 'It’s genuinely really great that the money is going to Children’s Miracle Network hospitals. They really, really need it with the current US administration cutting children’s medical research funding & Medicare/Medicaid.', ""Humanity goes to some weird places sometimes, but at least it's for a good cause."", ""Also you get a pair of Gamestop CEO Ryan Cohen's underwear. And if it hits 7 figures he will fly you to Miami and buy you McDonald's 😆"", 'I could set the building on fire.', ""Wait so you don't get the stapler itself?"", 'I wonder what happened to the employee', "">The Nintendo Switch 2 console itself, with a repaired screen\n\nBoo! Anyone getting this either doesn't care for the Switch 2 or already has one. Leave it damaged, it's a collector item."", ""i sure hope they didn't fire the guy who did that, then. If they profit in some way from his mistake, it'd be rude to fire his ass."", 'Great way to make a tax deductible donation and have you pay for the whole fiasco by pooling ur donations', 'Gamestop / Ebgames were always MVP stores... Time (stock boom aside) has not been the best to their identity sadly.', 'RC made Chewy into a prime competitor in the shadow of Amazon by focusing on client satisfaction and service rather than just pure volume. \n\nStuff like sending flowers upon notice of pet deaths. Cards and gifts on pets registered birthdays. Refunding pet food after notice of pet deaths with the only caveat that said good be donated to a shelter. \n\nHe sold his stake in Chewy and bought his way onto the board of GameStop and hired a bunch of c-level colleagues from chewy and Amazon to help turn the ship around.', ""If they knew how to handle thing they wouldn't be the worst gaming store ever in the history of gaming stores."", 'The CEO does not generally know how to handle things. Don’t give them too much credit here…\n\nEdit: ahh, I see he’s here now. You know what you are.', '[deleted]', 'They’re auctioning him too, they just can’t advertise it for… reasons.', ""Why's this downvoted wtf"", 'There were a few.  I know someone that got one of them.', 'From a quick google:\n\nYes, GameStop does donate to nonprofits, primarily through its ""GameStop Gives"" initiative.\xa0They partner with organizations like Make-A-Wish, Children\'s Miracle Network Hospitals, and various veteran-focused charities.\xa0GameStop also runs in-store donation campaigns and allows customers to donate trade-in values to charity', ""They do, but I doubt you actually care or you'd look it up."", 'yes. in fact they should just donate everything they have to charity! any less would simply be immoral wouldn’t it!how selfish they are for using their business earnings to maintain their business! when they could simply give it all away! and expect nothing in return! \n\npls have a conversation about capitalism with any AI because you sound dumb! and honestly it’s quite embarrassing!', 'Currently at $16,900.', 'Turns out the CEO of GameStop takes no salary or compensation, not even stock options, weird.', 'wtf it just hit $38,000 🤣', 'Over $107,000!', 'Insane value lol. This will have no trade value amongst collectors, so whoever buys it is really just making a sizeable direct donation to charity for GameStop lol. Like can the buyer even write it off for a tax break?', 'It has now hit 205,000', 'Yeah they really fumbled, now it’s only worth 105K, fools.', 'KnoWIng NiNTeNDo iT’s BeEN AlReAdY NetWoRK bANnED ToO', 'why so grumpy?', 'Yeah the screen is face up just under the cardboard on the top left of the box', 'Did you even read it? It literally says you get the stapler. What is your question referring to?', 'Probably received a scolding from an exasperated supervisor, who had just come out of a meeting where they received a scolding from the store manager, who had just gotten off the phone after receiving a scolding from corporate.', 'Believe it or not, right to jail.', 'He’s being sold in a different auction…', 'Already sold!', 'Also sold at auction, a different kind of auction', ""He just completed his mandatory don't staple receipts to boxes training, what do you mean?"", '[ Removed by Reddit ]', ""Honestly I put the blame on Nintendo here, The screen is not protected in any way inside that box. it's literally right up to the thin cardboard."", 'I would fire them they lost the store 10s of thousands and they aren’t profiting anything they are donating the earnings. Would your job be happy if you lost them thousands??? I can assure you you would be instantly terminated in any company', 'That isn\'t how tax deductions work:\n\n**In Most Instances:**\n\nPeople complain that at the register donations get written off as a tax deduction to the company. This would be tax fraud, as it\'s not income, it\'s a totally seperate line item. . And yes you can, as a consumer, take the write-off if you qualify.\n\n**In This Instance:**\n\nThe company is making a profit from the sale of the stapler . . .Which means it is written in as profit. When they donate it the only thing being deducted is the cost of the donation. . Essentially zeroing out the entire ""tax deduction benefit.""', 'They replaced all units that were stapled with a brand new switch.', 'No one is “big mad” lol. It wasn’t done on purpose. They resolved the situation best they could. And now they are making light of the incident and turning it into something positive for charity. You’re just an idiot and no one cares about your shopping habits. Hence the downvotes.', 'They offered replacements for all of them. What are you on about', '😂😂😂', 'Yeah I was wondering the same thing. I was just genuinely curious if they fired the guy. Just thought it would be kind of messed up to fire him for the mistake and then turn around and use the viral nature of the situation to make themselves look good', 'Yes, all customer funds. Customers have the option to “round up” their purchases or donate at the register.', 'Where? I saw that they encourage customers to “round up” their purchases to donate to charity. Customer funds. \n\nOr donating at the register. So customer funds again. \n\nIf you can show me that they match these donations, then I’ll shut up.', 'Who said anything about “giving away all they have?” Love people like you that add extra words and phrases to peoples’ opinions. \n\nKeep defending these corporations. They’re raising funds from their customers.', '$108,895 now.', 'No way! Was at 16,000 not even that long ago.. this is hilarious', 'What, 9000?', ""You can write off most charitable donations as long as it's set up properly.  I assume in this case that they've gone through the process to make sure it's a transaction for charity."", 'That’s insane', '107k*', 'The Mona Lisa would be valuable even if someone poked a hole in it or tried to ""restore"" it like that picture in that church, doesn\'t make it a good idea.', 'I miss read it I thought it just said the stable.\n\n\nTiered from working a double.', 'this is the way.', 'Its like I never left', 'Didn’t they get the memo?', 'No trial no nothing', 'I always upvote Parks & Rec', 'That’s because the way they are initially shipped. Also the screens are very durable. \n\nJerryrigeverything hit it with a set of pliers and it took about 50 hits before it fully shattered. It was impressive.', 'Yeah it was shitty packaging, but as a consumer I’d just be kinda pissed with staple holes going through my box. People like to save the boxes (I do) or gift the consoles, and it’s annoying to have to have a blemish like that in either case.', ""The Switch 2 isn't in better shape if you staple through the battery compartment in the back.\n\nGamestop is doing a very good job addressing it, but the reason *they're* addressing it is because it was their screw-up."", ""Yeah, no. I don't like Nintendo per se but really, that's how basically all gadgets are packaged these days, including the switch 1. It's only now that we had someone staple the front of the box. We haven't really heard anything about the consoles being damaged in shipping so the packaging is doing its job just fine."", ""It would've gotten fine to customers had the Gamestop employee not decided to delibrately damage them though, despite your complains about the packaging."", ""Yeah, but the original Switch was shipped in very much the same way. It would be possible to do the same with the Switch 1 as what happened in this case for the Switch 2. Wasn't a problem for 8 years."", 'I mean I get it, but if you fire people for honest mistakes it’s just going to lead to a bad work culture where people try to cover up things they’ve done wrong. I get it if they repeatedly didn’t follow instructions or were malicious, but I’ve worked for places where employees were celebrated for and encouraged to speak up when they realized they messed something up, and I think you could really see how it affected people’s attitudes.\n\nAlso, I’m sure the good publicity will go towards helping the bottom line as well.\n\nEdits for clarity..', 'Man the switch 2 is a lot more expensive than I thought.', ""Most people don't even know how income taxes *they pay* work"", 'It is pretty cool when they donate to charity isn’t it?\xa0', '300k now', 'Now it’s at 69k wtf', ""You wouldn't be tiered if you only worked a single."", '> I thought it just said the stable.\n\nAnd what would I do with the horses?\n\n> Tiered\n\nTonyZony beat me to that.\n\n> miss read\n\nhttps://ih1.redbubble.net/image.4845411419.9704/flat,750x,075,f-pad,750x1000,f8f8f8.jpg', 'If they fired him, where they going to get another one?\n\nGS Corporate: “Nobody wants to work.”', ""At this point, it's free marketing for whoever takes responsibility. \n\nThe harm is done, fixing it only creates good vibes. Customer service paradox: clients whose interaction with a business involves the business making and then painlessly fixing a mistake give better reviews than clients who only have good experiences. \n\nThere's money to be made in finding out what mistakes can be made for the easiest fix"", 'It isn’t an honest mistake it’s just a major lack of common sense. You don’t damage good regardless of what it is.', 'Yeah, and this is not even close to the level of damage I have heard of an employee surviving. Places with good workplace cultures know that things like this are going to happen. It is inevitable. Fostering a situation where people are not afraid to admit their mistakes is important in minimizing how often it does.\n\n\nThat said, I have no idea what the workplace culture of GameStop is. I have a feeling it might not be the best, but I am not sure where I am getting that from.', 'Yes, it is pretty cool when the *customers* donate.', ""Ok that's WILD hahaha"", ""\\*for minimum wage in an economy where 40 hours a week doesn't even pay your rent."", 'I’ve seen people do millions worth of damage and barely get a talking to. It may be thoughtless but it’s still an honest mistake.', 'Ha that’s true. Maybe they already have a culture where hiding mistakes is the way to go..', 'Let’s be honest, I doubt they could anything that would really change your mind about them\xa0', '$82,520 now lol', 'Over 100,000!', 'Over a trillion!', ""And the CEO tweeted last night he will be including his underwear if this hits 6 figures. I'm not even kidding"", 'It also hit 6 digits already lol']",0.7717,0.5859,0.15113253968253967
1lvrfmj,GameStop Is Auctioning Off The Stapler--And The Staple--That Damaged A Nintendo Switch 2 On Launch Day,95,https://www.gamespot.com/articles/gamestop-is-auctioning-off-the-stapler-and-the-staple-that-damaged-a-nintendo-switch-2-on-launch-day/1100-6533066/?ftag=CAD-01-10abi2f,1752088252.0,,"[""Nah this shit's an actual scam💀"", ""It's on **12,000 dollars** right now.\n\nThis will end up in a vault somewhere."", 'This isn\'t even a particularly interesting goof or anything, this is stupid lol.  Like ""oh, an underpaid Gamestop employee accidentally fucked up this Switch,"" that\'s the story you have to tell people when asked why you spent $15k on a stapler in a glass case lol.', ""This is dumb.\xa0\n\n\nThat's it. That's the comment.\xa0"", 'Is this dumber than the cardboard Wii U controllers from a decade ago?', 'At least the money is (supposedly) going to a charity.', '14k for corpo irony....', 'No thanks.', 'Was it ever reported how many people got their Switches fucked up and how long it took for them to get replacements?', 'Putting aside *why* anyone would want that, this seems like one of those things legal departments tell you not to do because it admits fault.', '*""I do believe you have my stapler, Mr. Koopa""*', 'Hustle or Scam?', 'Rob Schneider is... The Stapler', ""I'm not gonna pay you big bucks for a reference to the time *you fucked up.*"", 'Not the flex they think it is….', 'This is just more stock chicanery, right?  Like I can recall an old chestnut that whenever Anne Hathaway has a movie coming out, Berkshire-Hathaway gets a bump in their stock price because the name is floating around.  This reminds me of that, just more pathetic', ""People are dunking on this but I think this is the best marketing Gamestop has done in a while and actually cracked a smirk out of me\n\nI see comments coitizing it because this was Gamestop fucking up to begin with, but that is precisely what makes it fun: It's ballsy that they're advertising their own goof. \n\nThis is all provided it is *actually* the specific stapler that caused the incident, of course."", 'Watch Nintendo actually go out and patent that stapler', 'I thought I read it was a best buy??', 'If it’s the actual stapler then it’s a hustle. Anyone stupid enough to actually buy this thing is an idiot, but if it’s exactly what it’s advertised to be that’s not a scam. \n\nIf it’s just a random stapler that they’re lying about being “the stapler” (which it probably is) then it’s a scam.', 'over 100k', 'People will buy the most stupid bullshit the more disposable income they have.\n\nPeople eat gold flakes on their ice cream.\n\nYou know what they taste like? NOTHING! They just want to eat gold.', 'Well, the actual story would be that you gave $15k to charity and got a silly item to go with it. Not that stupid.', ""I'm a bit more lenient when its for charity, but that poor employee is never allowed to forget it huh"", 'if gamestop donates the money to a charity in their name doesnt that give them a tax break?', 'i thought it was walmart tbh', 'Gold flakes on food, while vapid and wildly overpriced, at the very least presents a feeling of luxury if you\'re, y\'know, that type of person.  It\'s something you can brag about, post online, it\'s a conversation topic.\n\nSpending, what the fuck is it at now...$13000 on this shit is boring and pointless.  The blue check GME shill quote retweets calling this ""a piece of gaming history"" are delusional, everyone forgot about this like less than a week after it happened.', 'Gold flakes dont even cost that much, too.\n\nYou can get gold foil for dirt cheap on Amazon.', ""Let's be real here, it's because they wanna poop gold"", ""The tax break they would get means they don't have to pay tax on the money they donated to charity"", ""No, this notion is brought up every time a corpo is doing some charity fundraiser shit and I've learned that it does not work like that."", '""Everybody forgot"", meanwhile this is the first I am hearing about it.', ""Honestly, I kinda respect the hustle of edible gold food. On the part of the seller, anyway. You have like $20 worth of gold leaf that won't expire held in a cabinet taking up basically no space. You put $2 of that gold leaf on a $12 burger to turn it into a $120 dollar burger in the off chance some rich dickhead wants to show off.\n\nSince it costs basically no extra overhead to have that available, you lose very little on paper by having it."", ""i always find it funny when charity and tax breaks come up together like it's some bad or nefarious thing \n  \nlike they don't keep the money lmao, how did this idea even get popular"", 'oh okay.\n\nSorry Funya_rinpa', ""Very true honestly.  Most people aren't aware you can just grab them off Amazon for cheap.  If I were running a restaurant I'd probably have it available as an optional topping somewhere, it's practically a money printer if you're in Beverly Hills or something."", 'Money laundering. Donate your dirty money to a charity in a friend\'s/relative\'s name, tax-free. The charity buys supplies they ""need"" from you with laundered money, possibly also tax-free because it\'s ""for charity."" \n\nSell some of those supplies on the black market for extra profit while doing the bare minimum to keep up the appearances of a charity. Don\'t forget to pat yourself on the back for being such a good person.']",-0.4404,0.0,-0.011454054054054058
1lvrl9a,GameStop Is Auctioning Off The Stapler--And The Staple--That Affected A Nintendo Switch 2 On Launch Day For Charity Benefiting Children’s Miracle Network Hospitals,2483,https://www.gamespot.com/articles/gamestop-is-auctioning-off-the-stapler-and-the-staple-that-damaged-a-nintendo-switch-2-on-launch-day/1100-6533066/,1752088618.0,"One infamous story that emerged from the Nintendo Switch 2 launch in early June came from the Staten Island section of New York City, where a GameStop employee stapled a receipt for the console to its box--which damaged the Switch 2's screen in the process. Now, GameStop is turning this blunder into a boon for Children's Miracle Network Hospitals, as the company is auctioning off multiple items from the incident--including the staple itself--for charity.

","[""I wouldn't be surprised if someone paid a lot money for that"", 'And the starting bit on the staple will be $450', 'Cool move', '> The charity auction includes a letter from GameStop CEO Ryan Cohen, confirming that all four items included in the auction are ""authentic relics from the now-infamous \'Staplegate\' incident."" Cohen\'s message also says that, ""while the incident itself was unfortunate, [GameStop] hope[s] its legacy serves a greater purpose.""\n\n> The four items included in the auction are as follows:\n>* The stapler used in the incident, which is described as ""a retail legend born from a half-second decision""\n>* The Nintendo Switch 2 console itself, with a repaired screen\n>* The full retail packaging of the console, ""with the staple mark clearly visible""\n>* The individual staple that damaged the console, which has been ""carefully extracted and preserved"" in an ""individual display pouch""', 'Honestly? If kids get help from this, this is probably the best way this could have ended.', 'lol I am so surprised this stapler was put to good use after all.', 'I thought it was multiple consoles. Damaged at multiple different game stops. Are you telling me it was just one system?', 'Insert, ""Have you seen my stapler"", GIF.', '[deleted]', 'Talk about taking a lemon and turning it into lemonade. What a creative way to turn a negative into a positive.', 'I was about to be a jerk and say “they’re that desperate for money?” Until I read it’s for charity.', 'I love to see GameSpot reporting on GameStop', ""> The auction--which is raising money for Children's Miracle Network, per the eBay listing--has surpassed $8,000 in bids as of this writing, with the most recent bid currently sitting at $8,110. The listing also confirms that bids on the lot will be accepted until July 16 at 9:51 AM PT / 12:51 PM ET.\n\nGamers will use the dumbest excuses to be generous. GDQ meme donations are another good example of this, and SGDQ is this week.\n\nThis isn't a bad thing at all."", '[deleted]', ""https://preview.redd.it/upbajjd3jwbf1.png?width=1426&format=png&auto=webp&s=3fc6c131d5f886f730171b412f564562766c21bf\n\nI'm not buying from this guy"", ""Kind of goofy considering it was a very niche accident that most people won't even remember in a year's time, but the proceeds go to charity so that's pretty awesome."", '$15,000+ now', 'Gamestop: ""we\'re in on the joke""\n\nAngry consumer: ""Joke?""\n\n(I\'m glad they\'re helping kids)', 'This is a good bit AND for charity. Kudos to GameStop', 'Love this', 'Kinda Awesome.', 'This is awesome lol', 'I heard they may also be turning this into a major motion picture starring Rob Schneider.', ""A bit weird ig but, at least it's helping Children's Miracle Network hospitals  like many others have also suggested\n\nIf it helps raise money for kids in need, go for it"", 'The rare positive pr move from Gamestop', 'Seems weird considering the manager of that store was in fear of losing their job and shit hit the fan but then it became a joke within GameStop. I wonder how they managed/store is doing.', 'Solid win GameStop. Good for you guys.', 'turning a pr nightmare into a charity tax credit', '“Here’s a random stapler we bought at the dollar store, we keep buying em and people keep on donating thousands of dollars to charity. Now we are tax exempt for several years from the amount we donated”\nDoesn’t seem that far of a leap', 'Wasn’t just GameStop\nBest Buy in VA Potomac Yard Center guilty.  Still waiting for a replacement.', 'I hope this shit company burns to the ground', ""That's great, but what happened to the employee that did this, did they get fired or lose their job?"", 'They could’ve got more potentially with a raffle/lottery for it. It would be insane to see it go for more than $2k.', 'Currently over $79,000 and rising quickly. Good on them.', ""Don't go thorugh game stop donate directly to charity."", ""Kinda says how crappy the box is and how poorly it's packaged if a tiny little staple was able to touch the screen."", 'This is great. \n\nBut really the Switch 2 as a whole has proven GameStop still has value. Online preordering was a mess, places like Target and Wal-Mart had issues with cancellations or delayed shipments, but GameStop was as smooth as it gets. Showed up at the store ahead of time, they got us organized and brought us in two at a time to pre-order, and then on launch they had everyone check in ahead of time for midnight pickup and finalize payment so we all had fucking tickets and could just hand the ticket and get the system, so pickup went nicely quick and orderly. Those guys knew what the hell they were doing. And I never heard any stories about GameStop cancelling preorders, either.', 'consumerism is an illness', 'well played', ""It's already at over 100K."", 'To be fair the screen shouldn’t be protected by a single sheet of cardboard.', ""I see what they're trying to do, but it's not going to work for me."", ""taking advantage of people's stupidity for charity and a tax write off? real gaming hours"", 'That’s how you do it.  Nice thinking GameStop.', ""Not going to act like this is some epic wholesome 100 chungus moment, it's obviously just a desperate PR campaign to recover what little positive reputation gamestop had left. Shouldn't be glorifying a stupid screwup"", 'Playbook for PR Damage Control.\nTurning incompetent staff and plain stupidity doing a simple job into an opportunity to deflect a gross mistake hoping nobody will remember  that', 'That\'s gonna be some buyer\'s remorse. Years from now the person is going to be trying to explain why it was funny and whoever they\'re explaining it to is gonna be like ""uhh... okay?""', 'the bidding is currently at over $13,000 and the auction still has 6 days to go.', 'Its for charity. Thats nice if so', '$106k USD right now', 'me neither', 'this is hilarious', 'I want to buy the staple but how would I explain this extra expense to my wife', 'how do you even display a staple', 'I highly doubt the ceo can confirm the authenticity. It’s probably gone through so many different hands at this point. They probably just grabbed any stapler and said there you go', 'Right? It *almost* makes me want to shop at GameStop', 'Absolutely agree.', 'I hope the employee wasn’t fired!', 'This is exactly the kind of thing that builds good will with a customer base. I really dislike how seriously brands take themselves these days. It\'s refreshing to see one go ""Remember that time we goofed? Own the goof to help kids""', 'I could never have believed such a comment without the ""Honestly"" prefacing it.', 'I’ve used ChatGPT so much that when someone starts a sentence with “honestly?” I think ChatGPT', 'I’m guessing it’s the first one reported or returned.', 'I knew it was just this one GameStop but I’m almost certain it was multiple Switches', 'Only one console damaged.', '“I believe you have my stapler?”', 'Why would the manager get fired over a mistake like this?', 'No. They were not fired.  Gamestop did a press release', ""A lot of times, retailers are leasing the space for a storefront. If I'm leasing, I'm NOT about to pay for a new A/C unit or to repair it. They probably were in a location where the OWNER can't or won't do anything about it, because in their mind, disks and consoles and accessories are not getting ruined by a hot day (most places), and they might not be able to afford it, it might even be true that they're waiting for GameStop to pull out of there and lease to someone who really doesn't care about the A/C like a smoke shop, tobacco store, head shop, vape store, etc.\n\n\nNot saying that the owner is right, just pointing out GameStop might not OWN that particular store.\xa0"", ""This isn't buying. It's a charity donation."", 'Believe it or not they have like 7 or 8 billion in cash.', '100k now', 'Things like this are really more of a fun way to get people to donate to charity. My Little Pony fans did this all the time. Charity auctions that would raise absurd amounts of money, but people were paying that extra money because of the charity aspect, not because the product or event alone was worth it.', 'Yeah I’m a little confused. Is this legit or did GameStop just never have an eBay page before? Usually the listing SAYS it benefits charity, too, but I don’t see how that on the page\xa0\n\nEDIT: the cert of authenticity also looks … questionable. The signature looks nothing like the one on his Wikipedia page.\xa0\n\nI really hope the winner isn’t donating tens of thousands of dollars to a scammer', 'I’m surprised they don’t commonly sell things', 'You don’t understand the hype around the switch 2. People have gone bonkers over it', 'Money is going to charity.  Lot of publicity came from it.', 'Good cause and free advertisement', ""You seem mad. Glad the money is going to charity let's goooo"", 'Why is that', 'Going for over $100,000 now, lol.', ""We're talking about gamers having the opportunity to do something extremely silly for charity. Sanity has no part in this"", 'I mean they could feel good about helping charity', ""It's a\xa0tax write off that has a funny story connected to it. It's money going to a charity, anyone feeling remorse over a donation shouldn't need making a donation\xa0"", ""I'm pretty sure as long as you have friends with shared interests they'll find it neat too.\n\nEven if they don't,  most collectors items are niche items as is, most of the value is self derived. Everyone talks about the 0.1% of those items that are worth 6 digits but lots of people enjoy collecting many collector items with little to no monetary value because *THEY* think it's cool and that's awesome imo"", ""Pretty sure someone's going to pay a lot of money for it and then immediately donate it to a gaming museum."", 'Many of these types of things are bought by rich bored people that buy things for the lul or just for the charity. They want to be known as the person with so much money they can waste it on this. Often times a rich influencer or crypto “capitalism winner”', ""I mean, the last time I can remember something like this was the Szechuan sauce that got auctioned for Extra Life (a gaming-related program of the same charity Gamestop is supporting here--Children's Miracle Network Hospitals).  Deadmau5 wound up buying it.\n\n[https://mashable.com/article/szechuan-sauce-rick-and-morty-mcdonalds](https://mashable.com/article/szechuan-sauce-rick-and-morty-mcdonalds)"", 'RemindMe! 6 days', 'its at 80k now holy shit', '$106k so far', '$213k as of now', 'You too could possibly own the real Switch 2 killer.', 'Staple her', ""It's helping sick children."", 'Do you think she would notice a measly $200k missing from the bank account? You’ll be fine', 'Ask r/MuseumPros', 'Amber resin, like a fossil.', 'The store where it happened probably has 1 stapler. They probably just grabbed the one stapler from the place where it happened, and boom there ya. It’s not that complicated', 'Would you like to purchase an extended warranty for your potential interest in GameStop?', 'What’s your go to for games?', ""I would like to shop at GameStop, hadn't they decided to close down all stores in Germany at the end of last year, even the ones that ran great and probably would have continued running great for years to come."", 'It was actually the Manager of the store that did it', 'Well I kind of doubt they were fired but they did damage thousands of dollars worth of brand new goods and sent them to customers, hurting the company’s reputation and requiring them to replace the damaged items.\n\nI know i’d get in some trouble if I made a fuckup like that at my job.', 'I just thought of a great scam idea', ""I mean, the official X account linked to this specific listing themselves. That's as real as it gets"", 'CEO is an interesting fella. Big Trump guy and is a little crazy. He has most recently pivoted gamestop into being an nft marketplace (which failed) and investing a lot of Gamestops liquid cash into Bitcoin. \nGiven the history of his other business he ran (Bed Bath and Beyond) I have doubts on Gamestops long term survivability under his control.', '$200,000', ""Well when you put it like that, they're the real MVP"", 'Well that’s assuming they are buying it as a donation. I do think people will genuinely buy it only for the memes, and eventually realize it wasn’t even worth it', 'Yeah, My Little Pony fans did this all the time. Charity auctions that would raise absurd amounts of money, but like, people are paying high prices more for the charity than whatever they were bidding on.', ""Tax write offs don't work the way most people think"", 'I will be messaging you in 6 days on [**2025-07-15 21:39:40 UTC**](http://www.wolframalpha.com/input/?i=2025-07-15%2021:39:40%20UTC%20To%20Local%20Time) to remind you of [**this link**](https://www.reddit.com/r/nintendo/comments/1lvrl9a/gamestop_is_auctioning_off_the_staplerand_the/n295i07/?context=3)\n\n[**2 OTHERS CLICKED THIS LINK**](https://www.reddit.com/message/compose/?to=RemindMeBot&subject=Reminder&message=%5Bhttps%3A%2F%2Fwww.reddit.com%2Fr%2Fnintendo%2Fcomments%2F1lvrl9a%2Fgamestop_is_auctioning_off_the_staplerand_the%2Fn295i07%2F%5D%0A%0ARemindMe%21%202025-07-15%2021%3A39%3A40%20UTC) to send a PM to also be reminded and to reduce spam.\n\n^(Parent commenter can ) [^(delete this message to hide from others.)](https://www.reddit.com/message/compose/?to=RemindMeBot&subject=Delete%20Comment&message=Delete%21%201lvrl9a)\n\n*****\n\n|[^(Info)](https://www.reddit.com/r/RemindMeBot/comments/e1bko7/remindmebot_info_v21/)|[^(Custom)](https://www.reddit.com/message/compose/?to=RemindMeBot&subject=Reminder&message=%5BLink%20or%20message%20inside%20square%20brackets%5D%0A%0ARemindMe%21%20Time%20period%20here)|[^(Your Reminders)](https://www.reddit.com/message/compose/?to=RemindMeBot&subject=List%20Of%20Reminders&message=MyReminders%21)|[^(Feedback)](https://www.reddit.com/message/compose/?to=Watchful1&subject=RemindMeBot%20Feedback)|\n|-|-|-|-|', ""2 hours later it's at $18,000!"", '100k only 20 minutes later! 🤯\n\n\nremember, we were here for it!', 'this is kind of incredible', 'Glad something good’s coming out of this.', 'Fook insane', ""you don't think one of the dozens of employees there didn't just take the stapler for themselves?"", 'And a pro membership?', 'Damn, they ask you? Last time I went there they just charged me for the warranty without even asking.', 'Tbf its worth it for the controllers', 'Anything other than GameStop', 'Best Buy. Their release day delivery has never failed me', 'Target or Best Buy.', 'There’s only 1. GameStop lot of these haters are just regurgitating old outdated jokes. GameStop is awesome these days', ""I'll be the one to be honest then: Amazon.\n\n\nThere. Usually cheaper on physical media over here, plus a much greater chance of things being available.\xa0"", 'Good companies know how to make it a great learning experience that has lots of downwind benefits.\n\nObvious benefit is less ruined product by making it a training point.\n\nOther benefit is if its acknowledged as a mistake but no one is punished for it, it can create an environment where workers dont instead just cover up their mistakes causing a whole slew of problems.\n\nAnother benefit is it can create loyalty with your storefront managers when they feel upper management has their backs (this was a manager that did it).\n\nThats a lot of value gained from a mistake you otherwise gain no value from.\n\nUltimately its a mistake many people could have made and I dont think it is very indicative of a bad employee,  so why go scorched earth and fire them anyway? Most companies do because they have a culture of management looking for scapegoats to appease other managers that the problem has been ""taken care of"".', 'Yeah I saw that later. And it’s over $100k now. Crazy auction', 'Do not interpret this of defense of him, it categorigical is not, he indeed showed himself up badly with his support of Taco. However, \n   \n3 years ago is not in any way ""most recently""    \n    \n500m in Bitcoin is in no way a lot of the remain 8-9billion they still hold I\'m cash     \n    \nHe never, in ANY way, ""ran"" bed bath and beyond. The only other history of other  businesses that he ran is Chewy, which he founded and sold for 3.5Billion.    \n    \n""Most recently"" GameStop reported a reduction in operating costs of 25% since his takeover, reduced losses from 200m in 2020 to 26m in 2024, whilst raising over 9Billion in cash.    \n    \nMeaning even if we ignore the most conservative estimates that their cash would easily earn 2-300m a year in interest, at current losses and zero improvement or acquisitions, it will take 36years for your(clearly educated, knowledgeable and well informed) doubt\'s on gamestops long term survivability to come about.', 'The man doesnt take a salary and believes in customer satisfaction to be the one of the most important things in his business. Yeah the dudes crazy and might be late on those trends but the company will probably live forever because of this guy', 'Sorry to comment twice but your information is wildly innacurate', ""Did you read all of the headline lol? It was auctioned for charity. You think someone is making a bid on this not knowing what it's for?"", 'It comes with RCs underwear at 100k confirmed from GameStop.', 'Im gonna say it’s decently likely an employee at that GameStop did not go “holy shit this is the stapler Josh used to accidentally staple that switch 2. I should take it home with me, it’s treasure”', 'No? Well then we can’t sell this product to you', 'Pro membership used to be an amazing deal since it came with Game Informer.', ""I work with people who used to work at GameStop and they told me they would get into trouble if they didn't have a certain amount of warranty sales."", 'I’ve seen a few who say “With your warranty the total comes to X” without asking if I want it', 'Also avoid amazon as well they suck', 'I get mine from Best Buy as well.', 'A target is opening on the 20th near me is the video game selection good?', ""He should think about taking a salary because Gamestop won't be around in a decade."", 'In what way?', 'Even if they knew it was for charity, I’m sure they’d still buy it solely for the memes and completely ignore the fact that it’s for charity.', 'I had them tell me I need a pro membership to price match. I just walked out.', 'My mom was so happy to hand me a game informer anytime we were sent one', 'It can be, depends on the location.', 'I mean this is wildy speculative. If you asked me 5 years ago i would agree with you but with how much the company has flipped financially i dont think thats the case anymore.', ""You're going to great lengths for a bonkers ass incredibly unlikely scenario, but, sure, that *could* happen.\xa0"", ""This used to be true! Now we just don't price match anymore..."", 'People down vote me for asking a single question this target has been under construction since late 2019 of poor management']",0.7184,0.5719,0.18755165562913906
1lvrtnm,W GameStop,3020,https://i.redd.it/3qhso44ngwbf1.jpeg,1752089166.0,,"['This is crazy, is this real? I mean it’s good if it’s benefiting charity I guess, but will people actually bid on this?', ""Wholesome. Glad they're able to take a joke and make something good out of it."", '![gif](giphy|Ur8g3qgbgd52eVo88J)', 'Ah, a wonderful piece of modern art, soon to be a relic of the past', ""Can someone give me some context? What's staplegate?"", 'Cringe', ""I wouldn't call this a w"", 'I’m glad it’s at least benefiting charity, that’s a good call honestly', 'Why no link?', 'Flip it for a cool mill', 'I should’ve taken a staple to the switch at a long time ago could’ve been Rich', 'TIL ""staplegate"" was the name\n\n-gate really is now a suffix for controversies', 'This from the company a reddit investment group saved from the short sellers.  How are they allowed to be open.  If you shop there or fund them in any way God help you!', 'Why.. why did I wipe.. the dots.. weren’t even at the bottom', 'How do you guys buy this shit with everything in the news right now?', 'TIL GameStop does their marketing on Reddit. \n\nPlease stop posting this dumb PR stunt and just donate to charity.', 'So like GameStop now gets a $300,000+ charitable donation slip because of a fuck up they produced.\n\nIt’s not charity if a corporation benefits as much as the charity.', 'Does it come with the employee’s pink slip? 💀💀', 'Holy shit that’s genius, and to support charity', 'Paying for this is crazy', 'Humans are strange creatures.', 'Thats *so* fucking funny', 'Over enthusiastic employee? Why is the console not in between foam?', 'No doubt they will bid on it.', ""It truly makes me sad how many people out there have WAY more money than sense, but yes. Some chronicially depressed ADHD billionaire out there will buy this because they are bored.\n\nIts a good thing I'm broke."", 'I mean. It’s not the worse exhibit for a museum', ""Lmao for charity? Hell yeah I'd bid"", 'People bought streamer bath water. SOMEONE on this planet is gonna be willing to buy this 100% guaranteed.', 'People go crazy over cardboard cards…', 'People are willing to bid more if it goes to charity', 'Over 200k with several days left lol', 'Too bad they couldn’t keep that same energy with Palworld. Fuck Nintendo.', 'An employee accidentally stapled the receipt to the box in the wrong place. Unintentionally stapling a hole in the console.', 'Raising money for sick children is definitely cringe', 'You hate raising money for Children’s Hospitals?\n\nWeird take', 'https://www.gamespot.com/articles/gamestop-is-auctioning-off-the-stapler-and-the-staple-that-damaged-a-nintendo-switch-2-on-launch-day/1100-6533066/', 'Now? It has been for decades…..', 'https://en.m.wikipedia.org/wiki/List_of_-gate_scandals_and_controversies', 'Oh my God, are people not allowed to have fun anymore? It would have cost you nothing to not be such a shitstain. Go donate that', ""Currently at $20,100 with 6 days and 17 hours to go. Bidders with a good amount of feedback too. Kinda nuts\n\nEdit: In the last couple minutes it jumped to $38,100 lmao\n\nEdit2: Now it's at $69,900 lol, I feel like GME bros are going to get this to the moon... imma stop checking.. link to the item is here: [https://www.ebay.com/itm/388688595731](https://www.ebay.com/itm/388688595731)"", 'i mean, in this case its at least going to charity', 'I mean this is going to charity so having this type of attitude about a charitable donation is certainly a choice.', ""I'd bid 600 for the memes and the kids."", ""I mean, if I was a billionaire, this is how I'd buy a Switch 2.\n\nI have some fun bidding, I get the Switch, and I give something to charity. Triple win."", 'If I was a billionaire, why not? 1 million would be like your happy meal.', ""This is GameStop we're talking about"", 'Palworld very obviously copied Pokemon. The character designs are where it’s apparent. Search up some comparisons', ""Yikes. Hope it wasn't too damaged after that."", 'Why would they staple anything onto the box? Put it into the plastic bag like everyone else, or just hand it over', ""I'm glad there's a good cause here too!!"", ""I didn't see it in the photo. It's below the cut off in the preview. Not my fault Instagram post design is bad"", 'Thank you', 'Read again, I know about the use of -gate recently but I didnt think it was a real thing', 'Is the fun in the room with us now?\n\nBecause all I see is a corporation trying to PR spin a fuckup. To be clear, I was fine reading about it once.', 'Fuck GameStop', ""Currently at 82,520 with 6d 15h left lol. Absolutely bonkers, I'm tempted to bid just for the heck of it."", ""Now it's $105,995!!! 🤓 \n\nETA: now it's $107,395 with only 6 days 13 hours to go!\n\nETA: up to $205,100 now with 5 days 12 hours to go!! 🤑"", ""it's at $110,100, jesus fucking christ"", ""It's just under a quarter million right now...  Absolutely nuts."", ""Yeah, it's hard to feel negative over it when it's for a good cause."", 'You know the thing about charities is that if I cared so much about a particular charity, why dont I donate the money directly to them myself instead of GameStop looking like they are taking all the credit, huh?', 'Its up to over 100,000 which proves I was right. \n\nPeople who became billionaires through their own efforts usually have a proper respect for their money.  Those who inherited or those who have some sort of guilt about maybe obtaining it a bit too easy, do not properly respect their money.\n\nMost successful self made millionaires, or billionaires are frugal with their money.\n\nSpoiled children buy everything under the sun because they have the urge to do so like how I buy physical Switch games.', 'Oh then i rescind my statement. My bad.', 'i did and no, not that it matter because Nintendo isnt sueing for that', 'Nintendo’s lawyers do not seem to agree with your statement, because they did not sue over any creature designs, only for patents for throwing balls to catch monsters, riding captured monsters and path-finding algorithms for large groups of characters.', ""Broke the screen because Nintendo wanted a more aesthetic opening so the screen was  vary close to the lid of the box.\n\nAnd it wasn't just One box it was several of them.\n\nI am very grateful my GameStop didn't secure receipt to box at all."", 'While the console was operational, the screen was affected and had holes in it.', 'No problem!', 'Now it’s 107,595', '$119,064 as of today, with 5 days and 18 hours to go!', 'You get a famous stapler out of it and a great story to tell', 'Because it’s an incentive, like how WWF give you a panda bear plush!', 'Because you’re taking part in a fun promotion put out by GameStop where you get to have a small piece of gaming history while simultaneously donating to charity. I would 100% rather some rich dude spend his money on this rather than the millions spent on gatcha games or loot boxes or skins or whatever else companies put out for whales to buy.', 'Because when donating to charity it really shouldnt matter who takes the credit anyways. Donate and get something in return? Yes please lmao', 'I know people who do both.\n\n\nThey donate regularly while also partaking in silly little auctions for the sole fact ""it needs participants and either way its going to charity still""', ""I mean its likely troll bids and won't ever actually sell."", '[deleted]', '\xa0Because they legally cant sue over that, so they found something that they could\xa0', 'I remember learning about them also using patents to sue a game that very clearly used the anim characters, heck it was literally just using pokemon themselves, it just seems like their way of doing things', 'Patents that they owned, like it or not.\n\nI don’t like that Warner owned The Birthday Song for almost a century (it’s public domain now). I don’t like that Universal and Great Wolf Lodge own the best wand design patents. But they own them.\n\nIf Palworld violated the patent, then it violated it. We’re free to feel however they want but in a court of law, that’s what mattered. Listen, I think it was a stupid patent to grant. Same with loading screen games.', ""To add to this, I read that it's a very common thing to staple the receipt to boxes so a good amount of systems were potentially affected there too."", ""You're here, too? Small world xD"", '!remindme 6 days', '$123,100.00 now. This is actually really wholesome of Gamestop to do. I am curious though, what happened to the employee who stapled so hard they damaged a launch day switch. I hope they kept their job, assuming that it was an accident.', 'I think the idea that this is some museum worth piece is pushing it.\n\nAnd we dont even know if its a legit Swingline or not yet.', 'China owns every single Panda bear on the planet.  Or so they claim.  Some sort Nationalistic state property mumbo jumbo, and I still remember how the WWF filed lawsuit against the World Wrestling Foundation over branding that had been in existence in that form for over 20 years by the time of the lawsuit.\n\nSo, screw them.', 'Its exactly the same kind of addiction.', ""You're right, it shouldn't.  Charity should be done in private.  It shouldn't be some shady ass company with questionable labor practices and, who by the way, nearly went bankrupt and out of business a few years ago trying to paint some picture about how much of a wonderful company they are that cares."", 'I was thinking the same thing.  I \\*hope\\* people with that kind of money have more sense than that becuase that kind of FU money usually means they have the ability to shape the course of history.', 'It’s ok bro I’m not mad about it, it happens. Plenty of people doing what I did and not fully reading the post before commenting. Sometimes we see things and blurt out opinions, and others flock to argue. I’ve been on this here internet for a long time and said a lot of unpopular things, and I’m sure I’m not done.', 'You can definitely sue over partially plagiarized art. It just happened to Bungie.', 'I think they did attempt to sue over character design but it was thrown out because it just wasn\'t provable. There\'s thousands of mons out there. If you look on PC alone, there\'s a ton of indie mon games. So singling out Palworld for its design of its ""pals"" would open the floodgates.', 'I did not offer any opinion on whether the lawsuit was frivolous or if Nintendo’s claims were justified. I don’t have nearly enough information to determine whether Palworld was technically infringing on Nintendo’s patents. I was simply stating the facts of the details of the lawsuit. Character designs and art did not factor into it at all.', '![gif](giphy|1M9fmo1WAFVK0)', ""It would be a good idea to open one up and look for a spot to safely staple the box, to not damage anything. I'm sure some employees bought one so they could've looked first."", 'I will be messaging you in 6 days on [**2025-07-16 11:59:44 UTC**](http://www.wolframalpha.com/input/?i=2025-07-16%2011:59:44%20UTC%20To%20Local%20Time) to remind you of [**this link**](https://www.reddit.com/r/casualnintendo/comments/1lvrtnm/w_gamestop/n2ckaqc/?context=3)\n\n[**17 OTHERS CLICKED THIS LINK**](https://www.reddit.com/message/compose/?to=RemindMeBot&subject=Reminder&message=%5Bhttps%3A%2F%2Fwww.reddit.com%2Fr%2Fcasualnintendo%2Fcomments%2F1lvrtnm%2Fw_gamestop%2Fn2ckaqc%2F%5D%0A%0ARemindMe%21%202025-07-16%2011%3A59%3A44%20UTC) to send a PM to also be reminded and to reduce spam.\n\n^(Parent commenter can ) [^(delete this message to hide from others.)](https://www.reddit.com/message/compose/?to=RemindMeBot&subject=Delete%20Comment&message=Delete%21%201lvrtnm)\n\n*****\n\n|[^(Info)](https://www.reddit.com/r/RemindMeBot/comments/e1bko7/remindmebot_info_v21/)|[^(Custom)](https://www.reddit.com/message/compose/?to=RemindMeBot&subject=Reminder&message=%5BLink%20or%20message%20inside%20square%20brackets%5D%0A%0ARemindMe%21%20Time%20period%20here)|[^(Your Reminders)](https://www.reddit.com/message/compose/?to=RemindMeBot&subject=List%20Of%20Reminders&message=MyReminders%21)|[^(Feedback)](https://www.reddit.com/message/compose/?to=Watchful1&subject=RemindMeBot%20Feedback)|\n|-|-|-|-|', 'Over $200k now', 'Its a funny thing that is for charity. People like funny things and people like charity.', 'You know practically anything you see in a museum earned its place mainly because a bunch of people decided to give it some (monetary) value. To whatever price this thing gets sold, the actioning and the person paying will define if it has some worth and eventually give it a legitimation as a collector piece.', 'It was an example, I’m not a fan of WWF either, an incentive helps with people donating to charity, charity shops are a big part of that too', 'That makes no sense. One goes to a good cause while the other goes to a soulless company. One adds positivity to the world while the other lines the pockets of shareholders. Those are literally different things. Also, addictions to positive things are rarely seen as bad.', '“Do you want to be lying dead in a gutter somewhere because you donated to hungry children one too many times?!”', 'Or its the board running up the bids', 'Palworld reused assets of mons.', 'And all those have more distinct designs than 90% of palworld lmao', ""Set the receipt isn't lost. It's common when consoles are pre-ordered so the store can keep everything together and have the proof of purchase right there when they hand the console over."", 'I mean to be fair why would you ever think that a delicate part of the system would be close enough to the outer cardboard to be damaged by a staple? This is on Nintendo entirely.', ""217k and could include Ryan Cohen's undies and a free feed at McDonald's!"", 'I wish I had 100k to spend on “funny” things', ""Exactly. If people didn't just decide the Mona Lisa was worth a lot it would just be considered some random painting"", ""Yep and all these downvotes perfectly explains the bell curve, doesn't it?"", ""People tend to do what is in their rational self interests.  That may be something as simple as getting a plushie or it may be trying to project a certain image.  Or to lie to themselves that they are somehow a caring and compassionate company.  \n\nI'm not a Christian and I tend to give them a lot of crap too, for example I live by the idea that you should never do business with a man who has a fish on his business card.  In otherwords if someone is going out of their way to project or convince you that somehow they are a good person .. they are probably lying.  Same goes for any business that has a Jesus Saves sign in their business or in my town we dont do business with people who claim they are Proud Aggies or use Texas A&M maroon or anything like that because we know usually they are full of crap and they are trying to emotionally manipulate people.  \n\nNever trust people like that.\n\nBut at the same time giving in private is very Christian principle, and I agree with that."", 'It makes no sense to YOU.', 'Not unless they were my kids.  Theres a certain truth about not wanting to draw too much attention to yourself.', ""Wasn't that fabricated by some dude on Twitter who then admitted that he faked them? Look I like pokemon and Palworld but I'm not going to take sides on it like their football teams. But as far as I know those were fabricated and if that was true that they stole assets then nintendo would have already won this lawsuit."", ""Ok like coromon for instance, I can look at a good number of them and can instantly think of the pokemon that it's probably based on or the creator drew inspiration from. But I think it's different doing 2d to 3d as it's easier to make differences. Mons are based on animals for the most part so they are all going to end up very similar. Belut for simplicity and performance it would make sense that Palworld wouldn't have over the top models."", 'oh that makes much more sense. I was picturing them stapling your receipt in front of you at checkout', 'Theres a neat invention called tape', ""No, it explains your depressing cynical attitude. You're shitting on a charity auction. Reevaluate your life and try a little joy sometime. If you're not gonna add anything constructive, don't comment. It's a silly auction for a good cause."", 'I guess I get what you mean… but mostly I was just saying that giving $25 or whatever to a charity is much less enticing than spending $25 on a nice jacket that could last for years! \nAs someone who works for and has worked for charity’s, the elderly are the one that break the rules here, they just donate monthly or give big at Christmas etc.', 'No the logic isn’t there. If it makes sense to you then you’re you have a warped sense of logic.', 'Oh, maybe hungry opinion was wrong', 'I heard they did win no ?? Successfully took down the flying animation which was stolen and a design. I may be wrong though', 'Dude seriously.  This is the case of a shitty company doing something shitty and doing their best to make lemonade out of lemons.  They get to write off the value of the Switch + Stapler + display case and person that wins this auction gets a tax write off for the value they bid and won the auction at.\n\nIts a stupid auction and the fact that you see rainbows and gumdrops and unicorns is the most disturbing part about it.  It shows you make dopamine fueled emotional decisions and are incapable of critical thinking.', 'No the lawsuit is still going, the developer just keeps changing things to dodge bullets. They\'re going to win because it\'s a game, it\'s not the same as a product that once finished it can\'t be changed. Every thing that nintendo brings up, they quickly change, or they preemptively change before they have a chance to bring it up just in case. If they do win, then I\'d imagine they can change a lot of things back. I mean I\'d imagine a judge would look at this and say ""what about all the other games that have similar features?"" They really did single out Palworld.']",0.0,0.0,0.190488
1lvrz3j,$12k GameStop stapler. Best timeline,1632,https://i.redd.it/4p0ouqhphwbf1.jpeg,1752089525.0,,"[""[Why GME?](https://www.reddit.com/r/Superstonk/comments/qig65g/welcome_rall_looking_to_catch_up_on_the_gme_saga/) || [What is DRS?](https://www.reddit.com/r/Superstonk/comments/ptvaka/when_you_wish_upon_a_star_a_complete_guide_to/) || Low karma apes [feed the bot here](https://www.reddit.com/r/GMEOrphans/comments/qlvour/welcome_to_gmeorphans_read_this_post/) || [Superstonk Discord](https://discord.gg/hZqWV2kQtq) || [Community Post: *Open Forum*](https://www.reddit.com/r/Superstonk/comments/1ipojer/open_forum/) || [Superstonk:Now with GIFs - Learn more](https://www.reddit.com/r/Superstonk/comments/1cr37r7/superstonk_gets_its_gif_on_get_hyped/)\n\n------------------------------------------------------------------------\n\nTo ensure your post doesn't get removed, please respond to this comment with how this post relates to GME the stock or Gamestop the company.\n\n------------------------------------------------------------------------\n\n\nPlease up- and downvote this comment to [help us determine if this post deserves a place on r/Superstonk!](https://www.reddit.com/r/Superstonk/wiki/index/rules/post_flairs/)"", 'Just imagine if this gets into the $100k range. The free publicity alone ...', 'Underwear included', 'Mmmm I can feel the hype brewing', 'Link?', 'Found RC.', 'Finally a reason for me to visit eBay', 'Whales exist and they do not care about numbers that make sense to us. I won’t say how I know because of fear of doxxing but I will say in my experience all it takes is a dick measuring contest between two whales in one auction and I’m sure there’s more than that in this community.', 'What’s the lore?', 'Pump it', 'Had to screenshot before i upvoted\n\nhttps://preview.redd.it/xnu6v8s62xbf1.png?width=1008&format=png&auto=webp&s=a0d195d00d74d484fefcd18973151ec9b4a0d5ee', 'Someone tell Mark Cuban', 'The Q&A gave me a good laugh as well!\n\nhttps://preview.redd.it/suremiow8xbf1.jpeg?width=1179&format=pjpg&auto=webp&s=d42b0ca686d55cf8f4c5ba3af196a78e89d78c23', 'Honestly, they should have graded it first.', 'eBay stopped me at 15k…', ""If this damaged item can reach such absurd amount, what makes you think that GME prices can't reach into the thousands?"", '69,900 now.  Hahaha nice', '69,900', 'inb4 bid duration as new hype date countdown', '100k now 😍', 'DFV needs to buy this', '![gif](giphy|eruVMzXlb70oo)', 'Why wouldn’t one buy GME instead?', 'Winning big placed by username:\n“KGill42069”', '![gif](giphy|ULyYV5amK2eYM)', '212k rn', '6 days to go. Pretty sure this will make news.\n\n\nWhat a crazy proof of community this is.', 'Friendly reminder. Only a couple years back nfts sold for millions......................... And those are literally like nothing. This. This is literally like something, like a stapler, a broken console, a staple itself, and whatever the other thing is plus a certificate of authenticity. Easily worth billions.', 'You also get Ryan Cohens underwear, too!', ""It's up to 69,500 right now."", 'Have you checked the price recently?', 'Its currently at 105k', ""Well my friend it's at 105k"", '105k now...', 'Boom already there..... 🤯🥳', 'Already fucking did!!!!!', 'It’s hit $100k and climbing and Ryan Cohen’s underwear is also in the bid.', '$101000 last I saw.', 'It’s over $100k now. 👀', 'Me seeing a stapler go for $13k on eBay\n\nvs seeing the CEO of GameStop include his underwear with it\n\nhttps://preview.redd.it/p06flhkakwbf1.jpeg?width=159&format=pjpg&auto=webp&s=7ff6be52b3b04e55a01d4241751c202f967b3eff', 'https://www.ebay.com/itm/388688595731\n\n$15k wtfff', ""It's actually a good spot to get manufactured produced stuff at discount. The best I can make sense is that these are folks who either stole or bought a giant container and sold the stuff inside.\n \nI've gotten brand new Hokas, kitchen appliances, etc. for like 75% off. I've never had an issue with bad products and if there were, eBay has a guarantee. I used to not care for eBay, but it absolutely has its benefits"", 'Massive', ""Plus it's a charitable write off"", 'gamestop employee used the stapler to staple receipts to switch 2 boxes and ended up hitting the screen; became a meme online and here we are', 'https://preview.redd.it/9ty9hdh7wxbf1.jpeg?width=1440&format=pjpg&auto=webp&s=550f431a4efb2df3284cbda5442bd5e06e5a13fe\n\nAlso...', 'Im ootl. What happened with the stapler?', 'I might be wrong but I think they said they repaired the console.', 'The official listing should mention everything in the bundle, and then add ""... but the winning bidder also has to take one pair of Ryan Cohen\'s underwear. Sorry.""', 'Yeah 😂 just found it thanks', '16.2 now', 'Commenting to save link <3', '!remindme 6 days', 'Thanks. \n\nThis seems like a Nintendo problem. Why package the screens so close to the box? Surprised a lot of them haven’t smashed', 'It was used to staple a receipt to a switch 2 that damaged the switch 2 and GameStop reimbursed the customer and confiscated the stapler', 'One store was stapling the receipts to the new Switch boxes,  accidentally damaging the screens. This is THE stapler.', 'I believe ""replaced"" is the word you are looking for. And yes they did. It is great publicity for our company. People know they will be treated right at our stores. If something is damaged we replace it no fuss. Is the message being sent', '18k now and 17.5k viewed the listing already\xa0', 'I will be messaging you in 6 days on [**2025-07-15 23:00:58 UTC**](http://www.wolframalpha.com/input/?i=2025-07-15%2023:00:58%20UTC%20To%20Local%20Time) to remind you of [**this link**](https://www.reddit.com/r/Superstonk/comments/1lvrz3j/12k_gamestop_stapler_best_timeline/n29l296/?context=3)\n\n[**2 OTHERS CLICKED THIS LINK**](https://www.reddit.com/message/compose/?to=RemindMeBot&subject=Reminder&message=%5Bhttps%3A%2F%2Fwww.reddit.com%2Fr%2FSuperstonk%2Fcomments%2F1lvrz3j%2F12k_gamestop_stapler_best_timeline%2Fn29l296%2F%5D%0A%0ARemindMe%21%202025-07-15%2023%3A00%3A58%20UTC) to send a PM to also be reminded and to reduce spam.\n\n^(Parent commenter can ) [^(delete this message to hide from others.)](https://www.reddit.com/message/compose/?to=RemindMeBot&subject=Delete%20Comment&message=Delete%21%201lvrz3j)\n\n*****\n\n|[^(Info)](https://www.reddit.com/r/RemindMeBot/comments/e1bko7/remindmebot_info_v21/)|[^(Custom)](https://www.reddit.com/message/compose/?to=RemindMeBot&subject=Reminder&message=%5BLink%20or%20message%20inside%20square%20brackets%5D%0A%0ARemindMe%21%20Time%20period%20here)|[^(Your Reminders)](https://www.reddit.com/message/compose/?to=RemindMeBot&subject=List%20Of%20Reminders&message=MyReminders%21)|[^(Feedback)](https://www.reddit.com/message/compose/?to=Watchful1&subject=RemindMeBot%20Feedback)|\n|-|-|-|-|', 'Heh... neat', '""REFURBED""', '$20.1K... Gotta pump those numbers!', '![gif](giphy|XeklqpqxxifwLgT1Td)', ""I don't know man. Im half drunk in an airport"", 'Alright, how’s $38.1k?', 'I do recall reading about GameStop replacing damaged switch 2 which leaves me to believe they got new consoles', '$69,900 now!', 'Nah I checked the eBay description, this one in particular was refurbished by GameStop. They included the serial number so I assume they repaired it themselves to build even more value and authenticity for StapeGate.', 'Now thats a jump..... i feel like this is a pregame or something 😅', 'No one bid $69,420 and that feels like a missed opportunity. $69,400 was bid though', '$105k+ now.', 'Must be RK vs RC bidding 😅...']",0.6369,0.0,0.12048750000000001
1lvsvso,Here’s how GameStop took a PR disaster and flipped it into a win for fans—and for charity:,435,https://i.redd.it/6bclwcr4owbf1.jpeg,1752091685.0,"GameStop Brand Marketing Manager:

Looking for something...""interesting""? 

This is how do you go from a StapleGate PR Nightmare to Brand Win 

 What did we do when our team accidentally stapled through a bunch of Nintendo Switch 2 boxes… and damages the screens on the biggest launch of the year?


We acted fast and made it right. And then? We turned it into something bigger.

**Here’s how GameStop took a PR disaster and flipped it into a win for fans—and for charity:**

**🛑 Located the stapler at the store (yes, for real)**

**🎁 Replaced every damaged console**

**📣 Owned the moment with a tongue-in-cheek “Staples Not Included” campaign on Social**

**❤️ Turned the infamous stapler, staple, and **Switch 2 console into a charity auction**

 **💸 Proceeds go to Children’s Miracle Network Hospitals**

It’s now one of the most accidentally iconic product launches I’ve ever led. And a reminder that brand trust isn’t built on perfection. It’s built on how you respond when things go sideways.

And hey, if you want to own a piece of retail history (and support a great cause), the auction’s live now on ebay.

Sometimes the best stories start with a bad staple. ","[""# [Computershare DD series- The Infinity Squeeze](https://www.reddit.com/r/GMEJungle/comments/pupgic/computershare_dd_series_part_6_infinity_squeeze/?utm_source=share&utm_medium=web2x&context=3)\n\n**Running list of resources for DRS around the world:**\n* [In the EU- How to get mail in under 2 weeks, and cheaper](https://www.reddit.com/r/GMEJungle/comments/rcm54r/dear_euroapes_you_dont_need_to_wait_46_weeks_for/)\n* [10 steps to DRS and Buy Directly on CS for Apes around the World](https://www.reddit.com/r/GMEJungle/comments/q40u7z/10_steps_to_drs_and_buy_directly_on_computershare/)\n* [A 3 part series with detailed Broker-by-Broker instructions](https://www.reddit.com/r/GMEJungle/comments/pwb3pl/transferring_shares_to_computershare_part_3_a/)\n* [International Apes from 200+ countries can transfer their shares](https://www.reddit.com/r/GMEJungle/comments/pyl5uw/international_apes_can_transfer_shares_to/)\n* [And can buy directly through CS once the account is established](https://www.reddit.com/r/GMEJungle/comments/q16f43/uk_ape_buying_gme_directly_from_computershare/hfd0rdk/?context=3)\n* [International Apes' Guide to the Galaxy](https://www.reddit.com/r/GMEJungle/comments/pu15ot/international_apes_computershare_us_drs_transfer/)\n* [Computershare AMA Part 1](https://www.reddit.com/r/GMEJungle/comments/rloc2f/computershare_dd_series_ama_part_1_with_paul_conn/)\n* [Computershare AMA Part 2](https://www.reddit.com/r/GMEJungle/comments/rlota7/computershare_dd_series_ama_part_2_with_paul_conn/)\n* [Book vs. Plan Update](https://www.youtube.com/watch?v=9H_pEIhIdTo)\n* [How to change plan to book online and keep DRIP (no phone call)](https://www.reddit.com/r/GMEJungle/comments/rn4eh8/computershare_step_by_step_instructions_to_change/)\n\n\n**If you're having trouble commenting, remember only approved users can comment and post in the Jungle. We are not accepting approval requests at this time.**\n\n*I am a bot, and this action was performed automatically. Please [contact the moderators of this subreddit](/message/compose/?to=/r/GMEJungle) if you have any questions or concerns.*"", 'But what does buck the bunny have to say?\xa0', 'How do you find this on eBay?', 'idk about other customers, but i’m delighted', 'This is the best way to handle a PR disaster (StapleGate), with excellent customer svc, and turning the situation into a positive, then going above and beyond to pay it forward giving to a charity. Delightful! 🎆', '$82k with 6 days 15 hours to go...', 'Buck is busy with his push start arcade reveal soon. 🍻', '**https://www.ebay.com/itm/388688595731**\n\n**Current: $16.7k, 126 Bids**', 'Same! GameStop PR team works effectively that even the CEO posted it and will include his *underwear* if it reaches six figures 😭', ""I 💯% agree.\n\nEven though some don't like this LinkedIn post but hey, it's GameStop PR team doing its job, posting left and right on various GameStop social media accounts to counter the negativity being put out by social media outlets/personalities with huge followers."", 'Thanks for the update! 🫡', 'Thanks ape. Sadly not showing for me in uk\n\nEdit: I mean your link works, but find it on my eBay app', '$18k now.  Some glorious ape is doing a lot for charity.', ""What's not to like? No pushback here! It's important to show the positive work that GameStop's PR team is doing to counter all of the negative SM accounts, giving credit where credit is due."", ""You're welcome. Is eBay blocked in UK though?\n\nhttps://preview.redd.it/mfndvv44rwbf1.jpeg?width=1290&format=pjpg&auto=webp&s=14224ef2c524c5adb8d17090011bce57de1542ea"", 'whew 😮\u200d💨 may the highest bidder be blessed more 💯', ""You know, I post on other gme sub as well but I understand that GME team can't please all of us and that's ok. 🤗"", 'I’ll try different ways. Let you know 💪', 'It’s 107k now !!!!', 'This is true. 👊💜']",0.3612,0.9711,0.24566500000000002
1lvswfs,Here’s how GameStop took a PR disaster and flipped it into a win for fans—and for charity:,423,https://i.redd.it/jy5728z8owbf1.jpeg,1752091726.0,"GameStop Brand Marketing Manager:

Looking for something...""interesting""? 

This is how do you go from a StapleGate PR Nightmare to Brand Win 

 What did we do when our team accidentally stapled through a bunch of Nintendo Switch 2 boxes… and damages the screens on the biggest launch of the year?


We acted fast and made it right. And then? We turned it into something bigger.

**Here’s how GameStop took a PR disaster and flipped it into a win for fans—and for charity:**

**🛑 Located the stapler at the store (yes, for real)**

**🎁 Replaced every damaged console**

**📣 Owned the moment with a tongue-in-cheek “Staples Not Included” campaign on Social**

**❤️ Turned the infamous stapler, staple, and **Switch 2 console into a charity auction**

 **💸 Proceeds go to Children’s Miracle Network Hospitals**

It’s now one of the most accidentally iconic product launches I’ve ever led. And a reminder that brand trust isn’t built on perfection. It’s built on how you respond when things go sideways.

And hey, if you want to own a piece of retail history (and support a great cause), the auction’s live now on ebay.

Sometimes the best stories start with a bad staple. ","[""Welcome to r/GME, for questions in regards to GME and DRS check out the links below!\n\nDue to an uptick in scammers offering non official GameStop merchandise (T-Shirts)\n\nDO NOT CLICK THE LINKS THAT ARE NOT OFFICIALLY FROM GAMESTOP. \n\nWe have partnered with Reddit directly to ensure the Communities Safety.\n\n[What is GME?](https://www.reddit.com/r/Superstonk/comments/qig65g/welcome_rall_looking_to_catch_up_on_the_gme_saga/?utm_source=share&utm_medium=ios_app&utm_name=iossmf)\n\n[GameStop's Accomplishments](https://www.reddit.com/r/GME/comments/x3hv46/list_of_official_gamestop_accomplishments/?utm_source=share&utm_medium=ios_app&utm_name=iossmf) \n\n[What is DRS? US / International](https://www.reddit.com/r/Superstonk/comments/ptvaka/when_you_wish_upon_a_star_a_complete_guide_to/?utm_source=share&utm_medium=ios_app&utm_name=iossmf)\n\n[ComputerShare International DRS Support](https://www.reddit.com/r/GMEJungle/comments/r9euj1/computershare_upgrades_drs_support_for/?utm_source=share&utm_medium=ios_app&utm_name=iossmf) \n\n[Feed The Bot Instructions](https://www.reddit.com/r/GMEOrphans/comments/qlvour/welcome_to_gmeorphans_read_this_post/?utm_source=share&utm_medium=ios_app&utm_name=iossmf)\n\n**Power To The Players** \n\n\n*I am a bot, and this action was performed automatically. Please [contact the moderators of this subreddit](/message/compose/?to=/r/GME) if you have any questions or concerns.*"", '#https://www.ebay.com/itm/388688595731\n\n...\n\n**Current: $16.7k, 126 Bids**', 'I love this company genius', 'I wish they’d just buy more crypto before the next move to 150k', 'Explain the “win for fans”\n\nAnd how it’s before the win for charity?', 'What a masterclass. Let the PR team run the investment strategy. /s', 'I love GameStop ❤', ""what happened to that black dude with short dreads/braids that was GME's social media manager or something? \nHe used to post a lot on social media and his posts often ended up on the GameStop subreddits.\n\ndid he quit after he realized MOASS wasn't imminent?"", 'Current bid is now $69,900… Coincidence? I think not!', 'Now can they address the fact that my local GameStop back doors Pokemon cards. Popfindr will show amounts of 20+ items in stock and the store is “sold out” when you go in person. Then for the next couple days you’ll see the inventory slowly creep down to zero in even increments of 5 until none is left. It’s happened for the past 3 drops already starting from the prismatic booster bundle week.', 'I hate to see a gamestop employee publicly make theirself look so cringe.\n  \nIt\'s only ""*One* of the most accidentally iconic product launches you\'ve ever led""? Oh, please Ian, do go on. Tell us about the others! What was *THE* most accidentally iconic product launch you\'ve ever led, Ian? Please, dazzle us with your words and sentence structure and line spacing and endless corporate success stories, Ian!\n  \n""Sometimes the best stories start with a bad staple.""\n  \nOh, what a zinger that one, Ian. They sure do.', 'You cant be serious', 'I mean, it is a decent PR stunt and I get that having a brand management career means touting your wins, but the level of backpatting feels disproportionate to the good will generated, and also I’m 95% sure ChatGPT wrote most of that post.', 'Mastery', ""That's awesome - thanks for sharing!"", 'Currently $69,900. Nice', '106k and change atm', 'Positive sentiment and a raised sum that goes to charity.', '![gif](giphy|Y2ZUWLrTy63j9T6qrK|downsized)', 'Yeah the weird self-aggrandizement on this one is super cringe-worthy.', ""You're welcome! 🍻"", 'In just 5 hours. Damn apes are filthy rich! 🤑🤑🤑', 'Kind of bummed it’s above $69420, but this is for charity! Also RC is throwing in his underwear if it breaks $100k.\n\n![gif](giphy|B1VpvEqMb7YUaoVRMB|downsized)', '$108k fuck me']",0.3612,0.9711,0.35834583333333336
1lvswwp,Here’s how GameStop took a PR disaster and flipped it into a win for fans—and for charity:,3035,https://i.redd.it/9jg87cjcowbf1.jpeg,1752091759.0,"GameStop Brand Marketing Manager:

Looking for something...""interesting""? 

This is how do you go from a StapleGate PR Nightmare to Brand Win 

 What did we do when our team accidentally stapled through a bunch of Nintendo Switch 2 boxes… and damages the screens on the biggest launch of the year?


We acted fast and made it right. And then? We turned it into something bigger.

**Here’s how GameStop took a PR disaster and flipped it into a win for fans—and for charity:**

**🛑 Located the stapler at the store (yes, for real)**

**🎁 Replaced every damaged console**

**📣 Owned the moment with a tongue-in-cheek “Staples Not Included” campaign on Social**

**❤️ Turned the infamous stapler, staple, and **Switch 2 console into a charity auction**

 **💸 Proceeds go to Children’s Miracle Network Hospitals**

It’s now one of the most accidentally iconic product launches I’ve ever led. And a reminder that brand trust isn’t built on perfection. It’s built on how you respond when things go sideways.

And hey, if you want to own a piece of retail history (and support a great cause), the auction’s live now on ebay.

Sometimes the best stories start with a bad staple. ","['Hey OP, thanks for the Social Media post. \n\nIf this is from Twitter, and Twitter is NOT the original source of this information, this WILL get removed!  \nPlease post the original source!  \n\n**Please respond to this comment within 10 minutes with the URL to the source**  \nIf there is no source or if you yourself are the author, you can reply `OC`', 'Brand manager killing it.', ""I don't want to bid for anything I want my shares to have value."", 'I dont understand why stapling one single switch 2 accidentally is called a PR disaster.. so dramatic', '[**https://www.ebay.com/itm/388688595731**](https://www.ebay.com/itm/388688595731)\n\n**Current: $16.7k, 126 Bids**\n\nhttps://preview.redd.it/toaozcjdrwbf1.jpeg?width=1290&format=pjpg&auto=webp&s=6599447dd34e949774b7d4375cc317511c91155a', 'Instead of a LinkedIn warrior post bro coulda just said we are auctioning our “infamous” stapler & proceeds go to charity.', 'It was never a disaster to begin with. Don’t create FUD for the enemy.', 'I love that they refurbished it, this is a golden moment for GameStop. It’s hilarious and it will all be for a good cause now. That’s a dope community!', 'Absolute Chad', 'https://preview.redd.it/yffypze9mxbf1.jpeg?width=1536&format=pjpg&auto=webp&s=fbfabeca155e781bde3522a993cff5aa97301680', ""First I've heard of the issue ever happening, and I'm here everyday."", 'I heard from a friend of a friend who was there on the night - that this thing went off like a 9mm.', 'Should this have been graded and sold via special auction on the gamestop website?', 'How many ended up getting stapled? Only one?', 'Cringe to praise your own ideas', 'Is it standard practice to staple receipts to boxes? Who even does that', 'I fucking love it. Class act in my opinion.', 'AI post', 'DFV needs to buy', 'I love my company', 'They *did* locate their staple stock and deliver!', ""He's about to find out that being a stapler is harder than it looks"", ""This will be a good item to showcase how bad ebays shill bidding problem has gotten. How many times will this be listed only to have the top bidder not pay? \n\nMy personal record is a Pokemon card I was the 2nd bidder on for 7 auctions in a row before the top bidder finally wasn't a shill account. Hoping it sells to the first person who's the top bidder but that's not how eBay works these days. A dumpster fire of a platform really, hope it all works out. Maybe they should send a second one to heritage auctions."", ""Damn.  As if it weren't apparent, GameStop is rebuilding a company inside and out."", 'I love this company.', ""I am small investor in GME, but I am heavily invested in it (over 95% my net worth), therefore I would like to say a big Thank You to who ever came up with this auction.\n\n  \nThank you again, Sir or Ma'am."", 'Even better have gamestop corporate acquire it and then grade it and auction on gamestop.com. Show people the value of grading.', '![gif](giphy|3o84U5xPhrn42WgBJC)', 'They have value, they’re worth $23.19 each', 'Nobody is asking you to and they do.', 'This is kind of a stupid comment', 'It was more than one. Maybe not a disaster, but there were multiple videos circulating when the console first came out. For a store who’s revenues revolve around console launches, being memed for this mess up on launch day wasn’t a good look', 'I believe it happened to over 10 of them from the same store. But, maybe not…', 'Some social media accounts with huge followers and media outlets used it to highlight this incident. GameStop PR team has to do its job.', 'It’s because you can put positive news then people won’t believe the propaganda shills are dishing out like that one Papa Meat video 😂', 'It was definitely news of the week because even my brother thats not into gaming knew about it happening', '16.9... nice', 'Item description from the seller\n\nThe GameStop 2025 Staplegate Charity Auction includes authentic relics from the now-infamous “Staplegate” incident, which occurred during the midnight launch of the Nintendo Switch 2 on June 5, 2025, at GameStop’s Staten Island, New York location.\n\n\nItem One: The Black Stapler\n\nThe black stapler used by a GameStop associate who, in a moment of launch night excitement and misjudged enthusiasm, stapled a receipt directly to a customer’s new Nintendo Switch 2 box—puncturing both cardboard and screen in one swift motion. Features authentic field-use wear throughout and retired immediately from service, the stapler now stands as a retail legend born from a half-second decision.\n\nItem Two: The First Stapled Nintendo Switch 2™\n\nThe Nintendo Switch 2 console, serial number HAW50270415462, was the recipient of the above-mentioned staple. Refurbished by GameStop Corp., the screen has been repaired, and it is ready for play. It is the first known console to be officially stapled during a product launch by GameStop.\n\nItem Three: The Box\n\nThe original retail packaging from the same console, with the staple mark clearly visible. While the box is otherwise intact, the puncture serves as permanent proof of Staplegate’s origin. All original packaging is otherwise intact and included.\n\nItem Four: The Staple\n\nCarefully extracted and preserved, this is the actual staple that pierced both box and screen. Bent from impact and removed during the incident investigation, it has been archived in an individual display pouch. This 3/8” steel wire fastener is now a tiny, twisted piece of GameStop lore.\n\n\nThe items are being auctioned as a set to raise funds for Children’s Miracle Network Hospitals. While the incident itself was unfortunate, we hope its legacy serves a greater purpose.\n\nCertificate of Authenticity signed by GameStop CEO Ryan Cohen included.\n\nPure Cinema 🍿', 'Not anymore!!!! $69,900!!!', 'We’re at $107,000. 🚀🚀🚀', 'At 6 figures now', 'Bid is at 100k now', '100k now my goodness', 'But then\n\nHow could he have written such an unbelievably obnoxious post?\n\nWriting at a third-grade level\n\nWith individual sentences\n\nOr even clauses of sentences\n\nOn their own individual lines\n\nIs how professional business people do things.\n\nThoughts?\n\nGuess some LinkedIn bots got triggered by being called out.', '[removed]', ""It's LinkedIn bruh, it's nothing but humblebrags on your career"", 'So you missed here, GameStop Reddit, Facebook, Instagram, all over the news over and over', 'Makes me proud to be a shareholder', ""For the smooth brains in the back, that's 2,319 pennies.\n\n\nYes, you read that right, two thousand and nineteen pennies. Proud of you, *yes you*, for learning to read large numbers! 👏"", '69.9k rn 🤤 who’s getting daddy’s underpants', 'Thank you! 👍🏼', 'The certificate of authenticity is amazing', 'In just 5 hours. Apes are cash rich 🤑🤑🤑', 'STOP THE COUNT! \n\n/s', '82k I screamed', '![gif](giphy|wItLPjQgGxpXyPBobX)', '**[Rule 1](https://www.reddit.com/r/Superstonk/wiki/index/rules/expanded_rules/#wiki_ape_no_fight_ape). Treat each other with courtesy and respect.**\n\nDo not be (intentionally) rude. This will increase the overall civility of the community and make it better for all of us.\n\nDo not insult others.  Insults do not contribute to a rational discussion.', 'And you forgot to write out the three hundred.', 'That was so quick lmao', 'Doing my part. \nThey should add the promise of CEO’s underwear when it sells for 6 figures to the description for extra hype.', 'That’s crazy. Means they don’t have to submit to insurance to cover losses and make insurance go up if they are thinking outside the box.', 'And... $106k', 'Underwear provided only if requested by buyer!!! I wonder if he will take special requests such as the amount of miles put on them since the last wash 🤔']",0.3612,0.9711,0.20605873015873016
1lvuy69,"GameStop Tinfoil, Bro might have cracked the code",255,https://i.redd.it/3s6qafwr2xbf1.jpeg,1752096610.0,,"[""Welcome to r/GME, for questions in regards to GME and DRS check out the links below!\n\nDue to an uptick in scammers offering non official GameStop merchandise (T-Shirts)\n\nDO NOT CLICK THE LINKS THAT ARE NOT OFFICIALLY FROM GAMESTOP. \n\nWe have partnered with Reddit directly to ensure the Communities Safety.\n\n[What is GME?](https://www.reddit.com/r/Superstonk/comments/qig65g/welcome_rall_looking_to_catch_up_on_the_gme_saga/?utm_source=share&utm_medium=ios_app&utm_name=iossmf)\n\n[GameStop's Accomplishments](https://www.reddit.com/r/GME/comments/x3hv46/list_of_official_gamestop_accomplishments/?utm_source=share&utm_medium=ios_app&utm_name=iossmf) \n\n[What is DRS? US / International](https://www.reddit.com/r/Superstonk/comments/ptvaka/when_you_wish_upon_a_star_a_complete_guide_to/?utm_source=share&utm_medium=ios_app&utm_name=iossmf)\n\n[ComputerShare International DRS Support](https://www.reddit.com/r/GMEJungle/comments/r9euj1/computershare_upgrades_drs_support_for/?utm_source=share&utm_medium=ios_app&utm_name=iossmf) \n\n[Feed The Bot Instructions](https://www.reddit.com/r/GMEOrphans/comments/qlvour/welcome_to_gmeorphans_read_this_post/?utm_source=share&utm_medium=ios_app&utm_name=iossmf)\n\n**Power To The Players** \n\n\n*I am a bot, and this action was performed automatically. Please [contact the moderators of this subreddit](/message/compose/?to=/r/GME) if you have any questions or concerns.*"", 'LOOK GUYS, HE DREW A GREEN LINE UPWARDS!!!!\n\n![gif](giphy|4adcNwCklP5kjfE75L)', ""Something's cracked..."", 'This proves that we are living in a simulation! 🤔', 'Lol sideways', 'Prepare for 15 dollars a share', 'Flop', '![gif](giphy|iI54KomjaZmPdS4fna)', 'For fucks sake', 'I was too lazy to do this but saw exactly what u see', '😂', 'he’s a genius', 'Can’t stop what’s coming 🛤️🚅', 'Girl what', 'Lmao', 'Would be nice', 'Bro took too many iq tests.', 'Prepare for what? $24? Then back down to $22. Got it', 'servatis a periculum', 'Clearly MOASS confirmed', 'Moass is confirmed, mother of all sideways', 'Buck Force One 🫡', 'There are literally hundreds of guys who supposedly cracked the code…', 'Bro skipped supper and went right to desert', 'Tomorrow', 'This guy fuques!', 'not this shit again', 'MOASS confirmed', 'lol what if I do care?', '[deleted]', 'You mean cuques.', ""I'm highly regarded, but this isn't a meme, this is just a shitty shit post."", 'Jokes are supposed to be funny…', 'Tag it as a meme next time. You know you can add tags to your posts right?', 'GFY buddy', '![gif](giphy|13A7YlLvYVDnmU)']",0.0,0.0,0.07484722222222223
1lvxquj,"+1.93%/44¢ - GameStop Closing Price $23.19 (July 9, 2025)",1162,https://i.redd.it/7m0yc4q8oxbf1.jpeg,1752103829.0,,"[""[Why GME?](https://www.reddit.com/r/Superstonk/comments/qig65g/welcome_rall_looking_to_catch_up_on_the_gme_saga/) || [What is DRS?](https://www.reddit.com/r/Superstonk/comments/ptvaka/when_you_wish_upon_a_star_a_complete_guide_to/) || Low karma apes [feed the bot here](https://www.reddit.com/r/GMEOrphans/comments/qlvour/welcome_to_gmeorphans_read_this_post/) || [Superstonk Discord](https://discord.gg/hZqWV2kQtq) || [Community Post: *Open Forum*](https://www.reddit.com/r/Superstonk/comments/1ipojer/open_forum/) || [Superstonk:Now with GIFs - Learn more](https://www.reddit.com/r/Superstonk/comments/1cr37r7/superstonk_gets_its_gif_on_get_hyped/)\n\n------------------------------------------------------------------------\n\nTo ensure your post doesn't get removed, please respond to this comment with how this post relates to GME the stock or Gamestop the company.\n\n------------------------------------------------------------------------\n\n\nPlease up- and downvote this comment to [help us determine if this post deserves a place on r/Superstonk!](https://www.reddit.com/r/Superstonk/wiki/index/rules/post_flairs/)"", 'I\n\nSAID \n\nWE\n\n🟩\n\nTODAY', 'https://preview.redd.it/j1evz0wuvxbf1.jpeg?width=480&format=pjpg&auto=webp&s=47312b826cf984a6a9da55bea24a14ece682d2a6', '![gif](giphy|zk0zTXQY5ukCs|downsized)', 'Another beautiful inverse discount.', '![gif](giphy|ytwDCy4skFkEzyw4G4)', 'This is the way.', 'You did say it', '🍻', '#🍻', '#🍻']",0.0,0.0,0.1122909090909091
1lvyxnb,This is actually crazy,3472,https://www.reddit.com/gallery/1lvyxnb,1752107152.0,,"['The CEO is going to include a special “bonus item” if it reaches 100k:\n\n[https://xcancel.com/ryancohen/status/1943032530736714175#m](https://xcancel.com/ryancohen/status/1943032530736714175#m)\n\nEdit:\n\nITS AT 100K NOW LMFAO\n\n[https://www.ebay.com/itm/388688595731](https://www.ebay.com/itm/388688595731)', 'the ""staple not included"" line wasn\'t enough apparently lol.', ""That's the dumbest thing I've read today."", ""I mean, as much as I hate GameStop, if all of the money is going to a children's charity, then it's honestly a pretty good idea."", '😮', 'well….. at least it’s for a good cause!…', ""That bid would be impressive if it wasn't for charity.  I can believe in altruism."", 'So instead of $500. Its worth about $512?', 'That’s actually hilarious lmao', ""I'm shocked the auction is going that high. Has to be some higher up or someone that cashed out on GameStop stock when it was hot. Not saying this wouldn't have had a decent auction but that high of a bid? No fucking shot."", '69**900**?\n\n  \n What kind of sick joke is this?', 'Switch 2 is such a phenomenon that something like this is a reality. So funny.', 'Can someone explain “staple gate”?', 'It’s over 82 grand with 6 days left. I think 100 grand should be no problem. I wonder what the bonus item is gonna be', 'Wait, what the heck happened? Does anybody have a link to the story?', 'How do they have the username gamestop when their eBay account was created last month?', 'Y’know…at least they’re not using to Profit, and it’s being donated 😂 but wtf lol', ""I mean, they're making the most out of it. Especially if it's going to charity."", ""Honestly, that'd kinda be a cool thing to have displayed in a game room. A quirky little conversation piece tied to the history of video games. Though not for 100k..."", ""That's actually really sweet."", 'Staplers are a good product for charity.', 'Rare gamestop win.', 'Is the employee included?', 'Someone is going to be bludgeoned with it and the value will increase further still.', 'GameStop for the dub as always', 'I’ve said it before and I’ll say it again, the lore behind this stapler is insane.', 'It’s for a good cause and taking the piss at the same time nonthing wrong with this', 'Funny number', 'Nice\xa0', 'NGL this is kinda insane lmao', 'I love GameStop\xa0', ""This is so shameful. They're trying to get the bad press off them, basically."", 'They absolutely fired the guy and now are using it for PR and most likely also profit.\xa0', 'Well, looks like eBay is going to make a lot of money here.', 'Please explain for the uninitiated?', 'We live in the worst timeline', 'As much as I dont like gamestop if all proceeds go to a charity then good on them!', 'lol', 'Ok thats funny', ""Great idea to offset the costs:')\n\nBetter that it goes to charity!"", ""I was about to hate - but if it's for a good Charity, I'm all onboard 👍"", 'Why would anyone want this? It\'s going to age poorly. I guarantee in 10 years no one is going to remember or care about this ""event"" in history. It wasn\'t even talked about that much when it happened.', 'What an amazing PR campaign that will easily hit global news outlets and completely spin the negative reception they got from this.\n\nThis is *really* genuinely impressive coming from a marketer', 'W', 'Soooo, I missed a ticket here.\n\nWtf happened with the stapler?', 'WTF is that Stapler so valuable ?', ""The fact that it's at 108k right now is insane"", 'They’ve turned a shit thing into a meme / money for charity. Fair play to them tbh', 'Yeah sure donated after taking some operational fees to cover their “expenses”', 'I can already see Nintendo sue them', 'Employee (sweating):\n\n“Hey, uh… please don’t fire me for stapling the Switches and causing, like… several thousand dollars in losses.”\n\nBoss (channeling full mafia movie energy):\n\n“…Then what do you wanna do… to make things right?”\n\nEmployee (glancing at the bent staple like it’s Excalibur):\n\n“…I have an idea. But it’s a wild one.”', ""What's special about this stapler?\xa0"", 'I see children miracle network donations at every store and damn near everywhere I go. They must reallly be rolling in cash', 'Gahara-san liked your post', 'Hey, at least you know it’s a good quality stapler', 'I just had a look, and the only thing i find to be a little sus is that the username on ebay gamestop has 0 next to it, meaning never sold anything, no feedback, so is this actually legitimate gamestop selling this, or someone pulling a huge scam.', 'Brilliant marketing. This is why game stop stock is going to the moon.', 'Now this is good strategy! GameStop honestly just sucks, but this endears them to me just a little bit.', 'Lmaoooo, I love whoever did this', ""I'm glad the proceeds are going to a worthwhile cause."", 'That’s insane!', 'GameStop is ass', 'lol madness', 'Is there a contest going on to see how much these companies can raise for this charity? Walmart has been bribing customers with popcorn recently', 'This is honestly a great way to raise money for charity. I hope the money truly goes there.', 'Big mistake to do the auction on eBay, every time there’s a meme auction on there someone runs it up to an absurd number then dips and doesn’t pay', 'This is the best way to handle the incident no question', 'Gamestop W\n\nBased and turned mistake into charity pilled', 'Lmao Gamestop was maneuvering this all winter and spring leading up to Switch 2 launch', 'I hope someone follows up with this to make sure the money actually gets donated. If there’s one thing I’ve learned about charity drives, it’s that there is no shortage of people using fundraising events to stuff their pockets while giving nothing to the charity.', 'That’s my stap stapl stapler', 'I mean there shouldn’t be this much praise for GameStop for donating all the money to the charity. The person who buys it, is donating to charity in essence! If GameStop would match the price at which this gets sold and donate that to the charity, that would be praise worthy! Right now this is sort of a free promotion for them. Just my opinion.', 'brah', 'Wait, is this the actual stapler? *The* stapler?', 'Sometimes, just sometimes, I really enjoy the world we inhabit.', 'Its historical', 'Wow', 'Too soon no?', 'Wild, and in no way shape or form if anyone was dumb enough… those funds would never ever see a children’s hospital lol.', ""Nintendo could have provided a better packaging as well. It's a console with a screen. Make sure it's safe."", 'Thats a joke right. 👀', 'Awesome move from GameStop. Very clever 👏🏻', 'people will piss away money on anything', ""gamestop doesn't always make great choices but sometimes they really show me why I've always loved the organization. most folks hate them because it's trendy to anyway"", 'Wow', ""Fair play to GameSpot doing this and raising that amount of money for charity. I am questioning those who have bid so much on it though... That's a lot of $$$!"", 'One million', 'This is insane how easy is it to make something look valuable. People that have good harts paying thinking that they doing a good thing but is it real ? Ex Do people really know how much of the money going towards charity is it all of the money or is it 50$ for example. If it isn’t in writing then nobody going to know how many % Miracle Network Hospitals going to get of all the money they collect doing this. Another thing to think about is if people doing this for the sake of charity why go through a middleman ? If people want to give charity to something someone ex for Miracle Network Hospital for children then why not give it directly to them the source instead of using some middleman because then people going to know that the hospital get 100% of what they give them. This actually applies to every charity people can choose to give their suport directly instead of using money collectors. If I give charity then I want to know that the money really goes towards that goal and not in the pockets of people not needing it. People should of course have their own opinion this is only my thoughts about it.', ""Nintendo fans are something else they'll buy anything lol"", 'With these auctions for charity, does eBay still get their fees?', ""Yall it's up to $217,600!!!!"", 'Did they staple the Switch 2 before putting it up for auction too? 💀💀💀', 'A piece of history.', ""What happened here I'm definitely out of the loop"", '$217k+ right now', 'It’s at 217k right now it can be same as a down payment on a house or a car lol', 'Someone for sure set their limit at $69,420 and got outbid.', 'Where are you supposed to staple the receipt?', 'How about the employee who stapled the switch, is his/her job part of the auction', '0 seller feedback. And no one has any questions', 'It.. is for charity, how in any way is that dumb?', ""You don't read much of anything then, do you?"", 'I agree, I don’t  like gamestop but it’s really cool the staple thing is being used to make a charity event (which has already raised atleast 70k with 6 days remaining, so a successful one too)', 'It’s not, almost never do proceeds all go to the charity.', 'I agree. Not many other places would do this.', '[deleted]', 'Plus amazing marketing by leaning into it😂, while helping the kids too🙏', 'Ebay takes 15% cut of the total sales price including shipping costs and tax.\n\nSo, fuck that.\n\nI would rather directly donate 100k to a charity and buy myself a switch 2.', 'I’ll believe it when I see the paper trail.', '100%', 'Quit hating on GameStop', ""It won't, people are bidding just to not pay for it"", ""if it's a legit charity. There's much corruption with comercial charities, I wouldn't be surprised if only half of this price made it to the actual cause"", 'Yep! God bless, get those kids some dough. The winner can get a nice tax break too.', ""My first thought was they were doing it to recoup the lost refunds they had to likely process. I'm actually pleasantly surprised it's going to something that's good."", 'Same here! I will say they seem to have changed much of their business model / practices over the last few years. Hopefully they keep going in a positive direction!', 'Ebay takes 15% cut of the total sales price including shipping costs and tax.\n\nSo, fuck that.\n\nI would rather directly donate 100k to a charity and buy myself a switch 2.', ""Multiply that by 140 and you're bang on."", 'The money is going to charity, so that’s what it is.', 'It’s charity….did you honestly hope people were going to lowball it?', 'Some people have enough to donate', 'Will do! \n\nWhen GameStop had the midnight release event for the switch 2 on 6/5. There was a location in Staten Island New York that was having trouble sticking the stickers to assigned pre ordered switch 2 boxes.(something about humid conditions with broken A/C), that store decided to staple receipts and info to the boxes of the pre ordered systems. \n\nUnfortunately the packaging for the systems was pretty thin so a BUNCH of those boxes that got stapled damaged the screens on the new switch 2’s. From my understanding, those systems have since been replaced and the customers have been made whole.', ""CEO's underwear (seriously)."", 'Enthusiastic employee stapled the receipt to the box and the staple went right through into the switch 2 screen.', 'i believe it’s because launch day this switch’s screen was stapled and therefore broken, was a huge deal', 'Someone’s bout to get scammed', ""Company's pay companies for usernames all the time on twitter, roblox and probably eBay and force the og owners to change name"", 'Honestly it was just available. I was stunned.', 'They’re using the situation to buy good will, so even thought they’re not generating profit from the auction proceeds directly, they are playing the long game of hoping the good will leads to more profits in the future. This is probably the only reason any corporation donates anything to charity.', ""It's a tax deduction move."", ""This was not my first thought.  I saw this and immediately thought that this is just going to recoup losses from all the Switch 2's they needed to replace."", ""It's only gonna go up in value over time. It's an investment"", 'Lore plox', 'Bad press? It was a stupid mistake and everyone who purchased a switch that got damaged was made whole & now at least $100k is going to charity. What part of any of that is shameful?', 'A busy Gamestop opening for Switch 2 had an employee just stapling reciepts to the Switch 2 boxes,  dude went home snd got a Switch 2 with two staple marks poked thru his switch screen lol', 'There are a lot of wealthy people in the world where buying this is a rounding error', 'It’s a charity event get over yourself lol', ""It's linked directly from their official X account. What other questions is there to ask?"", ""Fr and if you're bidding that much for this its obviously not just about the sw2"", 'Because they’re unapologetically profiting from an absurd issue they created?  Even dumber that it’s being treated as a historically significant event worth tens of thousands of dollars.\n\nAnd yes; profit.  “All proceeds” means net profit.  I promise they’re going to apply marketing expenses.  The rest WILL be used as a tax write-off.\n\nIt’s best to donate directly to your charity of choice.', 'Ebay takes 15% cut of the total sales price including shipping costs and tax.\n\nSo, fuck that.\n\nI would rather directly donate 100k to a charity and buy myself a switch 2.', ""Oh damn, I didn't look at the picture long enough to see that it already had bids. I thought that was the starting price lol.\n\nThat's really awesome to see!"", 'We just gotta make sure the money ACTUALLY goes to the charity...', ""Hate to be that person, but it's a tax write off being paid for by the public for a mistake that never should have occurred."", 'Most of the money a charity receives goes towards ""Administrative Costs"". It\'s used to pay things like rent, salaries to their employees, and advertising aka ""fund raising"".', 'It would be a pretty big problem if they didn’t. Both PR and legally', 'Alright, share the stuff you’re on, don’t be selfish.', 'Well here’s 2 \n\n1.\tBen & Jerry’s has done limited flavors with 100% net profits going to specific causes (like criminal justice reform).\n\t2.\tPatagonia made headlines in 2022 when its founder gave away the entire company and said “Earth is now our only shareholder”—profits go toward fighting climate change.', 'I do not like the fact that they sell opened games as new. They were caught [removing coupons for competitors](https://www.cbsnews.com/news/gamestop-apologizes-to-customers-for-deus-ex-human-revolution-fiasco/), and they allow employees to ""rent"" opened copies. The last time I purchased a new game from GameStop, I received a copy that looked like it was finished with a Brillo pad.', ""I hate the pushiness, almost on the verge of actually begging, of trying to upsell me and constantly trying to get me to sign up for their membership. Their new games are often opened, yet still sold at the new price. They scalp popular things like Pokemon cards, jacking up the prices while none of the other big merchants do so.\n\nAnd there were many other reasons why I don't like them, it's just been many years since I've bought anything from them, so I don't really remember ever reason I had.\n\nPlus, I just have zero reason to go there. I have never, and will never, trade or sell any of my games or consoles, I have never bought or had the desire to buy a used game, and I've been completely digital for years now."", 'Lmao this has to be satire', 'CEO has his head up a dictator’s ass', ""They're a greed first company.\n\n1) They sold Xbox 360 warranties. When the consoles started failing a lot, they decided not to honor the warranties. If you had an issue, instead of replacing the console they gave you a refund on the warranty. If you didn't contact them about the warranty they'd just quietly keep the money.\n\n2) Xenoblade for Wii was a very rare game and in demand. Gamestop had exclusive rights to reprint the game and sell it. They did this but instead of selling it at new $50 MSRP, they removed the shrink-wrap and sold it as used $90."", 'Did you miss the Ryan cohen saga?', 'I’m old enough to remember there used to be *many* kinds of video game shops—many who loved our community and treated us all like family—only for them all to be systematically acquired or run out of business by GameStops like a virus until we have the monopoly we have now, where GameStop is the only major shop synonymous with video gaming. And young folks don’t know any better at this point, because what other video game franchise retailers have they seen? \n\nBack in my day, I knew small business video game stores that would give you lifetime warranties so long as you kept your receipts… They hosted awesome launch parties, had super knowledgeable employees, and listened to every concern or even dumb questions from parents hoping to make their kids happy. That very same store was acquired by GameStop and the employees told me that when they talked to the new management about hopefully honoring some of their valued customers—they literally cackled and laughed at the idea. “Yeah that ain’t happening!”\n\nI will never forget… pick your sci fi evil analogy whether they’re the empire from Star Wars, the Alliance from Firefly, etc… They basically united us all under this terrible video game merchant system folks complain about all the time, from poor customer service, to unfair used prices both buying and selling, to lack of honoring warranties etc… There are still some video game shops out there but not many. And for what? Now that retail isn’t enough to feed their shareholders, they’re starting to close their own stores… so why did all of our other options have to die? I will go out of my way to buy from literally anyone else but GameStop. And yet all it takes is for them to do some meme and everyone loves them.\n\ntldr: I have a chip on my shoulder about GameStop, and I rant with my old man stick from my lawn about the better days of video game retailers. You can move along and ignore me though, because my opinion is not science', 'What is currently stopping you from doing that donation? Go on, do it!', 'Nah, fuck ‘em.', ""Children's Miracle is 100% a legit charity and does amazing work helping sick children."", ""eBay doesn't take a cut if it's going 100% to charity"", ""Okay so why dont you?\n\n\nEbay doesn't take cuts for charitable auctions either."", 'what am i supposed to do with this info', 'Ebay takes 15% cut of the total sales price including shipping costs and tax.\n\nSo, fuck that.\n\nI would rather directly donate 100k to a charity and buy myself a switch 2.', 'Good chance there are fake bids. Wouldn’t be the first time', 'Console Fanboyism is a hell of a drug', 'They should donate it directly to the charity then instead of virtue signalling by bidding on an auction.', ""That's not enthusiasm - that's just plain stupidity lol"", '*stupid employee', 'So basically they turned a mistake into a money-making event. To make things better for their reputation, donate the buyer’s money to charity but at a cost of good PR for themselves. Genius! And people are already following behind them praising them for this. All business guys. I was hoping they match the buyer’s price and donate to charity too, that would be something genuine!', ""Why did they staple the reciept to the box? That's the bit I don't understand."", ""Often (almost always, actually) they don't need to pay anything. If they have a trademark, they can claim usernames and domains easily."", 'Not how that works.', 'Not every rich person donating stuff is a tax deduction move. That’s basic math that honestly doesn’t work please watch some videos on how it actually works before saying that it’s “just rich people being shitty bad rich people or corporations ahaahh!!…” so yeah.. lol. Or maybe you’re not saying that and you just think it’s just a tax move.. but ever think about how much talk will go around from this? Marketing.. 101… lol.', 'At 100k there’s still a bunch of money going to charity after the losses from repairing and selling damaged switches.', 'yeah about as much of an investment as a beanie baby. lol', '🤦🏻\u200d♂️ Oh retail… everyone was probably so overwhelmed that day, though. At least they fixed the switch — even including the staple, oooooo!', 'I did see that after I made the comment. I would still feel uncomfortable bidding $100,000 on a 0 feedback seller account.', 'Well then go and donate 100k to charity.', '[deleted]', 'It’s not a go fund me. It’s a single buyer, who sees it as a way to donate to charity while also getting something funny in return.\n\nIt’s not your money, don’t care so much 🤷\u200d♂️', 'Nooo guys don’t donate to charity OTHERS may benefit ahhhh so terrible', 'Oh no the government allows people to get tax write offs if they donate money? You know you too can get a tax write off if you donated money to charity. \n\nWhat’s that? You’ve never donated money to charity and instead bitch about incentives to get people to donate? You just like bitching on the internet like a pessimistic jit and the people around you will slowly grow tired of how pessimistic and obnoxious you are leaving you all alone in your life? Yeah that checks out.', 'Who tf cares dude. Would it be better for you if they just didn’t do this? I’m sure a kid that gets his cancer treatment will disagree with your take. I’m sure their parents will too.', 'It has to be disclosed somewhere. Not sure how it works in public auctions, but legally they have to disclose it if requested.', 'Ben and Jerry isn’t run by a right wing nut case.', 'Hmmm. Seems like that was a 1 off incident over 15 years ago… I’ve never had any issues and their return policy was good enough for me. I’ve gotten good deals on games and sometimes even been shipped out pre ordered games a day or two early. That seems like a dumb rip. Amazon and every major retailer like target or Walmart has has way worse issues: seems like I silly reason to boycott it', ""I buy used games semi-regularly and Gamestop's prices are just shit. The selection is also just straight-up bad these days."", 'I had not been in a GameStop in a couple of years and stopped in the other day to get a birthday gift. I was absolutely taken aback by the employee. He was a middle aged white guy but obviously was trying to be Mr. Cool by his tats, piercings, and “swagger”. That’s not what shocked me. What shocked me was his attitude. He was going around to the customers and telling them “he” had switch 2 in stock and how everyone needed to buy one. The way he talked and acted it was like a drug dealer trying to push their product. \n\nWhen he got to me, he said “hey man, I got them switch 2’s, you know you want one…” and I said “no thanks, I already have one,” and he replied “yeah, well you need another one.” I said no again and he said “well, that’s your loss then, I’ll sell’em quick, I can’t keep’em in stock so you better hurry and pick up dat second one,” and walked off. \n\nWhile I found the push to be annoying, that isn’t what stunned me. What stunned me was he went to the next customer (younger couple) and started the same conversation but more aggressive about how they needed the switch 2. They declined and told him they came for Pokémon cards. I’m not a Pokémon person, so I don’t know what they wanted but they said whatever version and the employee laughed and said “you’re not a real pokemon person. You know how I can tell? Because you asked if I had those. Ain’t nobody got those around here. I have people come in and buy dem by the box. We even have a guy who pays us on the side to hold boxes for him on release. It’s a decent side hustle so you ain’t gonna find them because he does it at all the [gamestops] around.” Then he went into a huge story about how he gets Pokémon cards and action figures, has a dedicated room at his home for his “investments,” how his kids don’t understand why he keeps his figures in their boxes because they don’t understand how “crazy” grown people go for “this stuff” and how he waits for “the market” to peak and he’ll sell the collectible. \n\nI left without buying anything simply because the employee treated his customers that way.', ""But you haven't been there in many years, lol."", 'lol you hate a dying company doing whatever they can to stay afloat? It’s not that annoying lol just say no a few times. You’ll be okay.', ""ok that's good to hear 🙏"", 'For someone so vocal you are so wrong.', 'Brother why are you just replying that to everything here. So lame', 'Bro just give them the cred. At the end of the day people who need help get it.', ""To be fair, none of us knew how the device was actually packed inside the box. *Some* fault can be placed on Nintendo simply because there wasn't any padding or protection between the box lid and the screen.\n\nSo, yeah, it wasn't a great move on the employee's part. After getting mine at launch and seeing how it was packaged, any sufficient damage to the box lid would likely cause damage to the device due to a complete lack of packing material."", 'Sort of. The sale on eBay is subject to GST and is counted as a sale “profit” in this scenario. However, there may potentially be some sort of accounting law where transactions paid by customers that will be used for charity are not subject to P&L statement.\n\nAnd as usual if they donate that money they should get a 50% refund on their tax (this is the law in Australia, not sure about the US).\n\nI think you’re more right @Sock than the other poster because they’re implying there’s only benefit which there isn’t, but the full scope is interesting', ""US Tax Accountant here. The downvotes and upvotes on this thread are backwards. It is how it works, in a way.\n\nAssuming Gamestop is a C-Corp, they would have to report the income from the sell of the stapler as business income. If they turned around and donated those proceeds, they can then be used as a deduction via Form 1120.\n\nA C-Corp can deduct up to 10% of that year's business income as charitable giving. This stapler will indeed be a tax deduction, but I don't see the selling price of $100,000 or less being extremely significant for a corporation the size of Gamestop.\n\nIf Gamestop is an S-Corp, then this donation would flow through to partner's K1s and they are the ones that get the benefit of the tax deduction.\n\nEdit - Downvote if you like for raining on your parade, but I'm just here to share facts. I invite anybody upvoting the comment I'm responding to, to share share with me how the charitable giving of proceeds from this stapler is not a tax deduction."", 'So GameStop is going it to just be nice? Cuz they’re nice guys? 😂', 'See you in 20 years', 'Brain rot', 'I would in general feel uncomfortable bidding $100,000 for a Switch 2 and a stapler. At least the money is for a charity I guess', ""Hmmm idk. It depends on whether their tax attorneys can argue that the stapler is art, and is actually worth what they sell it at, rather than the bid being a generous donation and the stapler the prize for the highest bidder. The IRS can choose to be picky about things like this because one could argue the stapler would not actually get such huge bids if proceeds weren't promised to go to charity"", 'dont care about what i care about 🤷\u200d♀️', 'Donate in your own name smooth brain.', 'Gamestop is not a person. When you allow corporations to make donations with your money they get the tax write off and the money they saved doesnt trickle down to the actual workers and the person who actually donated doesnt get a tax write off. What are you 5?', ""The point is that they're not donating their own money. They're just a middleman in between the charity and some idiot with too much money, and they get a tax write off out of this whole situation while also looking like the good guys."", 'I worked at Gamestop in 2008 and we were allowed to ""rent"" any opened games new or used, it was not a one off incident. Considering you are objectively wrong, maybe don\'t speculate or just make shit up for no reason.', ""Sounds just like a dude I saw in one of these stores. I went up to ask is they still carried used 3DS consoles. He was doing inventory so I apologized in advance for bothering him and he said, “Oh, like you’re doing now?” I was taken aback, and all I could say was “Huh?” but he kept cutting me off and going “huh? huh? huh?” and closing his hand shut in front of my face. I walked away and continued with my shopping, and I heard him chuckle as I walked off. When I went to the counter to buy the console he went behind the counter with like fifteen copies of Anthem in his arms dropping them on the floor.\n\nThe lady in line in front of me was buying a bunch of gift cards (it was around Christmas time). He scanned each of them each individually “to prevent any electrical infetterence,” and then winked at me. I don’t even think that’s a word. When she said she'd pay by card he just interrupted her by yawning really loudly."", 'r/ThatHappened', ""Nah. I'd rather just not go there."", 'Ebay takes 15% cut of the total sales price including shipping costs and tax.\n\nSo, fuck that.\n\nI would rather directly donate 100k to a charity and buy myself a switch 2.', 'Disagree. Nothing should have been altered about the box at all. The box is part of the product people are paying half a grand for. Dont tape, staple, draw on, toss etc. The product someone is buying.', 'Yeah. Staple should never have been there BUT that’s wild for an inky dinky staple to go through the box and into the screen. That’s just piss poor packaging for an electronic with a screen.', 'Anyone knows gamers are collectors, so rhe employee was stupid period for stapling the box', 'The Switch 1 was also packed right at the surface of the box. It wouldn\'t have been hard to put it a bit lower and use some counterfold on the box lid to hold it in place while still having the same ""reveal"" when opening the box that they clearly desire, but it would have been a little bigger and cost more (especially in shipping, given they had to try and container-ship a few million units around the globe for launch!)\n\nhttps://preview.redd.it/ix88s1r2k7cf1.png?width=1280&format=png&auto=webp&s=78f479c929c9db7c2815525390b5d411417c6207', ""So true, for anyone else interested, feel free to check this user's profile as they have some very useful accounting posts!"", 'No, this is PR.\n\nhttps://en.m.wikipedia.org/wiki/Public_relations\n\n> Public relations may include an organization or individual gaining\xa0exposure\xa0to their audiences using topics of public interest and news items that do not require direct payment. The exposure is mostly\xa0media-based, and this differentiates it from\xa0advertising\xa0as a form of\xa0marketing communications. Public relations often aims to create or obtain coverage for clients for free, also known as\xa0earned media, rather than paying for\xa0marketing\xa0or advertising also known as paid media', 'lol', ""This shit won't be worth anywhere close to $100k in 20 years. No one cares that some switch 2 were damaged by a stapler on launch day\n\nHell, for comparison [the first GameCube prototype ever shown to the public recently sold for a mere $20k](https://comics.ha.com/itm/video-games/other/nintendo-gamecube-space-world-2000-prototype-console-condition-vg-gamecube-nintendo-2001-jpn/a/7415-28131.s?ic4=GalleryView-Thumbnail-071515), and that console is way more a piece of gaming history that that stapler will ever be."", 'This kind of stuff ain’t targeted towards people like you or me. This is for the people who have actual “fuck you” money for a good cause.', ""They can write off the costs for running the auction, but not usually the price of the sale, especially if it's not classified as art."", 'But I really want to, you’re not my real dad!', 'lol, the IRS doesn’t care who’s name it donated in. They care about the money. GameStop isn’t getting any additional write off for this, even if it goes to a million. GameStop gets to write off their costs and the buyer will get to write off their costs (minus the value of the item received usually). Also writing it off doesn’t mean they get all the money back. They just don’t pay taxes on that portion of their income for the year.', 'Pretty sure they only get to write off their costs, not the whole thing. If you mean they don’t get taxed on the final price of the auction, well duh, of course not. It’s not like they’re getting that as income. It’s just going through them on its way to the charity. At most they’re going to be able to write off a few hundred bucks (the cost of the console to them plus the costs of putting it up for auction). And the person who buys it will be able to write off the entire amount they paid. Nobody is double dipping here or getting a big payout because they’re involved. \n\nSheesh, not everything has to be dripping with cynicism these days…', 'Man GameStop is damned if they do and damned if they don’t thanks to this way of thinking. Just be happy something good is coming out of it who cares if they benefit from it? Doesn’t matter how selfless a megacorp move is, someone will say it’s disingenuous, but let’s be real, any successful business isn’t going to do something that’s not beneficial to them in some way so can we just be happy that’s it’s mutually beneficial for once?', 'How are they making stuff up by just sharing their experience?', 'I’m pretty sure this guy was a manager, as he was the only employee on duty. It pretty much turned me off to considering GS.', 'I get this is the internet, but I have zero reason to lie about this. I can give you any detail you want about the encounter, just ask. \n\nThis happened on July 4th and the birthday party was that weekend. The employee was a white guy, mid-30s, about 5’8, tattoos, shaved/bald head, and had a large, black earring (not sure what they’re actually called but it was the type that stretches the ear and was about the size of a quarter). \n\nThe young couple were in their early 20s. I didn’t really pay them much attention beyond a glance. It’s a small store in a mall (it was stuffy for some reason inside) and I had intended to buy a game and a gift card, as the birthday party was for an 11 year old and their parent had told me they liked GameStop. \n\nOn a personal note, I bought my switch 2 from bestbuy at the end of June. I bought the Mario Kart version. You can see in my history that I was hesitant about getting S2 and didn’t buy it at release. I changed my mind and got lucky and got one on a restock. \n\nI’m not sure why you felt the need to act like GS (or any retail environment) doesn’t employee disgruntled employees or whatever. This guy was the most unprofessional guy that I’ve encountered in recent memory and I’d say he made my top 5 easily. I don’t know why he behaved the way he did, but maybe that’s why he was the lone clerk at a mall GameStop on a holiday.', ""The importance of the box will vary dramatically from person to person. From the manufacturer's standpoint, it's an extension of the marketing and is otherwise the means of containing and protecting the product until it's in the customer's hands.\n\nBeyond that, the value of that box is going to depend upon the individual. For me, that box when right in the trash once I took everything out of it. I have no need for it, mainly because I'm not terribly concerned about the potential resale value of a mass-produced electronic device at this particular point in time."", ""Exactly.  I don't care if the box had a full inch of padding, you don't fucking staple a receipt to it."", 'I dunno. I think that only having the box cardboard between the Switch 2 screen and the outside world is a bit much. Staple aside, if the box dropped on that side the screen would barely have any protection.', 'You mean an ""inky dinky staple"" that someone drove through the box under high pressure with a staple gun.  I could also drive an ""inky dinky nail"" into the box with a nail gun.  No companies are designing their packaging for such bizarre scenarios lol.', 'I\'m a gamer and a collector, and I tossed the box because I just don\'t have space in my house for empty boxes that will otherwise collect dust.\n\n""Gamers"" aren\'t a uniform thing. Not everyone will be interested in hanging onto bits of cardboard.', '\xa0Did you just post the Wikipedia page for PR lmfao\xa0', ""Ultimately, proceeds are going to a non profit so it's a good thing."", 'Exactly, the only time someone is going to buy a piece of shit stapler for 100k is now', 'Then why does your mom call me Daddy?', 'No one is talking about the IRS. You guys keep referring to corporations and businesses like they are people. Gamestop as a corporation is going to get a tax write off. The buyer DOES NOT get to write off the purchase as a charity donation because it legally is not a charity donation. Meanwhile the money Gamestop saves will not go into investing in the proper training and working conditions of the staff that had this mishap and the people who were inconvenienced by the improper training and working conditions will also not be compensated other than the usual exchange.', '""Seems like that was a 1 off incident over 15 years ago… ""', 'Thats great that you dont care but nothing changes the fact that someone else made that choice for you.', 'The stapler they’re showing is not a staple gun. And even the staples they use in staple guns aren’t super long.         Comparing a nail to a staple is also way out of place but go off.', ""Where did I say that every gamer is the same? The point is that if you damage the box you lower its value and ruin it as a Collector's item. Many people keep boxes."", 'Yes they did\n\nhttps://en.m.wikipedia.org/wiki/Wikipedia\n\n>Wikipedia is a free online encyclopedia written and maintained by a community of volunteers, known as Wikipedians, through open collaboration and the wiki software MediaWiki. Founded by Jimmy Wales and Larry Sanger in 2001', 'Staplegate going to the moon. Trust', 'Because she’s dead', 'Yeah… that’s the lead in to them then sharing their own experience. What did they make up?\nI’m very confused.', ""I mean, that's pretty much any given aspect of life, isn't it?\n\nBesides, you're ultimately arguing against something I never actually said. If you look back at the comment you initially responded to, I flat out said the employee really shouldn't have done what they did. With that being said, the packaging wasn't really well though-out; any sufficient damage to the lid could have damaged the Switch 2, due to the complete lack of packing materials between the lid and the device.\n\nIt sucks that the employee decided to staple receipts to the boxes, but better packaging would have prevented it from being something that anyone was even aware of."", ""A regular stapler may be even worse because you're pushing down on the box in order to drive the staple into it.  My point to you was just because something is tiny doesn't mean it can't easily be driven through packaging and damage something.\n\nIf this were poor packaging, we'd be hearing all kinds of reports of damage.  It's simply not the case.  Things like this are very rare, isolated incidents."", '""Anyone knows gamers are collectors.""\n\nThis is a massive generalization that is more or less lumping everyone together. \n\nI understand that damaging the box can lower its value as a collectible. My point is that not everyone will be concerned with that. I wouldn\'t have given a shit if the receipt was stapled to the box (operating under the assumption that it wouldn\'t have punched holes in the screen, of course).', 'Did you just post the Wikipedia page for Wikipedia? lmfao', ""And she's rolling in her grave right now. She brought you into this world and she can still take you out"", ""They made up that it was a one off instance. There is no evidence that it wasn't a one off instance, because it was a widespread practice. They completely made that up because there is no evidence to the contrary, clearly due to their affinity for gamestop. It's impossible to explain my comment in any more detail."", "">better packaging would have prevented it from being something that anyone was even aware of\n\nThis is silly, though.  Companies aren't designing packaging to withstand staple punctures, because that's just not something that would be a common issue.  It's more about general protection from small drops, bumps, and other normal handling."", 'I don’t see how it’s some horrible thing to say “it seems like a one off instance because my experience has been this”. I don’t think they were intending to make some grand statement that is absolutely correct. They were literally just sharing their experience. It doesn’t go that deep.', ""Far worse things than staples wind up punching holes in boxes during the shipping process. There's simply no reason why a little bit of additional packaging shouldn't have been put into the box to better protect the device and screen.""]",-0.34,0.0,0.1898023622047244
1lvzara,GameStop Short Seller Now Looks To Sway Criminal Charges,385,https://franknez.com/gamestop-short-seller-now-looks-to-sway-criminal-charges/,1752108216.0,,"[""Welcome to r/GME, for questions in regards to GME and DRS check out the links below!\n\nDue to an uptick in scammers offering non official GameStop merchandise (T-Shirts)\n\nDO NOT CLICK THE LINKS THAT ARE NOT OFFICIALLY FROM GAMESTOP. \n\nWe have partnered with Reddit directly to ensure the Communities Safety.\n\n[What is GME?](https://www.reddit.com/r/Superstonk/comments/qig65g/welcome_rall_looking_to_catch_up_on_the_gme_saga/?utm_source=share&utm_medium=ios_app&utm_name=iossmf)\n\n[GameStop's Accomplishments](https://www.reddit.com/r/GME/comments/x3hv46/list_of_official_gamestop_accomplishments/?utm_source=share&utm_medium=ios_app&utm_name=iossmf) \n\n[What is DRS? US / International](https://www.reddit.com/r/Superstonk/comments/ptvaka/when_you_wish_upon_a_star_a_complete_guide_to/?utm_source=share&utm_medium=ios_app&utm_name=iossmf)\n\n[ComputerShare International DRS Support](https://www.reddit.com/r/GMEJungle/comments/r9euj1/computershare_upgrades_drs_support_for/?utm_source=share&utm_medium=ios_app&utm_name=iossmf) \n\n[Feed The Bot Instructions](https://www.reddit.com/r/GMEOrphans/comments/qlvour/welcome_to_gmeorphans_read_this_post/?utm_source=share&utm_medium=ios_app&utm_name=iossmf)\n\n**Power To The Players** \n\n\n*I am a bot, and this action was performed automatically. Please [contact the moderators of this subreddit](/message/compose/?to=/r/GME) if you have any questions or concerns.*"", 'TLDR: left goes to court to say “I didn’t do it” \nCourts: wait', 'Best offer on the table is remainder of life sentences, like bernie.', 'I 💚 GME!!!', 'Fuck that guy.', 'What a piece of shit', ""And he might have gotten away with it if he didn't go on a multi-year media circuit bragging about it."", ""slimeball will be singing when he realises he's going to be someone's bitch for the rest of his life."", 'How about every financial news outlet and TV segment that does what this guy was doing but much worse?', 'Wen mayoman ??', 'Jail time please. And tears. Yes, lots more crying.', 'Wen Mayoman?', 'As an argument to stop prosecution, defence claims it’s not what the president is prioritising? Ok then. The only crime that should be prosecuting is on the presidents priority list? Didnt his company get smashed by short sellers? The Donald me thinks has a long memory & loves a little retribution.', 'P.O.S.', 'always has been.', 'Motley Fool is like a prime example of a news outlet that also has it’s own hedge fund']",-0.6705,0.0,-0.04819375
1lvzzkx,"GameStop Charity Auction skyrockets from $1 to $100,100 -Ryan Cohen pinned his post.",4716,https://i.redd.it/022ztbi67ybf1.jpeg,1752110198.0,,"['Hey OP, thanks for the Social Media post. \n\nIf this is from Twitter, and Twitter is NOT the original source of this information, this WILL get removed!  \nPlease post the original source!  \n\n**Please respond to this comment within 10 minutes with the URL to the source**  \nIf there is no source or if you yourself are the author, you can reply `OC`', 'https://preview.redd.it/f88r65y87ybf1.jpeg?width=1290&format=pjpg&auto=webp&s=154cc3d850a7f54a296911d917338b395291be9a\n\n[**https://x.com/ryancohen?s=21**](https://x.com/ryancohen?s=21)', ""That's a good GME number I'd accept."", 'wonder what kind of underwear guy he is', 'Someone is getting those undies', 'RC right now:\n\nhttps://preview.redd.it/2wcxkrwz7ybf1.png?width=640&format=png&auto=webp&s=495d005cb16f3aaeaa030753652448938946c1ec', 'Final price $420,420.59, purchase by Roaring Kitty.   Calling it now.', 'Who’s got the link', 'Don’t worry guys, I asked GameStops eBay account if the underwear came with a certificate of authenticity.\n\nI will report back\n\nhttps://preview.redd.it/u75fpyr39ybf1.jpeg?width=1284&format=pjpg&auto=webp&s=b416abfec69c609c70a704492a0a5f8d8eaecc42', 'Gimme what’s under them shorts Ryan', 'Incredibly generous of these bidders! It’s a great cause', ""He's gotta be bidding it up himself so no one gets his underwear"", 'Next stop, $741,420.69', ""Can't wait to see how the media reports this."", 'RC is going to be short…a pair of underwear', 'The fuck? I was updating bid like 5 hours ago.... At 16 thousand.... Wholly macaroni.', 'This is wild.', 'What if RK is the highest bidder at the end and he makes a post with it?', ""WHAT'S  IN THE BOXers?!"", 'The best timeline.', 'This is how they should conduct sales of REAL shares of GME!', ""If it ends at 9 billion, I wouldn't be upset. 🤣"", 'The possible price of our beloved GME', ""If it hits a million dollars I will continue to buy shares and drs them. And if it doesn't...well I sill continue to buy shares and drs them"", '![gif](giphy|SAhE39aauxjtm)', 'This is great marketing, GameStop made a new eBay account, posted a meme item and now will gain 1000s of followers', 'OK guys now how do we make the derivatives off briefs, boxers, or boxer briefs? Also calls on they’re not washed.', ""Don't get your panties in a bunch, Mr. Chair Man"", 'Well, I tried to join the fun.', 'the price discovery the American financial market actually needs', 'Hoping Ryan has some rocket boxers to take this hype up a notch...or cats and rockets and nanners', '100k so far... 6 more days to go lol', ""This is awesome! Comes with a certificate of authenticity, and Turner said he'd grade the undies 🍻"", '68 bidders....hmmmmm', '$105,995', 'What’s that 10 01 00 in binary???  BUY?!', '![gif](giphy|SAhE39aauxjtm)', 'Ok hear me out… StaplrDAO', 'It hit 100k in less than 12hrs... just wow', 'Wild that RK posting a picture of RC’s underwear is going to start MOASS', 'Kitty want a new stapler?\n\n![gif](giphy|40d1Z4ZkY9Ysg)', 'Lol', 'What if a cat wins the auction? 🐱', 'Don’t be like the SHFs RC!! Don’t FTD the underwear now! 😂', 'RK is going to win the auction and show it off on a live stream', ""Lol i doubt it's going to be paid out"", 'Which one of you still has money left?', 'Omg it was 15k when I checked this morning', '$100,741 to the gentleman in the banana costume.', 'You gotta be fucking kidding me', 'You gotta be fucking kidding me', 'Will he offer up his ""naked"" shorts if it hits $1,000,000?', 'Winning bidder will be 23andMe for that DNA profile', 'Atleast I was part of the auction l\n\nhttps://preview.redd.it/kksuy3w5uybf1.jpeg?width=1320&format=pjpg&auto=webp&s=7948b056858ce5f79e497e9d669935093421f1e9', 'Praying RK buys it and posts it', ""If RC is auctioning off his shorts... that means he'll be naked"", 'Plot twist. The charity takes the money and buys GME shares', 'IF A STAPLER CAN GO FOR >$100K THEN JUST IMAGINE WHAT ONE SHARE IS WORTH.', 'It’s about to get interesting in the last few hours of auction lmayo', '![gif](giphy|HGB8nRk6ek4ZG)', 'Jokes on everyone, naked shorts baby', 'Does this get us paid?  \nNo.  \nWho gives a fuck?', 'I knew someone wood.', '![gif](giphy|s4kpsTSwoiFCU)', ""Let's get a pick of those underoos included in the auction. Maybe that'll bring the bidding up. I'm personally hoping for a leopard print banana hammock. 😈😈😈\n\nhttps://i.redd.it/irkdvu1b5zbf1.gif"", 'LMAO this is great!!!', 'What are the chances the bids are real and will be followed through at these prices?', 'Stapler rocket baby', 'Incredible.', 'Insert $100,100 so far meme here. \n\nIn this process, GameStop became a collectibles creator as well.\n\nMaybe it’s time for GameStop to drop their own trading card series (or something like that), limited edition, anyone?', 'Debts must be paid, Ryan Cohen.', '$100,000 per share floor confirmed.', 'This is truly the most entertaining timeline!! 😂 Looks like the undies will be added', 'This is a nod to the ban bets in my opinion', 'Put the same skyrocket into GME stock please.', 'Laugh if RK bought it and wore the underwear at the next live stream', ""I'm loving this! 1 it's very funny and shows Ryan's humour. 2 He's turned a negative thing into a great thing. All while keeping the focus on Gamestop."", '**GameStop team is all in for a good cause 🫶🏼**\n\nhttps://preview.redd.it/dwb25ompu0cf1.jpeg?width=1290&format=pjpg&auto=webp&s=86f608b495371674207d037612235dd843f184ae', 'Underwear?', 'Ryan gonna lose his shorts lol', ""Someone must've really wanted his underwear"", 'So this is that supposed dying brick and mortar?\n\nI will eat that Staple, if true.', ""Willing to bet the majority of these bids were made by people that can't back them up financially. They're bidding to pump it up. When the auction ends, I hope someone makes an offer that Gamestop will accept."", 'Does everyone realize how amazing this? Kudos to the team/person that came up with this idea. Its not just gaining traction for publicity but its going to charity. This is win win for everyone.', 'Sir, they sell worn undies now !\nKG: 😳', 'Can’t wait for the message: I sold my GameStop for RC’s panties!!', ""If this doesn't get sold to DFV for 169,420 I will be shocked."", ""I'm rich, I don't want to pay tax,  so I'll pretend to be a good person by donating a pittance to charity."", 'Hilarious!!\n\nhttps://preview.redd.it/qyjcqeucb2cf1.jpeg?width=1438&format=pjpg&auto=webp&s=f61a21d358d342955bae330f37dc3ed150b8e9fc', ""WTH is this? I''m gone for a few days and now the staplegate shit is everywhere. \n\nHelp my smooth brain get some wrinkles!"", 'How much for bath water?', 'RC’s used undies are worth 100k lmao. 😂', 'Currently over 200k bid', '![gif](giphy|lSoncLXrbUaRO)', 'Proof or ban Mr. Cohen.', 'Alright, which one of you apes is trying to clone Ryan?', 'https://preview.redd.it/xqvs2ncjuybf1.jpeg?width=1320&format=pjpg&auto=webp&s=2369afecdb891fffeca528a451c868d0cccb988f\n\nLMAYO', ""I'll up any bid by 1$."", 'Pre-worn and unwashed?\n\nNeed a PSA grading on that, Mr Cohen.', 'He set the goal low cause he wants to include other things.', 'if it hits six figures - the shorts will be gone?', ""Jokes on us... he doesn't wear any"", '*please be a man thong!', 'What happens at 7 figures? 😲', 'What is this timeline? WTF', '![gif](giphy|10Jpr9KSaXLchW|downsized)', 'A banana hammock is peak this timeline', '😂🤣😂😂', 'Ryan don’t wash them we are begging you', 'He couldn’t afford those last 10 cents?', 'It would be so funny if somehow this started moass', 'The fact it made it to 100k is already crazy enuf\xa0', '**Here:**\n\n**https://www.ebay.com/itm/388688595731**', ""This is the way! Don't forget to ask the condition of the said underwear: **WASHED or UNWASHED**"", 'Slabbed!', 'Is there going to be an NFT', 'RC should authentically wear them, remove them, and hand deliver them in person.  No certificate needed.', '![gif](giphy|CAYVZA5NRb529kKQUc|downsized)', 'Might have a brown stamp of approval', 'Alright, hear me out. \n\nPSA grading business just clicked on another level. Imagine Onlyfans Bathwater and Sydney Sweeney panties...', 'Lmao.', 'Yes, hats down to the bidders, all of them.', ""let's hope it's serious bidders and not just trolls"", '“The hedgefund who wins the bid will be granted an exit. May the odds be ever in your favor.”', '“Gamestop raises more than $100K for charity selling a stapler. Investors had enough and want out. Stock Plummets”\n\nGME: + 8.72%', 'What usually happens with eBay auctions like this is people will bid it up for the luls and end up just not paying for it', ""For me its much more bullish if some unknown ape wins.\n\nJesus how much money have apes put into the stock if there's a bidding war resulting in 100s of thousands paid for a fucking stapler lmao."", 'Had the same thought, it would be so fucking funny if he did', 'I think one can not outbid himself, so it had to be real bidding with someone (even if 100,100 would not be what we talk about)', ""The underwear are more real than any GameStop share you're buying right now."", 'https://preview.redd.it/0b0rvfdwdybf1.jpeg?width=1080&format=pjpg&auto=webp&s=c12280fc3b34f96a3876b3d0a5674238ba4292db', '![gif](giphy|iv80ZwyJ0ep0GU9jap)', 'StaplerDEEZ', ""Fkn legend! Wish I could have got a bid in but it's way too high now lol"", 'It’s for charity and it’s funny. Lighten up buddy.\xa0', '**HA! 🤑🤑🤑**', 'Thanks for the update! 🍻', '![gif](giphy|l2Sq29cFXoF80ADlK|downsized)', '![gif](giphy|ZIj2hKz4kUU5G)', '**Bro now wants seven figures 😭**\n\nhttps://preview.redd.it/2cus7qq8d2cf1.jpeg?width=1290&format=pjpg&auto=webp&s=a663a27eaa29ea15bf5dd3205ac8fedd28501e05', 'Tf. 😂', '![gif](giphy|ULyYV5amK2eYM)', ""Omg imagine he does include PSA 10 undies in a nice display case? That would be amazing haha although whatever degen is bidding on this I'm sure would prefer used ones..."", 'Nat turner said he will grade everything RC touches 😂', 'None can contain him', 'He knows shorts are naked', 'RC photoshoot made into a 1/1 Calendar?', 'My thoughts exactly 😂😂😂', 'I hope that display case is airtight to really seal in the flavor', 'I’ll cover the rest', 'Haha. Proof reading is for suckers and I ain’t no sucker!', 'Mother Of All Stapler Squeezes is in full motion.', 'can you just tell what it’s at I can’t get it lol', 'That worked thank you thank you  \n\nFuck that’s wild 😂😂', 'Gotta ease into that one', '*So... could I buy it from a gashipon or not?*', 'Boxers or briefs? What if RCEO goes commando? Naked…shorts?', 'Why would anyone buy used underwear if it’s been cleaned? The aroma is the main point\n\n![gif](giphy|MCqecpHhfh2qA)', 'Not that I am interested, BUT PERHAPS \n\n\nWORN or UNWORN?', 'Can we also request that they were used during a 2 hour long intense bike ride on a hot day? Minimum 2 hours. I’m asking for a friend.', 'i will take it WASHED and CLEAN, UNWASHED is so gross', 'Remove them without breaking eye contact...', 'I hope it passes the sniff test.', '![gif](giphy|RrVzUOXldFe8M)', 'But underwear', 'Do they have no way to make the bidders liable?', 'We all know those apes are buying the underwear, not the stapler', 'I thought DRS shares are real?', 'How much would it cost for you to wear the underwear and rub it against my underwear Im wearing', ""He better, otherwise he's not very good at selling the brand. Hahahahah"", 'I pay extra if Nat Turner touches it himself.', '![gif](giphy|3o6ZtrbzjGAAXyx2WQ)', 'Underrated comment', 'https://preview.redd.it/2q2fvad4bybf1.jpeg?width=1290&format=pjpg&auto=webp&s=c7baa362514dfce11dde8e55e36693b4aeb588c8', ""So that's why those dates went bad.."", 'short jorts no briefs', '![gif](giphy|y4OOMyd7nyXlUf8pyx|downsized)', '[Exactly](https://www.deseret.com/1991/11/12/18951402/indianian-pays-2-100-for-madonna-s-baseball-uniform-at-charity-auction/)  \n> A 29-year-old construction worker paid $2,100 Sunday for an **unwashed** baseball uniform Madonna wore while filming ""A League of Their Own.""\n\n>Doug Burton, of Boonville, Ind., said he would have gone as high as $5,000.He bought the uniform ""for investment purposes"" and plans to resell it for about $10,000 once the movie directed by Penny Marshall is released in June.\n\n>""It\'s hard to put a value on something like this,"" Burton said.', 'Panty pudding', 'Lmao 😂', ""No, it's not a legally binding contract that can be taken to court."", 'Jorts to hodl the Jonkle', ""You are essentially forking your account though.  Anyone with low reviews isnt allowed to bid so it's your account of years for lulz if you do it."", 'Yeah, but the question was could they be liable, meaning legally obligated to pay, and the answer is no.']",0.4215,0.0,0.19107989130434785
1lw01qu,"GameStop Charity Auction skyrockets from $1 to $100,100 -Ryan Cohen pinned his post.",193,https://www.reddit.com/gallery/1lw01qu,1752110369.0,,"[""# [Computershare DD series- The Infinity Squeeze](https://www.reddit.com/r/GMEJungle/comments/pupgic/computershare_dd_series_part_6_infinity_squeeze/?utm_source=share&utm_medium=web2x&context=3)\n\n**Running list of resources for DRS around the world:**\n* [In the EU- How to get mail in under 2 weeks, and cheaper](https://www.reddit.com/r/GMEJungle/comments/rcm54r/dear_euroapes_you_dont_need_to_wait_46_weeks_for/)\n* [10 steps to DRS and Buy Directly on CS for Apes around the World](https://www.reddit.com/r/GMEJungle/comments/q40u7z/10_steps_to_drs_and_buy_directly_on_computershare/)\n* [A 3 part series with detailed Broker-by-Broker instructions](https://www.reddit.com/r/GMEJungle/comments/pwb3pl/transferring_shares_to_computershare_part_3_a/)\n* [International Apes from 200+ countries can transfer their shares](https://www.reddit.com/r/GMEJungle/comments/pyl5uw/international_apes_can_transfer_shares_to/)\n* [And can buy directly through CS once the account is established](https://www.reddit.com/r/GMEJungle/comments/q16f43/uk_ape_buying_gme_directly_from_computershare/hfd0rdk/?context=3)\n* [International Apes' Guide to the Galaxy](https://www.reddit.com/r/GMEJungle/comments/pu15ot/international_apes_computershare_us_drs_transfer/)\n* [Computershare AMA Part 1](https://www.reddit.com/r/GMEJungle/comments/rloc2f/computershare_dd_series_ama_part_1_with_paul_conn/)\n* [Computershare AMA Part 2](https://www.reddit.com/r/GMEJungle/comments/rlota7/computershare_dd_series_ama_part_2_with_paul_conn/)\n* [Book vs. Plan Update](https://www.youtube.com/watch?v=9H_pEIhIdTo)\n* [How to change plan to book online and keep DRIP (no phone call)](https://www.reddit.com/r/GMEJungle/comments/rn4eh8/computershare_step_by_step_instructions_to_change/)\n\n\n**If you're having trouble commenting, remember only approved users can comment and post in the Jungle. We are not accepting approval requests at this time.**\n\n*I am a bot, and this action was performed automatically. Please [contact the moderators of this subreddit](/message/compose/?to=/r/GMEJungle) if you have any questions or concerns.*"", 'RC right now 😆\n\n![gif](giphy|kLALBwFNGHcGY)', ""It's a scam,  RC goes commando."", '**Update: https://www.ebay.com/itm/388688595731**', 'Finally, the secret revealed\n\n1. Staple something\n2. Auction the thing, plus underpants\n3. PROFIT!!', '![gif](giphy|US2ErIKvd1g7HAGYSL|downsized)', 'https://preview.redd.it/t8yxi8hkbybf1.jpeg?width=1125&format=pjpg&auto=webp&s=af8371351694382701656f3aeda7ca34d396717e\n\nThis screenshot is 20 minutes after OP posted.', '🤣', '$105k now 🤯 that was hella fast!', ""That's the bidders mood right now 😂""]",0.4215,0.0,0.0911
1lw01xi,"GameStop Charity Auction skyrockets from $1 to $100,100 -Ryan Cohen pinned his post.",395,https://www.reddit.com/gallery/1lw01xi,1752110383.0,,"[""Welcome to r/GME, for questions in regards to GME and DRS check out the links below!\n\nDue to an uptick in scammers offering non official GameStop merchandise (T-Shirts)\n\nDO NOT CLICK THE LINKS THAT ARE NOT OFFICIALLY FROM GAMESTOP. \n\nWe have partnered with Reddit directly to ensure the Communities Safety.\n\n[What is GME?](https://www.reddit.com/r/Superstonk/comments/qig65g/welcome_rall_looking_to_catch_up_on_the_gme_saga/?utm_source=share&utm_medium=ios_app&utm_name=iossmf)\n\n[GameStop's Accomplishments](https://www.reddit.com/r/GME/comments/x3hv46/list_of_official_gamestop_accomplishments/?utm_source=share&utm_medium=ios_app&utm_name=iossmf) \n\n[What is DRS? US / International](https://www.reddit.com/r/Superstonk/comments/ptvaka/when_you_wish_upon_a_star_a_complete_guide_to/?utm_source=share&utm_medium=ios_app&utm_name=iossmf)\n\n[ComputerShare International DRS Support](https://www.reddit.com/r/GMEJungle/comments/r9euj1/computershare_upgrades_drs_support_for/?utm_source=share&utm_medium=ios_app&utm_name=iossmf) \n\n[Feed The Bot Instructions](https://www.reddit.com/r/GMEOrphans/comments/qlvour/welcome_to_gmeorphans_read_this_post/?utm_source=share&utm_medium=ios_app&utm_name=iossmf)\n\n**Power To The Players** \n\n\n*I am a bot, and this action was performed automatically. Please [contact the moderators of this subreddit](/message/compose/?to=/r/GME) if you have any questions or concerns.*"", 'Awesome sauce.', '![gif](giphy|fQ17QgZdfSCnetAMfH|downsized)', '![gif](giphy|bOaoGDHnfduM0)', 'Trying to be musk so bad', '#Update: https://www.ebay.com/itm/388688595731', '![gif](giphy|IdJ1CGkn4JmRU29aBy)', 'Holleee Fuck, everything RC touches turns to gold literally.\n\nA staff members fuck up has turned into 100k...unfuckingbelievable!', 'Will it affect our stock price?', 'Still 6 more days to go lol', 'Mayhaps one day after the stock moons, I will be able to at least be able to think about bidding on pieces of history. \n\nI\'m not even close to ""let me consult my accountant"" level yet.', 'Is Nat and PSA going to grade RC’s drawers?', 'Gme to 100$ by end of year ! Who is with me?', 'Imagine if DFV is the anon donor 😊', 'This has been pure human fun and excitement for years. What a long, strange trip it’s been!', '👀', '$105,995@ top o’ the hour', 'Should cover the replacement costs of the affected units easily', ""We'll see said the zen master. I wouldn't be surprised though. It's damn good PR and is spreading out fast."", 'https://imgur.com/a/a0ArklP', '![gif](giphy|Z3pez2XOAb11naBDbh)', ""it's actually going to charity, a children's hospital i believe, but it should still generate some positive public relations\n\nabout the stapler incident, i wouldn't worry too much about the damages, i'd be surprised if the loss was more than a couple of thousands of dollars if insurance didn't cover it"", ""Just saw that info,  glad to hear it's going to charity.  Well played""]",0.4215,0.0,0.15622608695652174
1lw2br1,GameStop to start selling PSA graded collectibles on eBay,217,https://www.reddit.com/r/Superstonk/comments/1lw2br1/gamestop_to_start_selling_psa_graded_collectibles/,1752117231.0,"Selling the stapler is good PR for GameStop, but did they really need to help eBay generate traffic? Potential partnership at play? It seems like a lot of effort (including creating their first GameStop account on eBay starting June 24, 2025) for just making good PR for the staplegate. 

My speculation is that GameStop will take those PSA graded collectibles and sell them on EBay.  If I'm looking to buy a collectible wouldn't I place more trust on GameStop than a random person on eBay? ","[""[Why GME?](https://www.reddit.com/r/Superstonk/comments/qig65g/welcome_rall_looking_to_catch_up_on_the_gme_saga/) || [What is DRS?](https://www.reddit.com/r/Superstonk/comments/ptvaka/when_you_wish_upon_a_star_a_complete_guide_to/) || Low karma apes [feed the bot here](https://www.reddit.com/r/GMEOrphans/comments/qlvour/welcome_to_gmeorphans_read_this_post/) || [Superstonk Discord](https://discord.gg/hZqWV2kQtq) || [Community Post: *Open Forum*](https://www.reddit.com/r/Superstonk/comments/1ipojer/open_forum/) || [Superstonk:Now with GIFs - Learn more](https://www.reddit.com/r/Superstonk/comments/1cr37r7/superstonk_gets_its_gif_on_get_hyped/)\n\n------------------------------------------------------------------------\n\nTo ensure your post doesn't get removed, please respond to this comment with how this post relates to GME the stock or Gamestop the company.\n\n------------------------------------------------------------------------\n\n\nPlease up- and downvote this comment to [help us determine if this post deserves a place on r/Superstonk!](https://www.reddit.com/r/Superstonk/wiki/index/rules/post_flairs/)"", 'Why would a 6billion dollar company sell on ebay and not their own site?', 'It was for charity and they maybe wanted more eyes on it. 🤷🏻\u200d♂️', 'I doubt it.  Just publicity and branding\n\nAnyway They are merging with everyone,  allegedly', 'Show me RC underwear 🩲', 'Doesn’t seem like that much effort, and they have their own platform to sell', 'Right now, eBay can only benefit from a partnership with GameStop. GameStop is stepping into the collector’s markets aggressively. However they do not currently have an auction-based system. eBay on the other hand has the moat in that regard. \n\nI have friends who are in close connection with eBay, who instead of being charged the regular retail fee (feebay), they’re only charged a minimal fee to sell their items on eBay. \n\nGameStop currently sells their psa graded cards on their website. Their question would be 1) should we pursue auction systems and if yes, do we create our own or partner with a company that does auctioning well; or 2) they may not be interested in auction systems. \n\nMost collectors however are highly engaged in auction based platforms like eBay and GameStop absolutely knows this. Thus it makes a lot business -sense for GameStop to explore this expansion. \n\nWill see.\n\nEdit: grammar/typo', 'Have they announced which case the money will be donated to? From staplegate', 'https://i.redd.it/r1v9n68g3zbf1.gif', 'I doubt they want to pay the 15.5% + fees eBay’s has for there normal business', 'GameStop to acquire eBay or vice versa', 'If GameStop went on eBay, then they could sell to apes all over the world. I’ve been saying this for a few years now. Then we could buy from GameStop all over the world.', 'Ebay absolutely KILLS sellers on fees now adays', 'You mean, Gamestop gonna buy eBay.', 'eBay partnership?', 'Auction items to ebay maybe.', 'eBay still has over 130million active users each quarter. The most out of all second hand selling platform. \xa0They can use eBay as a secondary place to sell their items. Extra exposure, no physical store needed. Why not', ""Maximize distribution strategy. Gamestopisn't where people go for collectibles auctions,     today."", 'Proximal buffer to degen market', 'Would it be possible to merge with eBay?', 'Many companies do.  Newegg for example.  Also best buy.', ""Selling to people that aren't already customers of GameStop.\xa0 Demonstrating that the thing they're selling is portable and has a market outside of GameStop.\xa0 It's a really good thing."", ""Many companies have eBay storefronts.  If a customer feels more comfortable shopping them through eBay, that's fine.\n\nIt also creates a pinch for card resellers who are dirt bags due in part to GameStop having the PSA grading and a guarantee of authenticity from their inventory."", 'Rumor is he has more, we’ll see.', 'In that case, why didn’t they do this stapler auction on their own website? \xa0eBay has the user base, many users already have existing accounts that don’t require new signups. It has already figured out the product recommendation algorithm, etc. I see a lot of positives!', 'It makes more sense to create their own auction app especially for graded cards. If you browse the sports cards and TCG forums, eBay makes a shit load of money for every sale. It was something like $800 in fees they make on a $3500 card (%20).', 'It is announced in the Authentification Letter.', 'eBay market cap 35 billy', 'eBay has a larger market cap. Probably not.\xa0', 'Merger', ""This could actually be big. PayPal route, if they're crypto-accessible."", 'Bring your physical collectible to a GameStop store to be graded and then listed on eBay’s auction site. You get cash and don’t have to worry about any of the effort.\n\nOMG it’s the store from the 40 year old virgin movie', 'Build their own and take away market share from eBay with better commission rates. Cards, games, and collectibles…integrate with “the vault” and exchange crypto could just be the start.', 'Good point, I do love this move and they’re causing a stir', 'As much as that’s an awesome plan for long term, in the short term, EBay still has a larger regular user base.  Brand building takes time, and requires a track record of good customer experience.\n\nThey may end up doing both at the same time, but run a discount on their own site to drive users there, and off of EBay, but that wouldn’t by something EBay would support.', 'Ebay asks for about 15% of the total revenue though. That margin loss would be too hefty.', 'Nah, just mark it up 20% then give a 20% discount on GameStop.  Still 5% margin on top of GameStop, but they’d be willing to let it go 20% cheaper to bypass the EBay overhead.\n\nIt’s a good move both on paper, and in theory, so let’s see if it can work in practice.']",0.0,0.9759,0.16405945945945946
1lw2g89,GameStop confirms underwear will be included in the auction!,1337,https://i.redd.it/kmbcfbr8tybf1.jpeg,1752117617.0,,"[""[Why GME?](https://www.reddit.com/r/Superstonk/comments/qig65g/welcome_rall_looking_to_catch_up_on_the_gme_saga/) || [What is DRS?](https://www.reddit.com/r/Superstonk/comments/ptvaka/when_you_wish_upon_a_star_a_complete_guide_to/) || Low karma apes [feed the bot here](https://www.reddit.com/r/GMEOrphans/comments/qlvour/welcome_to_gmeorphans_read_this_post/) || [Superstonk Discord](https://discord.gg/hZqWV2kQtq) || [Community Post: *Open Forum*](https://www.reddit.com/r/Superstonk/comments/1ipojer/open_forum/) || [Superstonk:Now with GIFs - Learn more](https://www.reddit.com/r/Superstonk/comments/1cr37r7/superstonk_gets_its_gif_on_get_hyped/)\n\n------------------------------------------------------------------------\n\nTo ensure your post doesn't get removed, please respond to this comment with how this post relates to GME the stock or Gamestop the company.\n\n------------------------------------------------------------------------\n\n\nPlease up- and downvote this comment to [help us determine if this post deserves a place on r/Superstonk!](https://www.reddit.com/r/Superstonk/wiki/index/rules/post_flairs/)"", 'Good work, Gumshoes. 🍻', 'Will it be dirty?\n\n![gif](giphy|JNKy9CJSsCmiY)', 'Still waiting on a reply\n\nhttps://preview.redd.it/lrgo8i5fvybf1.jpeg?width=1284&format=pjpg&auto=webp&s=eb1ec833b5494584b870de2581dd21126a067421', 'What is this timeline? I love it.', ""So maybee this brings about commando day for all interests in Gamestop??   I'm for it!!  starting next hump day!"", ""I know this is fake because the man I follow doesn't wear underwear. He is always commando."", 'plot twist: Underwear has a printed text ""HODL with care""', 'What if the eBay listing is a countdown', 'I @MODS!ed him on x, so he had no choice.', 'something something ripe for the taking something something', 'The underwear must not be washed for authentic DNA experience', 'Keeps tabs for the next version of the ""Wabadabada is that true ? - Yeah !"" meme.', 'They seem to be reluctantly aware of our piety', 'Will they be dirty or freshly laundered?\xa0', 'lmayo', 'Wubadubabadub is that true?', ""Chewy connected with pet owners by showing them that their pets are more than just animals, but members of the family. They became the pinnacle of pet supply.\n\nGameStop connected with gamers by destroying a bunch of scarce new consoles, making it right, taking the murder weapon, and selling it (pre-owned) along with bonus underwear (pre-owned) to make the world a better place. Nothing connects with our community like a good meme. They'll be the pinnacle of physical games, accessories, and perhaps even culture.\n\nSomething fun to think about is that GameStop was pre-owned, too, before RC took the reigns."", ""We're no longer a brick and mortar. It's now a stapler and undies."", 'Yes. Next question.', 'Really the only question that matters', 'Its against eBay policy to sell used underwear\n\nhttps://www.ebay.com/help/policies/prohibited-restricted-items/used-clothing-policy?id=4281', 'Picturing someone sending RC a teams message rn asking your question haha', 'Top PSA heading', 'I won the auction and all I got was this stupid nft', 'I was just thinking the same thing to myself. \n\nWhat a time to be alive.', ""For fuck's sake what is the obsession with dates"", 'He’s selling a stapler, it’s just packaged in the underwear', 'I mean if not authenticated, he should at least sign it', 'I rather wonder about how this gets unboxed by someone from authentication services and verified', ""the way i see it, bears/shorts/shills use hype date disappointment as a tool to grind away at sentiment. kind of an emotional/motivation\xa0attack.\n\n(i'm not suggesting they're planting all of the dates or anything - just encouraging a culture of hype date hyping.)\n\nsome of it will be neurodivergent minds seeking rational simplicity with verifiable data points.\n\nbut mostly, i think people are bored and it's just a game."", 'Nat Turner said he would ""grade anything Ryan touches""']",0.0,0.0,0.086034375
1lwaqho,GameStop EBay Profile,133,https://i.redd.it/lhr4xxxhc1cf1.jpeg,1752148307.0,"GameStop created a seller profile June 24, 2025. Was reading a lot of comments on the other posts about the stapler and something caught my attention about a possible eBay partnership. This could be huge if true, eBay is the go-to place for collectibles, they already have a huge international following. 

I think the X post is only to generate attention to eBay, I mean why would they sell the stapler on eBay in the first place?","[""Welcome to r/GME, for questions in regards to GME and DRS check out the links below!\n\nDue to an uptick in scammers offering non official GameStop merchandise (T-Shirts)\n\nDO NOT CLICK THE LINKS THAT ARE NOT OFFICIALLY FROM GAMESTOP. \n\nWe have partnered with Reddit directly to ensure the Communities Safety.\n\n[What is GME?](https://www.reddit.com/r/Superstonk/comments/qig65g/welcome_rall_looking_to_catch_up_on_the_gme_saga/?utm_source=share&utm_medium=ios_app&utm_name=iossmf)\n\n[GameStop's Accomplishments](https://www.reddit.com/r/GME/comments/x3hv46/list_of_official_gamestop_accomplishments/?utm_source=share&utm_medium=ios_app&utm_name=iossmf) \n\n[What is DRS? US / International](https://www.reddit.com/r/Superstonk/comments/ptvaka/when_you_wish_upon_a_star_a_complete_guide_to/?utm_source=share&utm_medium=ios_app&utm_name=iossmf)\n\n[ComputerShare International DRS Support](https://www.reddit.com/r/GMEJungle/comments/r9euj1/computershare_upgrades_drs_support_for/?utm_source=share&utm_medium=ios_app&utm_name=iossmf) \n\n[Feed The Bot Instructions](https://www.reddit.com/r/GMEOrphans/comments/qlvour/welcome_to_gmeorphans_read_this_post/?utm_source=share&utm_medium=ios_app&utm_name=iossmf)\n\n**Power To The Players** \n\n\n*I am a bot, and this action was performed automatically. Please [contact the moderators of this subreddit](/message/compose/?to=/r/GME) if you have any questions or concerns.*"", 'rookie numbers for followers mount up', 'They are selling the original repaired Switch2 plus the stapler plus the actual staple plus COA plus worn/unworn RCEO undercrackers!', 'He’s gonna be naked under them shorts!?!?!', 'Gonna sell all the cards they lost “sending to PSA”', 'Go check the bid history on the stapler. Someone bid $109,420.69\n\nOne of us!!!', ""They'll have to figure out how to deal with all the negative reviews they'll get."", 'r/UnnecessaryRedCircle', 'I’m hoping to see it accelerate in the next few days now that the stapler is getting so many views. Will be anxious to see if they list more items', '[deleted]', ' GameStop has a partnership deal with PSA.  PSA owns the EBay vault. They’ll probably list collectibles.  I could see them use it for high dollar items.  eBay has 1000x the user base that the GameStop website has.   Lots of people don’t even know you can buy on the GameStop site.', 'Personally I see no hype in a stapler and I’m not sure why others do. It wasn’t a big deal when it happened - they made it right immediately and we all moved on. It wasn’t a ‘PR disaster’ into a ‘PR win’ — I assume most people really dgaf and this is mostly a social media market campaign. The Buck the Bunny comeback and now this. Nothingburgers until something material happens.', 'If you staple it, they will come', 'Tryin to be like supreme?']",0.0,0.8126,0.05935000000000001
1lwbnf6,GameStop Gives 🫶🏼,628,https://www.reddit.com/gallery/1lwbnf6,1752151074.0,"**GAMESTOP GIVES**

**""GameStop. The home of games, gaming consoles, gamers, and giving back.""**

**""Through GameStop Gives and partnerships with Make-A-Wish and Children’s Miracle Network Hospitals, we’re bringing joy, resilience, and hope to children facing critical illnesses. GameStop is committed to helping kids rediscover their smiles and find strength through the power of play.""**

**""Join us by rounding up purchases or donating at checkout. Together, we’re making a real impact in the lives of kids who need it most.""**

**""Visit your local GameStop and round up your next purchase to support this cause.""**

**➡️https://www.gamestop.com/gamestopgives**

**September 2024:**

**""Since 2018, GameStop has provided *$3.5MILLION* in support of Children’s Miracle Network Hospitals through point of sale campaigns, product donations, Extra Life, and more.""**

**""Thank you, GameStop, for making a difference in the lives of kids and families treated at Seattle Children’s one coin at a time.""**

**https://gamestop.childrensmiraclenetworkhospitals.org/gamestop-understands-the-value-of-coins/**

**https://www.extra-life.org/GameStop**

**https://www.extra-life.org/GameStopLeaderboards**","['Hey OP, thanks for the Social Media post. \n\nIf this is from Twitter, and Twitter is NOT the original source of this information, this WILL get removed!  \nPlease post the original source!  \n\n**Please respond to this comment within 10 minutes with the URL to the source**  \nIf there is no source or if you yourself are the author, you can reply `OC`', '**The goal is to raise *****SIX FIGURES***** 🤗**\n\n....\n\n➡️ [https://www.extra-life.org/GameStop](https://www.extra-life.org/GameStop)\n\nhttps://preview.redd.it/z6ka87gtk1cf1.jpeg?width=1290&format=pjpg&auto=webp&s=ce147d19610b35bda92907e0c2e36eb25c5d04a9', 'This is only the beginning of apes ability to help those in need. In due time we will change the narrative', 'im wondering how mass media will turn this against gamestop', 'This is an amazing charity, I know several people whose kids received lifesaving care. \n\nFOR THE CHILDREN!', '![gif](giphy|Who4LMJ8PwsXBBlP2I)', 'You gotta give!', 'This charity is down the road from TZero.', ""I know it is wrong of me, but I'd really like the left half of the controller logo mirrored to look like goatse."", 'This should be top post\n\nNot underwear', 'Those are rookie numbers.', '#🙏🏼', 'I can’t wait to donate to saving great apes. Especially orangutan and gorillas. Our cousins desperately need our help.', '🙏', 'Ikr.. rookie numbers can make big difference. 🍻', ""That's what I'm saying. If they can hit this goal with a stapler, they're just getting started.""]",0.0,0.9856,0.2886125
1lwfz14,"A freak GameStop accident left some Nintendo Switch 2 consoles stapled – that stapler, the first staple, and the repaired Switch 2 it damaged are now being auctioned to support children's hospitals | GameStop says ""no employees were harmed"" in the aftermath of Staplegate",1287,https://www.gamesradar.com/games/a-freak-gamestop-accident-left-some-nintendo-switch-2-consoles-stapled-that-stapler-the-first-staple-and-the-repaired-switch-2-it-damaged-are-now-being-auctioned-to-support-childrens-hospitals/,1752162099.0,,"['Reminder: this subreddit is meant to be a place free of excessive cynicism, negativity and bitterness. Toxic attitudes are not welcome here.  \n\nAll Negative comments will be removed and will possibly result in a ban.\n---\n\nImportant: If this post is hidden behind a paywall, please assign it the ""Paywall"" flair and include a comment with a relevant part of the article. \n\nPlease report this post if it is hidden behind a paywall and not flaired corrently. We suggest using ""Reader"" mode to bypass most paywalls.\n\n---\n\n*I am a bot, and this action was performed automatically. Please [contact the moderators of this subreddit](/message/compose/?to=/r/UpliftingNews) if you have any questions or concerns.*', '>Last month, a New York GameStop location made headlines after now-confirmed reports of some Nintendo Switch 2 buyers receiving their consoles with receipts stapled straight through the packaging with enough force to scratch the handheld inside. ""The infamous Switch 2 stapler"" has been acknowledged and collected by GameStop, which is now auctioning it off on eBay with proceeds going to Children’s Miracle Network Hospitals.\n\n>The official GameStop accounts revealed the listing earlier today. At the time of writing, the \'\'GameStop Staplegate Charity Auction\' | Nintendo Switch 2 & The Stapler"" listing has already hit $16,900 after 127 bids.\n\n>The bundle includes the stapler behind this incident, the ""first stapled Nintendo Switch 2,"" the original staple ""carefully extracted and preserved"" from that Switch 2, the damaged console packaging, and a certificate of authenticity signed by GameStop CEO Ryan Cohen.\n\n>""The Nintendo Switch 2 console, serial number HAW50270415462, was the recipient of the above-mentioned staple,"" the auction reads. ""Refurbished by GameStop Corp., the screen has been repaired, and it is ready for play. It is the first known console to be officially stapled during a product launch by GameStop."" Hey, at least the console works. And it\'s history!\n\n>""If this reaches six figures I will include my underwear,"" Cohen said of the auction on Twitter.\n\n>""While the incident itself was unfortunate, we hope its legacy serves a greater purpose,"" GameStop says in the auction listing.', 'Great way to turn one incident into something great. Looks like it’s already over 100k for charity\n\nEdit: 117k go GameStop! Going to go get a ps5 game today in lieu of what I usually donate to charity', ""I dunno why people thought they'd fire the employee. It's hard enough getting workers these days, they wouldn't kill someone over a simple mistake that was likely store policy/training to begin with. It was just an unfortunate accident.\xa0\n\n\nAnyway this is a very fun and cute way to spin a viral event into something positive.\xa0"", ""I still want to know why Gamestop damages customer's boxes by stapling receipts to them. If I buy a brand new console and the store immediately damages the box like that I'll be asking for an immediate refund."", ""Does GameStop plan to match any money? It's always funny when big corporations do things like this that rely on other people with money to do something."", 'Why is it uplifting that we have to support hospitals (or any healthcare) with charity auctions?', '""A freak accident"" is a **very** charitable way to describe what happened...\n\nBut good for them for turning this into something good!', 'Does that mean all the switches from Best Buy are being sold off to charity?', 'Call me a cynic but, big corporation gets a major tax write off for a charitable donation of someone else’s money isn’t uplifting. \n\nAlso the everyday ordinary customer that had this happen to their switch gets nothing and GameStop somehow gets a positive PR boost and the aforementioned tax write off. \n\nInsane really.', 'Dumb', 'This is really really cool!', 'I really don’t like GameStop but even I have to admit… this is an amazing thing to do to help kids. Way to go GameStop on this amazing charity!', 'how is it a ""freak accident""? \n\nits two stupid decisions by two companies. where is the freak?\n\n1. have the console so close to the outside of the box, 2. staple the box\n\nboth dumbfuck decisions, not an accident\n\na staple lorry crashing into the store and stapling some boxes would be a freak accident, not this', ""CEO Ryan Cohen now up the ante with reaching 7 figures he will fly the winner to Miami and have lunch at Mc Donald's where he will personally deliver the pre owned goods."", ""It's over 100k now."", 'Check out the posts from their CEO. Pretty cool imo.', ""Honestly, that's some genius PR too"", 'We have seen people fired over stupid things before. Our faith in humanity is low, and in corporations even lower. \n\nBasically, concern for the employee makees sense', 'Gamestop is probably the easiest job to get people for.', 'why werent they doing this with other consoles? literally nobody has ever stapled receipts to anything.', 'The packing was really light. Different than many other console releases. It was a combination of factors.', 'Well the manager in an interview said they expected to be fired because of this.', ""Yeah was gonna say, how the hell do they manage this stuff? You'd think they'd just use rubber bands or a sticky note or something, it's almost comical"", ""Sure thing.  You'd get a refund on an impossible-to-find item at launch because of a staple mark on a box.  Okay."", 'Never heard of a charity auction?', 'Because it turned a negative story into something positive?', 'Even if we had socialized medicine like every other industrialized nation in the world, **more money going to charity is always good**.', 'Yup. 100% a failure on the packaging design team.', 'Fellow cynic here.\n\nGameStop replaced the damaged systems.', 'Corporations don’t get tax write offs with other peoples donated money. It’s only if they donate the money out of their own profits.', 'It’s genuinely mind boggling how bad the average “corpos bad” redditors are at understanding basic taxes. The ego of moral superiority totally clouding any semblance of actual knowledge. \n\nYou realize that GameStop can write off the losses WITHOUT donating the money for 100% returns? That’s literally what “writing off the losses” means. Donating it to charity is WORSE than writing it off, because you typically get higher tax deductions for total write offs.', 'He’s the guy who made chewy, doesn’t he not even take a salary?', ""Which posts, the ones where he says he'll toss his underwear in with the stapler or the ones praising the far right and making fun of DEI/vaccines?"", ""I dunno. I got a Galaxy Z Fold, and a stapler could have also pierced through that to the unfolded screen inside. \n\nI don't think I've had any of my electronics stapled. Ever. And this is going back to the NES days."", 'Or this new invention called Scotch tape.', ""Or, since the receipt is generated after you pay, just hand it to the person that just paid. There's really no reason to affix it to the box at all."", 'As a collector, you bet I would.', 'The only uplifting thing about trends like these are the people working to make sure healthcare doesn’t have to be funded by random charity auctions.', 'It depends on how they set the auction up. If they donated the items to the charity and are letting the charity run the auction their write off is for the FMV of the items donated, if they are going to write a check for the amount they receive for the auction and donate it to the charity then they can use that amount as a charitable write off.', 'It depends on how they are running said auction. If they donated the items to the charity then they can write off the FMV of the items donated. If they are running it themselves and then writing a check to the charity then they can write THAT amount off as a charitable donation. The way this is documented is what will determine that. \n\nI do actually understand taxes and write offs as I worked in that field for a few tax seasons.', 'Surely you already know the answer to those questions, being active as you are in the gamestop stock subreddit.\xa0', 'Well. If you ""read"" the first OP post and comprehend things, you should know which ones. 😎', 'Always 1 in every bunch.', 'Shills gotta shill.', ""As a collector, I think you're insane."", ""People who do that are worse than those who use AI for their actual responses like it's their's."", 'Ah, the head in the sand approach. Gotcha.', ""their account is 2 months old. Don't feed the bots/trolls friend"", ""Why? They're gonna make more. They're only impossible to find right now. At one point the PS5, SeX, 360, Switch, and Wii were all impossible to find. So were copies of BotW. And then more got made and they were no longer impossible to find. If I'm paying $500 for a Nintendo-branded PS4 then it had damned well be mint condition."", ""Lol truly. It's an uplifting post about a charity auction.  Someone has to turn that into a political statement.  Gotcha."", ""Appreciate you. You're exactly correct.  Have a great day all. 😎"", '>Check out the posts from their CEO. Pretty cool imo.\n\nJust following your advice.', 'I hate to tell you, but engaging in charity is inherently political.']",-0.8519,0.0,0.2393148148148148
1lwgbbs,Gamestop on X,4045,https://i.redd.it/mn5s0c7xj2cf1.jpeg,1752162910.0,,"['Hey OP, thanks for the Social Media post. \n\nIf this is from Twitter, and Twitter is NOT the original source of this information, this WILL get removed!  \nPlease post the original source!  \n\n**Please respond to this comment within 10 minutes with the URL to the source**  \nIf there is no source or if you yourself are the author, you can reply `OC`', 'Someone from this sub is definitely about to bid $1,000,001\xa0', 'when does the auction end?', 'Helluva debriefing inbound for someone...', 'will he take it off in person and hand the winner after maccas', ""I'm curious, can you make a bid without proving you have the funds ? What stops people from trolling ?"", 'Can we quickly create a Superstonk LLC, all contribute 7.41USD and basically have another shareholder meeting?', 'I am able to donate few bucks for the winner to reach that sever figure, if needed.', 'I wish I had that type of money 😭', '1 mil to take RC on a date and go home with his undies? Id make that deal', '[Ante Up](https://youtu.be/3MUGAxpI0Bc?si=s2-8VIyqqUBGbtOj)', 'Should’ve included a balatro pic. I’d go with nanif goal', '$420,069 final bid! Calling it now! 🚀🚀🚀🚀🚀', 'You mean upped the panty', 'Imagine RK is the winning bidder', ""If RK buys it and gets himself lunch or let's one of us apes fly."", 'RK is about to do something really funny....', 'News: UNPAID STAFF AT GAMESTOP FORCED TO SELL UNDERWEAR TO BUY TIME FOR DYING BRICK AND MORTAR STORE WITH BILLIONS IN NEGATIVE DEBT', 'I think Keith should dip into those megafunds he’s amassed, and do this for the shiggles. \n\nIt would genuinely break the internet!!😂', 'DFV should go and get it', 'Hope Roaring Kitty will buy it', 'Would have been better if he said lunch at Wendy’s🤣', 'Is that a slick Balatro reference from GameStop?!', 'DFV has the opportunity to do the funniest thing ever.', 'Bro said «\xa0If my boxer can save lives, it will\xa0»\n\nI seriously feel some special joy knowing the CEO of the company I’m invested in is going so far to help people.', 'Preowned and unwashed?', 'What if we pooled our money and sent DFV?', 'If moass happened I’d totally be up there trying to win\xa0', 'Classy date location. Open some prismatic while you’re there too!', 'must be so fun to be rich and do this kind of stuff xD', ""McDonald's? Wendy's dumpster or no deal"", 'Roaring kitty do the thing', ""...I don't think I want any of that."", '![gif](giphy|12aW6JtfvUdcdO)', '![gif](giphy|JpG2A9P3dPHXaTYrwu)', ""That's my Chairman! 💙💥"", 'I just wanna know boxers or briefs', 'Musk try hard energy not too long ago he was bleating about woke people like a maniac \n\nSad he needs this level of attention', 'Personally deliver, exactly how?', 'This is SOOOO much fun, seriousley🤣🤣👍', ""The McDonald's part is just so fucking American. Christ."", 'Such a weird timeline, back of my head thinking this is like literal chump change for someone like RK, now. If they wanted to make a large donation to GS and have an excuse to interact with RC, this would be the perfect opportunity lol.', 'God, please have DFV bid, then win, and appear in an image tweet with RC.\n\nI would be so happy.', 'I see a new MrB video:\n$1M trip to McDs', '$200k!', 'What if big mayo buys the stapler?', 'U think u can get the underwear graded upon delivery.... lol... APE... ALTERING PEOPLES EGOS', 'Underwear soon!', 'Michael Jackson’s glove sold for $420,000 for reference', ""I have 43,140 other things I'd rather spend that money on at this moment."", 'It technically requires two people to bid that much for the auction to go that high', 'I bid with 0.0001 of my share.', 'Can I borrow $1,000,001.00?', '6 days from now', 'The champagne room is eight figures.', 'This has been my concern.  I hope that because it is going to a Charity that it is keeping scum people like that out.', 'No you cannot. EBay checks before allowing a bid.', 'I like this idea haha. In.', ""This is the point where WE create a superstonk investment club, set up a gofundme, and fund it for charity...\n\n\nhttps://www.investopedia.com/terms/i/investmentclub.asp\n\n\n\n\nyea I said we...now you do you\n\n\nedit: RC's face when he has to fly 200k+ apes to miami for ice cream cones and fries...dam machine better not be broken that day"", 'Brother your profile picture fucked me up. I hate it. I swiped my screen trying to remove a hair so many times lol.', 'I would be down to contribute', '![gif](giphy|HMnrvi0FfS932)\n\nI’d make that deal.', '![gif](giphy|611e31zP6VZDy)', 'He is just another sugar baby🤷\u200d♂️', 'Not just any date. A date to McD-Town!', 'he should be.\nthen he asks real questions to rc around a big mac, resubscribes, posts an update then moass.', 'That would inarguably be the best outcome we could hope for. Superstonk would go off the fucking rails.', 'Do it RK, for the memes', 'The SEC would have a field day', 'Love it', 'Hahahah. Dying business.', 'Bro stop doing their job for them lol', 'this could honestly happen and be an ""excuse"" for them to meet. yeah I know he\'s memeing and im tinfoiling let me be.', 'Donate and find out', '.....is it GME?', 'SMRT', 'This sub should have a lottery, winner get the trip. Lottery would have to raise at least 1 Million dollars', 'Forget the machine, where is RC gonna find the time to break in 200k+ pairs of underwear???', 'After you', 'Gotta do the math to find out!', 'Now this is an excellent fucking idea!', 'We can make a Dao like pleasrdao.', ""Well..who's gonna be our leader? Kitty is the Messiah, but we still need a pope..."", 'No dude we would cut the underwear in small card size rectangles and send them to PSA to get graded then sell them back to gamestop', 'Too poor', 'Regards cant do math 🤣', 'Well, with the real price that could definitely get you a few fractional shares.\xa0', 'Then I could unslab it and eat it to consume its powers. Just like the PokemonTCG subreddit.', 'How exactly do you have multiple fractionals?… it would either be a fraction of one share or none lol', 'Well, like Bitcoin is made of satoshis we could say that a share is made up of fractional shares down to\xa0 .000001(share) so like $1 of GME gets me .04259 fractional shares right now.\xa0\n\n\nOr I guess I could say I have 4259 fractional shares, or maybe I have\xa0 .04259 shares and the fractional part is implied by the decimal.\xa0']",0.0,0.0,0.19917666666666664
1lwgdga,GameStop Zelda 3DS pick up,244,https://www.reddit.com/gallery/1lwgdga,1752163054.0,Founds this at a GameStop retro store. Didn’t realize until I got home that the bottom panel is black and not the gold that it would have came with. Is the install pretty straightforward if I find a new bottom for it?,"['Im scared to ask, for how much?', ""You just have to remove those 2 screws for the bottom plate, that's how you would access the SD card reader as well so it's simple"", ""Check the serial number to see if the black cover matches the inside. If it doesn't then the back cover was swapped. If it matches then the gold was swapped"", 'i’m too scared to ask for the price.', 'I just got this one off Nextdoor for $150, check for IPS, mine has top screen', 'RIP buyer, GameStop scams another one', 'Half assed reshell.', 'Curious to ask OP, did the employees let you touch it and inspect it before you bought it?', 'that’s a reshell just got one and they did the same to me but with a fake gray one', 'Yes its easy. 2 screws on the back and there is a small slot to pry gently to open it. The new one just pops on and screws on , but you might have to harvest the screws and rings from the current one.', 'Thats crappy that they didnt at least put a gold backplate on. I wonder if its even an original hyrule', 'Check to see if it’s dual IPS. should be a gold back tho', 'After the pro discount and the 15$ reward coupon I had was around 280. I think the regular price was 310', 'When they don’t add how much they paid you just know they got ripped off lol', 'Yup back cover very easy to swap but very hard to find one for good price in good condition and real', 'The gold was swapped bc it’s supposed to be gold on the back not gray', 'Or they were both swapped... lol', 'U got ripped lol', '$280 and it’s a reshell. Ya you got ripped off', 'gamestop as always.', 'Don’t worry about people trying to tell you that you got ripped, they always do that shit whenever you don’t pay dirt cheap for something or find it at a goodwill. \n\nYou paid a fair market price, better than average actually because the same item on eBay goes for more than what you got. \n\nAll While yours is assured, guarenteed/returnable, reward points, discounts, etc. \n\nDon’t worry bro', 'Holy mother of ripoffs', 'I posted what I paid. Read the comments', 'I think they mean to check if the top gold late is the imposter or the black bottom plate is the imposter because at least the black plate has a serial number they can match. If it does then it’s just a non-special edition black N3DS that someone put likely an aftermarket Zelda front onto but if it doesn’t match then it could potentially be a special edition Zelda N3DS which would be worth more that just had the back plate swapped for a black one', 'these are like 450 online', 'This is a reshell and the bottom shell isn’t even the correct one, yes he got ripped. If he got an OEM one it wouldn’t have been a bad deal.\n\nThe lower half is what the console’s original edition was since it has the serial number sticker and it doesn’t look stuck on. This is a black 3DS with a fake Hyrule Edition top shell.', 'sometiems true but i am still wary cause i just got 3ds from gamestop and it was reshelled still too and bottom screen ips but when i ask to look at the other ones they had in stock the worker was like “they’re all the same” so i just got the one he got out not realizing the outer top housing was replaced with a shitty aliexpress ones with no texture at all', 'Yeah ik, doesn’t change what I said lol.', 'Yeah that’s what I was saying. It’s either swapped off the Zelda one or not the original. Cause the back plate is supposed to be gold. \n\nI was just saying that it is swapped no matter what because the back of that ds is supposed to be gold not black', 'Its a reshell. Its not really the zelda edition.', 'Oh wow reshelling it to make it look new again in good condition, such a ripoff and bad thing………..ooOoOoOo', 'That’s a really ignorant way to see it. No one cares if it’s reshelled or not but these shells cost 10$ on Aliexpress and if you wanted to achieve the same result (and better) you could have spent 170$-220$ on a New 3DS XL of any color and reshelled it which takes 10 minutes max. It would look better and cost less money.\n\nThe point is that this was sold to them as if it was an OEM hyrule edition 3DS which would warrant a higher price point but it’s not.', 'it is when the shell is not the same quality id rather a shell with wear than a shitty replacement', 'These shells are terrible quality. Thin cheap plastic.']",0.0,0.4939,0.05190588235294118
1lwitjw,GameStop BTC holdings up +$37 million if we assume the average purchase price between May 3th and June 10rd was $105k,1287,https://i.redd.it/ubryp04013cf1.png,1752168793.0,,"[""[Why GME?](https://www.reddit.com/r/Superstonk/comments/qig65g/welcome_rall_looking_to_catch_up_on_the_gme_saga/) || [What is DRS?](https://www.reddit.com/r/Superstonk/comments/ptvaka/when_you_wish_upon_a_star_a_complete_guide_to/) || Low karma apes [feed the bot here](https://www.reddit.com/r/GMEOrphans/comments/qlvour/welcome_to_gmeorphans_read_this_post/) || [Superstonk Discord](https://discord.gg/hZqWV2kQtq) || [Community Post: *Open Forum*](https://www.reddit.com/r/Superstonk/comments/1ipojer/open_forum/) || [Superstonk:Now with GIFs - Learn more](https://www.reddit.com/r/Superstonk/comments/1cr37r7/superstonk_gets_its_gif_on_get_hyped/)\n\n------------------------------------------------------------------------\n\nTo ensure your post doesn't get removed, please respond to this comment with how this post relates to GME the stock or Gamestop the company.\n\n------------------------------------------------------------------------\n\n\nPlease up- and downvote this comment to [help us determine if this post deserves a place on r/Superstonk!](https://www.reddit.com/r/Superstonk/wiki/index/rules/post_flairs/)"", '*So far*\n\nhttps://i.redd.it/37u6pd0o13cf1.gif', 'Really makes me wish we bought more', 'GME the only bitcoin holding stock that doesn’t move with bitcoin\n\nWhat a joke', 'Pro Tip: You can just type in: 4710 x 8000', 'How and when can we find out what the average purchase price of BTC is ?', 'Cash in RC and buy more at 100k range...', 'Im assuming they bought the exact amount of full BTC they could for $500 million at the time. $500 million/4710 = $106,157.11. That’s still net negative after gas/transaction fees and debt payoff after selling if they were to right now. Not enough to get excited about.', 'Bought may 4th be with you 94', 'And people cried about a possible buy in over 85k lol', 'https://preview.redd.it/d39258xjs3cf1.jpeg?width=923&format=pjpg&auto=webp&s=054d71b5c9a7104367accbd87ce3562d90cb3cc0\n\nMOAAAAAAAR', 'they tweeted they purchased bitcoin on 5/28/2025', 'Nice, but at the same time I would like the stock price to go uppies as well', '![gif](giphy|3EV74tm43smVa)', 'What’s it at now?', ""Meanwhile DXY went down 2.5%\n\n$8.5B in cash (just rough napkin math) lost $212.5M in value\n\nSo not quite the hedge we need yet but better than nothing\n\nHe'll probably buy more BTC if it dumps enough\n\nEdit: typo"", ""How do we even know that he didnt yolo the whole warchest into BTC right after that interview? He could announce that we have like  12,000 btc at 80k then shorts are fuk. We'll see at some point"", 'And at the current value of BTC, $118,200. The holding is +$62M assuming the same average price as OP posted.\n\n>( 4710 \\* 118237 ) - (4710 \\* 105000)  \n62346270', 'Who said we didn’t?', 'Mhmm until it crashes then you’ll feel better lol', 'FOMO is dangerous, but I also wish I bought more GME at $10', 'Right, but also tbf, compared to other BTC stocks, the percentage of GME MC in BTC must be around 5.5%.', ""Gamestop has little exposure to Bitcoin. 5% ish.\n\nSo bitcoin goes up 5%, we should go up 0.25% if its a 1 to 1 value added.\n\nSo even yesterday and today's Bitcoin price actions is less than what a normal daily move in the the stock price.\n\nI think we should be 10% minimum 25% maximim of our reserves in Bitcoin otherwise i barely see the point.\n\nAnd yes, for me that means I would be okay even if he bought today at all time high."", 'Do the math then? 5% of the total holdings is BTC and BTC is up 2% today\n\nYou want to see a spike for 5% of 2%?', ""We have 447 million shares outstanding. 37.6 million profit equates to a profit of 8 cents per share. We have moved with bitcoin, you just don't like the move."", ""This is becuase only a small portion of GME is in bitcoin, most of GameStop's cash, and at this point, around 80% of the market cap is just sitting in cash, moving at the rate of T-bill's interest payout."", 'We can’t, the 8-K*** just says they bought 4,710 in between the dates in the title. \n\nI’m assuming they averaged in over that time period to end up with that cost average.', '2.5% so far 😅...', 'True. Do you happen to know the threshold that would force them to make an announcement? Isn’t it like 10% of cash on hand or something?', 'Yeah GME should have bought more honestly. Up 37m is kinda insignificant.', 'Yeah, and on ""bad news"" that should drop the price by 2%, it goes down 30%, so..... whatever.', ""Technically GME has dropped around 20% since the BTC purchase announcement at the end of May. So it hasn't moved with Bitcoin"", 'It was an 8-k\n\nThe BTC isn’t in the most recent 10-Q\n\nThe 8-k gave a range of when they purchased', 'Will there ever be a time they disclose it?', ""It only has to be material - there's no hard limit"", 'Zoom out ya beautiful turd', 'You misunderstand me I think. I\'m not denying price suppression or manipulation. Quite the contrary.\n\nBears/short sellers have and maybe forever will have control over 90% of price action, because they need to to ""win"" and dont get punished for price suppression legal or illegal.\n\nThe one thing they can\'t control is the fundamental value of the company. A dollar of cash on the balance sheet is a dollar of cash no matter what illegal shit they do.\n\nMy point was simply looking at Bitcoin on said balance sheet, as in what it fundamentally raises our value, it is super small at 5% of our treasury.', 'You know before all the BTC holdings GME already is able to just drop for no reason at all in price right? How do you know we would not have dropped 8 cents more if not for our BTC holdings?', ""They bought in Q2, so we should find out then. If they don't give specifics, we can infer the cost basis by the gain on bitcoin holdings."", ""Don't they have like 7b now with access to another 2b?"", 'From what, lmao. They bought at 105k, zooming out makes it look like they bought the top. \n\nWhen BTC hits 170k, sure, the gains will be pretty good. But I still stand by my statement that they should have bought more. BTC hits 170k before they do anything with their 8B in cash, guaranteed.', '""The one thing they can\'t control is the fundamental value of the company"".\xa0\n\n\nThankfully... Cos in other companies they got their BCGs and their plants working for them too 😅', 'Let the man cook. In RC we trust', 'Namaste. Maybe GME ain’t for you. Be well 💜👾💜', 'Big eyeroll. Making money ain’t for you.', 'Maybe not. Love ya bud']",0.0,0.0,0.2182891304347826
1lwk89e,GameStop on X,2004,https://i.redd.it/4uj24w14b3cf1.jpeg,1752172055.0,"https://x.com/gamestop/status/1943375801904402890?s=46

Filler text filler text boom shallow water filter for a water filter for the water filter for water filter for water filter for water filter for water filter for water eat it Jeffie’s Creek Road in a little more water filters and water ","['Hey OP, thanks for the Social Media post. \n\nIf this is from Twitter, and Twitter is NOT the original source of this information, this WILL get removed!  \nPlease post the original source!  \n\n**Please respond to this comment within 10 minutes with the URL to the source**  \nIf there is no source or if you yourself are the author, you can reply `OC`', 'Someone else leaned forward out of a chair one time….', '![gif](giphy|pyeTU3uARHevJQALYs)', 'https://preview.redd.it/7bcb6nw7d3cf1.jpeg?width=1179&format=pjpg&auto=webp&s=073fd4934e6c5ace0eaf694512146ce8e2d526b2', 'Can only tell the story once it’s finished', 'Face down lore up', '![gif](giphy|l2YWzPphbDnbhuvqU)', 'Imagine being a non ape and having no context hearing this for the first time', '![gif](giphy|1loYehvj22PIYiLXpM)', 'Am I the only one that has no idea what this stick figure drawing represents?  All I see is a guy in front of a microphone giving a handy. Is this some form of whoreshart test?', '“I sold a pair of Underwear for 100k”\n-Ryan Cohen likely', 'I was upvote 420. I still am, but I was to.', ""*Listen up, I've got a story to tell.*\n\n![gif](giphy|RjE39VC8H8P3a)"", 'You mean this lore?\n\nhttps://preview.redd.it/m3qrmb4cz3cf1.png?width=1169&format=png&auto=webp&s=85fe96b5b3e17f0850ff4d79db15f7e0736daa2f', 'More interesting that they’re responding to a tweet from 4/1/25', '![gif](giphy|l3q2K5jinAlChoCLS)', '![gif](giphy|2lbhL8dSGMh8I)', 'Yes this is what I thought of.', '![gif](giphy|TITNEEVy0Q8aXmAAdF|downsized)', 'Game of Thrones showrunners proved that', ""I know right? And generally it has to be passed person to person via word of mouth. People shouldn't use the word lore when they really mean story / backstory."", '![gif](giphy|CLWdeeakzuo2CjQ4yJ)', 'Everyone knows about GME mooning in Jan 2021 but they think it’s over. Even casuals who are financially illiterate and non-gamer boomers know something happened. This story was EVERYWHERE that weekend into Monday morning in late January.', 'I think it’s someone swooning. Kinda like a girl from the 90s laying on her bed talking on a phone. Only, it’s with their knees on the chair and elbows on desk.\xa0\n\nThe underlying context though I’m not particularly keyed in on.\xa0', 'Person with elbows on computer desk and knees on a chair.', '*200k', 'Nice', '![gif](giphy|CglumrQL3ilVGivRHo|downsized)', 'It was so weird watching twitch streamers and them saying diamond hands and GME to the moon outa nowhere in jan 2021. So many ppl jumped on board.', 'Sounds a bit creepy, like something the Don would say.', '![gif](giphy|405ssIBFpMysArQpFz)', '![gif](giphy|9PyhoXey73EpW)', '![gif](giphy|3o6Mb3GAUjnMsbwPHq|downsized)']",0.0,0.0,0.07771818181818183
1lwk8j6,GameStop on X,232,https://i.redd.it/xusjiqy5b3cf1.jpeg,1752172072.0,,"['Hey OP, thanks for the Social Media post. \n\nIf this is from Twitter, and Twitter is NOT the original source of this information, this WILL get removed!  \nPlease post the original source!  \n\n**Please respond to this comment within 10 minutes with the URL to the source**  \nIf there is no source or if you yourself are the author, you can reply `OC`', 'This is some great stuff and im all here for it', 'Face down, lore up', 'Is how I like to invest']",0.0,0.0,0.43075
1lwmo9y,"-0.39%/9¢ - GameStop Closing Price $23.10 (July 10, 2025)",726,https://i.redd.it/vl0lf61es3cf1.jpeg,1752177865.0,,"[""[Why GME?](https://www.reddit.com/r/Superstonk/comments/qig65g/welcome_rall_looking_to_catch_up_on_the_gme_saga/) || [What is DRS?](https://www.reddit.com/r/Superstonk/comments/ptvaka/when_you_wish_upon_a_star_a_complete_guide_to/) || Low karma apes [feed the bot here](https://www.reddit.com/r/GMEOrphans/comments/qlvour/welcome_to_gmeorphans_read_this_post/) || [Superstonk Discord](https://discord.gg/hZqWV2kQtq) || [Community Post: *Open Forum*](https://www.reddit.com/r/Superstonk/comments/1ipojer/open_forum/) || [Superstonk:Now with GIFs - Learn more](https://www.reddit.com/r/Superstonk/comments/1cr37r7/superstonk_gets_its_gif_on_get_hyped/)\n\n------------------------------------------------------------------------\n\nTo ensure your post doesn't get removed, please respond to this comment with how this post relates to GME the stock or Gamestop the company.\n\n------------------------------------------------------------------------\n\n\nPlease up- and downvote this comment to [help us determine if this post deserves a place on r/Superstonk!](https://www.reddit.com/r/Superstonk/wiki/index/rules/post_flairs/)"", '![gif](giphy|kC2cRqEt8o41COgjoV|downsized)\n\n/s', 'Another beautiful discount.', 'Where’s the pinch point guy?', ""When it's Green, I updoot. Cohencidentally, when it's red I still updoot."", ""fraud.   everyone is hyped up.  btc is up...and the price doesn't reflect the upside.  what happened to efficient markets."", 'blatant price suppression', 'This was, clearly, some barcode bs happening.', 'Should’ve put “ red even with bitcoin  being at all time highs “ in the title compared to other companies who bought bitcoin and they’re all green today.', 'Another day, another discount 😎', 'All that, barely a drop', '0.87% up in post-market at time of writing - BTC at all time high too though.', ' Never been more bullish after today', 'BTC sitting at $116k. Say GME added $10k per btc at average price of approximately $105k buy in, that means GME added +$47M to its BTC ownership today.', 'max pain is $23', ""They're still like 95% cash and 5% Bitcoin.     The dollar index is down 10% YTD.        Sure they're gaining interest at a rate well over 4%, but it's not enough to keep up If the dollar keeps weakening.        \n\nWe're sitting pretty in our tower filled with cash, but half of it is a liability for either dilution, something that has to be repaid, or just currency devaluation.   Bitcoin hedges that a little but is it enough?    That cash pile won't grow at the rate of the sp500.     Currently investing in gme is like investing in bonds, because that's where almost all the value is stored. \n\nThat won't really change until we come out of our tower and use the cash for growth.  Unfortunately, spending it adds to the liability.      Now you must create a return or it's cash blown.     If it's blown you either kick the can to shareholders(the board) by diluting, or pay back with your original pile of cash.    \n\nUntil we get a return on the invested cash that shows promising YOY growth that's when we moon.   We'll probably move like bonds until a catalyst that sparks volatility as everyone places their bets on whether RC's plan is a cash cow or not.\n\nEmerging companies get about 3 years to break even and 5 to be profitable.   Even though we're already at the break even point in terms of operations those loans are 5-7 years for a reason.   Any money they spend from those loans is a risk, and it may be years before that new venture becomes profitable.\n\nI think for now I enjoy the floor as a buying opportunity.       Even if they do more convertible bonds to raise another 4b that will raise the floor.     That would put the current market cap below the cash pile.   That would be a tough short position to suppress. \n\nThat's why I stack shares, but I'm eyeballing leaps as I don't think we revisit these levels again even if they do another bond offering."", 'I think the -0,39% might reflect the staplegate and RCs 🩳', ""It's a Fugazi, fairy dust\n\nhttps://i.redd.it/qsfc1sn164cf1.gif""]",0.0,0.0,0.11769999999999999
1lwpsj9,Buck on X,2878,https://i.redd.it/2wkogjxre4cf1.jpeg,1752185394.0,,"['Hey OP, thanks for the Social Media post. \n\nIf this is from Twitter, and Twitter is NOT the original source of this information, this WILL get removed!  \nPlease post the original source!  \n\n**Please respond to this comment within 10 minutes with the URL to the source**  \nIf there is no source or if you yourself are the author, you can reply `OC`', ""I don't know what to feel anymore."", 'Holy...\xa0', 'Was wondering what happened in afterhours', ""They are fully aware of how the Apes are going to interpret this. \n\nI'm not saying that it's a signal, but if it's not a signal it's kind of a dick move."", 'https://preview.redd.it/dgmo5jc5g4cf1.jpeg?width=480&format=pjpg&auto=webp&s=c7ad30d39b4dffe6ba326622871cfe0ffd2ba5ca', 'Is Buck’s buttcrack upside down?! Someone please let me know! 😂', 'https://preview.redd.it/qmbcj3owg4cf1.jpeg?width=586&format=pjpg&auto=webp&s=c0843b276e37d689f2c80e7d95ef1f6a19ee457d', '![gif](giphy|KFnNBNuRRexOw)', 'This is another nothing burger people.  Showing the moon is how they get us.\n\n![gif](giphy|f4DGnGf6xwFonJUI0D)', ""I learned this! That's where bananas go!"", 'At some point it goes from engaging with investors to just making fun of them.', 'Omg 😱', 'He mooning!', '![gif](giphy|a9imQoghMq5IQ)', 'What a beautiful sight to behold!', 'What’s in the box …. !!!!!!!', '![gif](giphy|ge91zAgmwUqLMqiH2c)', '6/9 boxes', 'hashtag justpeedalittle', 'To the...moon?!', '![gif](giphy|F5tlavOQJLDOeW2ln0)', 'https://preview.redd.it/tcmwvb0rk4cf1.jpeg?width=1284&format=pjpg&auto=webp&s=81cd0f4fa2f216ca820b5178e6d0f1b221d4dbfc\n\n69 🫡', '![gif](giphy|KEG5UtvXUD7WPIhhuy)', 'I know that moon I’d like to blast off to it one day.', 'https://preview.redd.it/41v53j6tk4cf1.jpeg?width=1125&format=pjpg&auto=webp&s=588f982cacb3f6c6effcb5aaa1d4fed28479b267\n\nToday is full moon, known as buck moon  yw', 'Always up ⬆️', 'Totally thought his tail was balls and weiner at first', ""Today is Buck Moon. He's telling us today's price will be the lowest for 2025. This is our floor, like many suspected."", 'From that upside down angle, does that look like a play button through the hole?', 'Full moon? 🌕', 'So wen moon?', ""What's in the box?!?!?"", 'Moass', ""While I'd love this to have the meaning we immediately want to interpret, it's clearly just gme social team capitalising on the buck moon to get us all revved up. They're having a little fun, right? Come on, who wouldn't make a post with buck bunny on the buck noon date? If I knew about the buck moon before I'd be disappointed if they didn't do something with it.\n\nAt least they're thinking of us and still playing the game, I'll happily take that."", 'Up up and away', 'https://preview.redd.it/kcypwgdi35cf1.jpeg?width=319&format=pjpg&auto=webp&s=466cb6c6e9f2e2158a3d18f8f2a8c14bf00ef8ca', '![gif](giphy|DYLxJ5UX9a36w)', 'Why so much hate? Simmer down bots', 'ALWAYS UP⬆️', 'Nothing happening, see you in 3 months', 'https://i.redd.it/r3i59vwlf5cf1.gif', ""The only thing I like about this is that GameStop has a 3D rendering team that's thinking far ahead and doing polished work on a schedule.\n\nOtherwise, Buck, if you're not part of releasing something cool soon, then you're becoming an annoying, try-hard mascot that makes people sick of the brand."", 'Looks like buck could use some underwear', '![gif](giphy|j45F0N5bBhbuX8NGTk)\n\nAw yeaaaaaah', ""The light hitting Buck's face and left side is green. \nBullish."", 'Power box game console?', 'https://preview.redd.it/f40eec34l5cf1.jpeg?width=780&format=pjpg&auto=webp&s=6d991a7c6cda591dc010dcb2a24c8408b353fcaf', 'Firetime', 'Dont care', 'bucky got his whole ass hangin out in the crib\n\nMOASS must be tomorrow, yeah?\n\nor is it always yesterday, or the day after tomorrow?\n\nwhat time is it anyway?\n\nI guess i better check X\n\n:-#', 'That’s a nude egg I won', 'He is Mooning us! Start loading up the rocket!', 'This is getting real old, real fast… how about actually doing something', 'Its basically saying we will shit on you trying to get to the moon', 'Today?', 'RC is trying to bait a certain kitty so much lately. I think we about to moon boys', 'This is no longer mocking us this is serious now. Look at the moon 🌕', 'TO THE MOON!', ""Ok that's funny haha"", 'Is he saying “6/9 flip mode” to the moon?', 'I cant believe  you guys keep falling for the same bullshit over and over again', 'https://preview.redd.it/x669vjb0xacf1.jpeg?width=1179&format=pjpg&auto=webp&s=8fb8aea362d191186513621677240c3049a3821a\n\nAlways up?', 'Those boxes are clearly full of 🧨, and buck is going to fly to the 🌙 when they 💥.', 'Feel nothing, friend.\n\nUs moassing to the moon won’t be signaled by the social media team.', 'The first couple Easter eggs were pretty cool. Now it’s getting old. Either shit or get off the toilet.', 'Ask your plums', 'Pretty much anything coming from the gs twitter can be 100% guranteed to be nothing about the stock. I know that for certain', 'Them big furry cheeks!', 'Just stay rock hard', 'Buck..', 'btc pumping..', 'They are definitely aware. Just chalk it up to the marketing team wanting engagement and them knowing how to easily farm it. \nBeen in here long enough to know this.', 'They can easily data mine everything in this sub, throw it in ChatGPT, ask for marketing suggestions to post on X, and people will eat it up thinking that they are ""one of us"".', 'It’s only gonna hurt if the DD is wrong, which it isn’t, be patient and get to work bb, we’ve got this in the bag, grow your bag while you can.', ""I think at this point it's in poor taste and feels manipulative. We're all already in this, it feels a bit insulting to dangle what can only be inferred as a big stock payout in front of us all (like we need hopium like this doled out by the company to stay invested).\n\nWhat needs to happen is the board need to move into something high growth, otherwise there ain't no way we're keeping up with the rest of the market. I'm fine with them doing that when the time is right - but I don't need to be fed bullshit like this in the meantime to keep me (literally) invested. GME shouldn't feel like we're dumb enough to need that either.\n\nI look forward to all the idiots pouring over every inch of this for the next few weeks on here (it's already started)."", 'Certain dick movement can be considered a signal', ""I can't unsee it now"", 'Idk I wonder if that are his balls or his tail too', '![gif](giphy|WuGSL4LFUMQU)', 'Crazy tin but I think that’s a coded message. I think what they’re saying is, that’s where they expect the stock price of GME to go!', 'except when it goes down..', 'The boxes say ""6+ sides guarantee"". \n\nOne is upright, one is upside down.\n\n6+9 strikes again.', '2 legs + 2 arms = 4   boxes = 2  and the moon is a 0.  420 69', 'Sometimes you get a pass if you just mash it around your taint a little 🤷\u200d♂️', 'Sure seems like it’s the latter lately 😒', 'nice.', ""Companys marketing team sure as hell isn't going to do anything but lead people on."", 'What about the upside down one?', 'So 💥 time?', 'You sound like my soon-to-be-ex-mother-in-law', 'Easter eggs go where???', 'In A', 'Bitcoin pumped well before Gme made moves, along with bitcoin moving all day and Gme stayed completely flat', 'Totally agree. It was funny at first. It’s quickly getting old.', ""Yep, it's genius marketing. They are farming/feeding the hype. None of it means anything but this sub will spread it far and wide anyway if they add little Easter eggs that also mean nothing. Brilliant really."", 'It’s only gonna hurt if the DD is wrong, which it isn’t. Be patient and get to work bb, we’ve got this in the bag, grow your bag while you can.', '![gif](giphy|pCO5tKdP22RC8)', 'tism is strong with this one 👆🚀', 'A... pass?', 'nice.', 'Idk, but the boxes say 6 sides guaranteed.  However the light illuminating Bucky appears to be coming from inside the box.. Is it missing a side?', ""It's 69\n\nhttps://preview.redd.it/e1xlc9z2q6cf1.jpeg?width=1080&format=pjpg&auto=webp&s=fdf5dec28259f5029dc8623553bf96e1f536f332"", 'Box', 'Buick!', '🫡', 'The box says “Guarantee” not “Guaranteed” [Greg on X](https://x.com/greg16676935420/status/1943415003198980452) has the missing D', 'This is the way', 'That’s not a Buick']",0.0,0.0,0.026220183486238533
1lwqyg9,Gamestop Haul (one ugly child),65,https://i.redd.it/n302o5vln4cf1.jpeg,1752188364.0,"Saw a post complaining about people sharing their pickups for some reason, so it inspired me to post the haul. I almost beat the GS lottery but Bayo 2 is sticking out like a sore thumb, to etsy I go lmao","[""Hello u/Gary_Fox! Thank you for your submission to r/gamecollecting. This is a message shared automatically to inform you about a few of our rules:\n\n• Are you asking about if your **game is real/fake**, the **identification** or **value** of an item? If so, **your submission will be removed** under Rule 2. Please delete it, and ask in the megathread.\n\n• No self-promotion/video submission of any kind, unless if already approved by mods prior to submitting. Any further attempts to self-promote without approval from the moderators will be seen as spam, and will result to the restriction of your account from our community under Rule 3. This includes applications, valuation tools, etc. \n\n• Is this just a screenshot of a CL/FB/etc ad that is overpriced or obvious troll, or for some other notable reason? These would all be considered low effort and will be removed under Rule 4.\n\n• Memes cannot be posted unless it's on Meme Monday, which is the first Monday of the month.\n\n• Are you trying to sell, trade or buy something? If so, your submission will be removed under Rule 9. Please delete it and [read our rules please](https://www.reddit.com/r/gamecollecting/about/rules/).\n\n**Failure of deleting your post that violates these rules may result in a temporary or permanent ban.** If your post doesn't break any of these rules, you can ignore this message. \n\n\n*I am a bot, and this action was performed automatically. Please [contact the moderators of this subreddit](/message/compose/?to=/r/gamecollecting) if you have any questions or concerns.*"", 'Love the bayonetta games, they’re all bangers. I highly recommend bayonetta origins too, it’s also really good', 'There are etsy stores you can order a reproduction cover', 'I love the retaliation. That person sucks.', 'There’s always one lol….oh also make sure these games work because GameStop tends to sell broken games', 'Wait bayonetta 1 got a cartridge release??', 'We got bayonetta 2 (no bayonetta 1) with bayonetta 1 before gta6', ""The only ones I haven't played on release was 3 and Origins, kinda glad I waited to play 3. Origins is def next on my list!"", 'I literally got a game this week from GameStop online Bd it came in a paper shipper in a paper disc sleeve and the disc was crashed in two. Pathetic', 'Legit the FIRST thing I did, i had some horrible luck one time.', ""Yeah, I've been eyeing it for awhile!"", 'lmaooo', 'That sucks man…with me I bought Resident Evil 3 for PS1 and it just wouldn’t read on my PS2.  The disc was full of scratches.', 'Last year I got little nightmares 2 and it wouldn’t read on the Xbox, it was a single scratch and it didn’t even look that deep. Couldn’t even get it to start the download. Those are my only broken game experiences thankfully', 'Too good to be true I guess lol.  With me it was RE3 on PS1, Spider-Man Friend or Foe on 360, and Star Wars The Force Unleashed II on Wii.', 'Ouch, I get most things used so I guess that’s the the gamble we take though. Just gotta pop the game in before the refund period to make sure', 'Oh yeah for sure!  But sometimes I get lucky…like with The Legend of Zelda Skyward Sword on Wii.  It came with the original case, manual and both discs that actually worked!  It even looked new too!', 'That’s the trade off! I got the doom slayers collection last year for 5 bucks and is just the disc for doom 2016, but it had the redemption sheet inside for doom 1,2, and 3, and it wasn’t used! Guess they price it for just the disc assuming the codes would be used']",-0.5106,0.8438,0.032183333333333335
1lwrtyh,Is there anything I can do with a GameStop gift card (serious)?,0,https://i.redd.it/ubrmbthcu4cf1.png,1752190631.0,"Got a GameStop gift card for Christmas and because I only buy games on Steam I've not used it yet so is there anything useful I can do with it as a Steam only (and GOG occasionally) gamer? I asked if they sell Steam Decks and the cashier/employee told me no but they use to. He also wouldn't let me buy a wallet code with it. At the time it didn't occurred me to ask him anything else.

Fun fact Back in like 2016 I bought a brand new Steam controller there. Not used but new.

PS I'm interested in buying Shadow Labyrinth when that comes out If there's any way to do that specifically.","['[deleted]', 'Try putting it up for a discount on fb marketplace', 'Probably not. You can’t buy a gift card with a gift card, typically.', ""I sadly don't think there's much you can do, but if you can regift it to a friend/family member who plays console and make their day! (they can buy \\*a\\* Switch 2 game 🤣)"", 'You could buy another controller. They have some nice shirts sometimes. You could also buy other random paraphernalia. Or you could post it as a trade on FB marketplace or something.\n\nEdit: I just Google searched and you should be able to buy a physical steam gift card with a physical GameStop gift card.', 'How much is on it? You have a few options.', 'if you live in the state of California and the amount is more than 5 dollars you can ask for the money back', ""Are you into any collectibles like Pops or anime figures? You could buy some of those. Or if your local GameStop sells them, maybe try building a Gunpla or just regift it.\n\nIf you do try Gunpla, get something HG if it's for your first. I mean, you can get RG or MG, but I wouldn't suggest it."", ""If you can't get a PC game disc or code, they also sell gaming merch. It's not the best solution, but you could buy something cool for your gaming area at least."", 'there are websites you can sell your gift cards on for money in your bank account. a couple fees and at a slight discount, but better than not spending the full amount.', 'i think the only thing you could probably buy with it is like..... accessories. (mouse/pad, keyboard, camera) cause annoyingly, PC, games wise, has no physical media anymore. the annoying thing is that the no gifts cards with gift cards thing is semi-new.\n\nOnly other thing i can think of doing is buying games from GS and then biting the bullet and trading them in, but then youre losing a TON of money.\n\nmy final thought would be just get a console to casually game on, have someone for when the boys come over and yall play couch co-op. then you can use that card to buy SOMETHING from GS.', 'GameStop sells pc games on their site. I would try to use your GameStop credit there.', 'You absolutely can buy a Steam gift card with a GameStop gift card, I’ve done it.\n\nBut if they give you a fuss, buy a game, refund it for store credit, get the Steam gift card with the store credit 🤷\u200d♂️', 'Pretty sure you can buy steam wallet cards at GameStop', 'They sell steam keys on their website', 'I still buy physical disks for my PS4 pro. You could just send it to me ya know 😂', 'You can give it to me', 'You can exchange the balance on the card for both physical and digital goods at the store-front known as GameStop.', ""Did you not read my post. You can't buy wallet codes with a GameStop gift card.\n\nhttps://preview.redd.it/313yud0tv4cf1.png?width=1080&format=png&auto=webp&s=4d4955dfa5d47aa5f97e1ed08fb37ac9e6616146"", ""People will think it's a scam."", 'Yes but I was hoping there was something else I could do?', '$25', 'Wait what?', "">Gunpla\n\nGameStop sells that? Isn't that the action figures you have to build yourself based off of Dynasty Warriors Gundam? That is one game series I'd LOVE to be able to play on the Steam Deck. Like they would 1000% get a sale out of me if they made it available for perchus on Steam. As a Dynasty Warriors fan I like them the best even over the originals and the Zelda spin-offs."", '[https://www.gamestop.com/digital-store/pc-digital](https://www.gamestop.com/digital-store/pc-digital)\n\nJust make sure it says Steam at the end of the title and not EA or other', '[deleted]', 'And? It sits in your pocket either way', 'Funko pops and Pokemon cards.\n\nFr though iirc GameStop has pc peripherals like player 2 controllers or microphones with rgb', 'You could buy something at GameStop for $25 and then sell it new and sealed on marketplace. You could also go to GameStop and find someone who is checking out and ask them if they want to buy it for $20. You’re standing right next to them so they’re less likely to think it’s a scam. Just tell them you’ll stand right there while they check out so they know it’s legit. Or have the cashier check the balance right in front of them.', 'My local GameStop sells some, and they are not from Dynasty Warriors. They are based off the animes/mangas.', ""They'll do nothing with your information lol thanks for nothing"", 'he wont do anything with your information, but i will. ill shove it up your ass. if you spent 2 seconds on the website, in the store, or for god sake THE PHOTO YOU RESPONDED TO, you would see you cant use a gift card to get a gift card. you know how they say ""if you have nothing useful to say, dont say it?"" what you had to say was LESS than useful.', 'Sadly', ""Pokémon cards might be a good idea My dad bought some lorekana cards (not pokemon) and pulled a card that someone immediately bidded on the moment he put it up for a hundred bucks on eBay. Doubt I'd get that lucky though."", 'Buy Mario Kart World and then sell it for $5 off on Facebook. Maybe that just might work.', 'There\'s anime and monga about them? Interesting. ""I am Master Asia the undefeated of the East!"" What kind of name is that?', '[deleted]', 'He\'s from Mobile Fighter G Gundam, released in 1994. G Gundam is more martial arts than other Gundam series. Decent show. A lot of people would recommend the ""The Witch from Mercury"" Gundam show. It was the most recent release. The newest is going to be Mobile Suit Gundam GQuuuuuuX (G quacks), and it has a bunch of kits that just came out.\n\nHonestly, if you can buy an HG Calibarn kit from GameStop, get it; it\'s a really good kit from The Witch from Mercury. Another series people like is Iron-Blooded Orphans and Bandai has been reprinting Gundam Seed kits because of the recent movie.', '[deleted]', 'I found [this](https://archive.org/details/msg-the-movie-i/VHS+Recordings/MSG+The+Movie+I.m2ts). Should I watch them?', 'Those look like the movies from the original show that came out in 1981. You can if you want. Google Anilab they should have them all.']",0.3818,0.9267,0.23711707317073172
1lwrxwb,Shout out to GameStop for the pennant 🫡,126,https://www.reddit.com/gallery/1lwrxwb,1752190929.0,,"['Bro gets the game and puts it on the wet ass ground', 'why is it on the ground', 'Does the pennant come separately? Or came with the game', 'I wouldn’t be caught dead with anything that had a Longhorn on it.\xa0', 'Got my copy for ps5 and my console went out after I put game in console console doint even turn on', 'That’s actually cool as hell', 'I got one today as well and had no clue it came with', 'The only reason I preordered with GameStop', 'Real question, why is Kennesaw State so prominently featured?', ""After they stole 100000 of my points, I'll never shop at GameStop again. F those guys"", 'I feel robbed now because last year all I got with the preorder was the game 😂 nothing special', 'I haven’t had a physical copy of a game in so long sometimes I forget they still exist 💀', 'The ground is dry my bro', 'It felt cool at the moment.', 'HE THREW IT ON THE GROUND!', 'It came with it from GameStop. I’m not sure if other stores had them.', 'You must be an saggie or from brokelahoma', 'That’s gotta be sickening for real. How’d it happen ?', 'Bruh moment', 'I didn’t know anything about it. I just always pre order with them.', ""Also isn't this for preorders? Why would you preorder lol"", 'Ppl just jealous', 'The ground has a very fall vibe. I like it', 'That’s dope. I rather have a pennant then a locker like they did last year', 'Guilty as charged amigo.\xa0', 'I always google search about a month from launch, CFB 26 preorder bonuses. Best Buy have $10 gift card with it', ' Bro saying ts like he not gon have to take the plastic off to open the case anyway 😭', 'Question though: would anyone actually do anything with that pennant ? I could see maybe teens putting it up in their room but then I would imagine they have a better one of their favorite team? Also, I’m old and miss buying posters for my room', 'I have the locker, football, and jersey from last year too. The pennant is definitely going in the wall in my gaming area.', 'I’m hanging it in the wall in my gaming area.']",0.0,0.0,-0.0053966666666666685
1lwuc65,The gamestop lawsuit BS.,25,https://www.reddit.com/r/GameStop/comments/1lwuc65/the_gamestop_lawsuit_bs/,1752197846.0,"If this doesn't belong here by all means delete it. Ya know i keep getting emails and i have to giggle, by no means at all am i going to care if gamestop gives me 5 or 10 bucks. Microsoft, google and facebook have done more harm to people than gamestop ever could. But i have to laugh because these 2 knuckleheads are suing gamestop for sharing private data, while emailing me cause they got my email from gamestop so they could sue on my behalf. They could swim in a new york river on my behalf. 

I'm more wanting to sue the problem causers cause i gave my email to gamestop, i didn't give my email to them. The fact they think it's not ok for gamestop to give it to facebook, but ok to give it to them and i don't know them from a hole in the ground. Like at this point i wanna know how secure my email is, how much they are going to be making off it selling it and how much i'm entitled too...

So tl;dr let's sue the lawyers. 

","['Thats insane so people are suing gamestop for sharing private customer information and then emailing you saying they got your email from gamestop? 😭😭😭😭 Hello why do they have your email theyre just as bad as whoever gamestop is sharing it with', '![gif](giphy|G4ZNYMQVMH6us)', ""Ceo still won't fuck you tho"", ""Well one action is illegal and one isn't. Kind of a big difference.\n\nWhat you're saying is sort of like being upset that fire trucks are allowed to stop in fire lanes and you aren't. Technically it is the same action, but who is doing it and why matters in the eyes of the law."", 'Your email was never secure nothing on the internet is the sooner you realize this the better', '$10 is $10 is still money. Highkey glad GS is getting some form of repercussion if not for a variety of other things worth suing over but failed to gain some sort of ground like cost-cutting/store closures/forced layoffs, advertising ""new"" but receiving opened games, permabanning people for accidentally overtrading, etc.', 'Privacy is a facade. Nothing is private. Everything you do is tracked.', 'GameStop SOLD your email, SmartGuy !', 'i signed up ill take 10 dollars for free lol', 'I think OP might work for gameslop, they are trying to paint the lawyers going after the company that broke the law seem like the bad guys.\n\nActually quite a lot of that going on right now. Keep your eyes peeled for corpo plants', ""School of Hard Knocks Law School graduate right here.  \n\nGotta love when someone who struggles to read at an adult level decides that he's a legal expert.  \n\nThis guy wishes he was a Whitenaw Community College dropout."", '![gif](giphy|3otPoxYilf4SYs8hpK)', 'The lawyers want a screenshot of your facebook profile or your Facebook URL I’m sure that’s safe', 'Your email was provided to the class action lawsuit from the settlement admin who gets the information from a court order sent to the defendant company', ""https://i.redd.it/d57fizyfs9cf1.gif\n\nGameStop Lawyers after the settlement: When you want a penny but it's only a Jibbit for your Crocs"", 'You have to giggle? GameStop used to be sued for illegal business practices regarding store managers. However, the settlement GS offered was so law the judge found it insulting.', 'Yea, that aldana bs lawsuit. I have to laugh at the irony of it.', 'GameStop gave some personal info to the lawyers during a highly regulated legal process and solely for the purpose of fulfilling their responsibility in providing notice of the class action settlement and verifying settlement claims. As you agreed that GameStop is allowed to do per their own Privacy Policy.\n\nGameStop sold a larger amount of personal info to Facebook for the purpose of making money in a manner that violates both their Privacy Policy and the law.\n\nThese two things are not just as bad as each other.', ""It's insane that a person with zero legal background and minimal education suddenly decided that he knows more about a lawsuit than the lawyers do, despite clearly doing minimal reading about the actual lawsuit.  \n\nJust put the fries in the bag."", ""If that's what floats your boat. If you don't like gamestop why TF you here. Imagine being one of those people that call people bootlickers, while you didn't you got that attitude yet you frequent the sub reddit. \n\nSounds more like you are letting your desires intrude. You'd make a great lawyer."", 'The fact you trust lawyers says a lot.... You use them a lot?', ""Henceforth my comment about the 3 biggest American corporations that harvest people like we are blood bags. Guess that point was missed??? \n\nI'm more calling out the irony of it all. Weird a lot of people miss that part. Everyone's data has been on the dark web for a long long time now.\n\nBut thanks for letting me know something i've known for awhile now."", ""Yea, i know. I work cyber security. I know just how secure people are or should i say aren't. It's more the irony of the audacity for lawyers to call companies bad when they lose/sell data just as much as them. The funny part about that is though... heh... Lawyers don't tell anyone when they get hit, they just go about their business not caring. Yet they'll sue someone for doing it."", ""omg...did they???? Gasp. So why hasn't the hero lawyers sued microsoft??? They sold people's stuff? Yahoo? Aol? Should i go on? Soon as you got online your life quit being private. \n\nImagine not knowing that."", 'Where do you sign up?', 'Yeah no one normal thinks like this what a freak', ""So we know that these lawyers aren't selling the data? The fact that lawyers already make a killing on class action lawsuits should actually be a crime. \n\nThey are the only one's that ever really get anything. But i'm more interested to hear how lawyers have never commited any crimes and don't ever sell people's info. I mean that's new to me. Cause last i checked they did it all the time, but guess what. \n\nOne is skirting the law and using a class action lawsuit in order to harvest your data to sell. One you signed yourself. Not the first lawyer that did a class action lawsuit then sold the data afterwards, lawyers are greedy. \n\nand yes they are both just as bad.  Just because you think lawyers aren't shady..."", ""1. They didn't say anything about trusting lawyers\n\n2. You complaining about trusting lawyers just shows that you don't understand their purpose"", 'The fact that you assume lawyers are bad says a lot.', '\n“Like at this point i wanna know how secure my email is,”', 'What a dumbass response . Your dumbass op makes sense now. 🤦\u200d♂️', 'You have proof these lawyers are selling your data??? \n\n\nThey have proof GameStop is. You have 0 evidence of them doing anything illegal. You just ooo dumb in this post my friend.', '>So we know that these lawyers aren\'t selling the data?\n\nDo we know that 100%? No, but it makes little sense that they would and the burden of proof for claiming otherwise is on you.\n\nIt is a highly regulated legal process being overseen by a court which makes it unlikely they could do so and get away with it. They might be greedy, but that is more reason they wouldn\'t do it. They make a lot of money being lawyers, so selling the data would risk their license, reputation, and livelihood for a one time payment of essentially peanuts. There are over 1000 class action lawsuits filed each year and seemingly this isn\'t a widespread problem in the field at all.\n\nThis specific law firm has handled many class actions cases. So can you provide a single example of them selling personal info that was provided to them in the course of a class action case? If this is a real issue then surely you\'d have no problem providing examples instead of just making baseless claims because ""lawyers bad"". \n\n>They are the only one\'s that ever really get anything.\n\nOn a per person basis they\'re making more, but they\'re still only getting 33% of the settlement money at most with the exact amount decided by the court. That means the majority of the settlement is being paid to affected customers. It just happens that there are a lot of affected customers.', ""Lawyers get hit more often in hacks than most other people. Lawyers lose more information than the average person. Lawyers don't tell anyone they were hacked either.\n\nEven though they sue people for the same thing. So.. you are right i total don't understand what a lawyer is for or how crooked most of them are. Totally right. Spot on.\n\nYou are the next detective doofy gilmore right?  As many times as the guy above me has gotten fired and prolly used a lawyer to sue his ex employers, i'm sure he would think a lawyer is in the right side of the law."", ""lol..  It was more of a rhetorical question. Seeing as lawyers have data breaches, and oddly for them knowing the law they sure don't let people know they got breached. I mean it's pretty bad when a lawyer breaks the law and mr i love lawyers up there... don't tell him.. it might blow his mind.\n\n  \nWait, do i need to define what a rhetorical question is?"", ""Imagine using the internet to find posts online but you can't even use that same internet to figure things out. \n\nMind blowing concept isn't it? I know it hurts to think. \n\nWhile these lawyers, no.. but did you have proof gamestop was selling this data right away? But seeing as i kind of work in cyber security and i uhh have been at it a long long time.. i kind of keep tabs on things and knowing lawyers get hacked, of which they shouldn't have this info on their office computers after the lawsuit, but odd they do. \n\nBut you are right. These guys are totally legit. Why are you so uptight about gamestop selling people's data? You seem to not care to much about it being out there."", 'You are defending them quite well. I believe it is you that needs to prove that they are really the good guys and they aren\'t suing everyone and their brother, except oddly they keep evadeing suing the two biggest corporations that are selling everyone\'s data, how odd. Like you would think that the champions of the american people would actually go after the two biggest contenders in people\'s security. Yet they don\'t. Odd. \n\nBut hey you are talking them up so good. Prove they aren\'t. Why do all they care about is their bottom line, which is very very provable, but yet to hear them talk it\'s all about the American consumers \\*tear drops running down their eyes\\* and the travesties \\* more teardrops\\* that the poor american population must face with these monsters \\*arms raised in defiance of the corpos\\* \n\nKind of like when they get sued and they throw money at a judge, provable, and call it a phony lawsuit, i mean they of all people would know phony, and demand it be dismissed. So they are sure using that power to let themselves break laws. If you were using proper search engines instead of search engines that allow you to pay them so all your good points show up and none of the bad, now why would a company need to do that that\'s honest and sincere? Huh sounds suspect. \n\nI mean you started this whole ""they the good guys and they aren\'t the bad guys but YOU need to prove they are the bad guys"" I mean just using a search engine that don\'t take donations from reddit and con artist lawyers is enough to prove some of that. Just because you prolly swear by google is not my problem. \n\nYa know for someone that tries to sound so smart, i often wonder why you get promoted to guest, and you sure don\'t know much. Maybe typing..but..eh.. when it comes to the world, that still seems a little to much for you.', ""Bro. You don't even understand what I'm saying lmao. And you still, clearly, don't understand what lawyers do. \n\nYou're a bad op"", 'All you\'re doing is moving the goal posts because you can\'t defend your original position while constantly talking out of your ass with this weird conspiracy bullshit. I never claimed they\'re the good guys and certainly not ""champions of the american people"". I claimed they\'re acting within the law with their acquisition and use of personal information, in direct contrast to GameStop using such information illegally. \n\nPlaintiffs choose who to sue. GameStop allegedly broke the law, GameStop got sued, and lawyers got paid to represent both sides. That\'s all there is to it. Good or bad, the lawyers involved are just doing a job and doing it legally unless you finally want to provide any evidence otherwise. But of course you can\'t, so you just keep deflecting.\n\nEven your whataboutism is just factually wrong. They don\'t ""keep evadeing suing the two biggest corporations that are selling everyone\'s data"". This exact law firm did help sue Google for violating consumer privacy and won a $100 million settlement. A different law firm helped sue Facebook/Meta for violating consumer privacy and won a $725 million lawsuit. They broke the law, they got sued. Just like GameStop.', ""Totally. Because i don't see the good in lawyers. I can live with that. \n\nImagine suing a company and they just settle for 4.5 million about half a million maybe a tad more up to a million gonna go to customers. Where is the other 3.5 million going? Lawyer? Yes. So.. they weren't suing to make things right. They were suing to make them rich. \n\nPerhaps.. learn that? You may be disappointed later in life."", ""Hey kid, the lawyers sue on behalf of a client. \n\nThat client receives 0 without the lawyer. \n\nThe lawyer does the actual work of the lawsuit. \n\nAnd because of those lawsuits, things are made right. \n\nThe fact that the get paid a lot is less important then what actually gets done. \n\nYou're also talking about a specific type of lawyer here. There are many that work for nothing or very little and affect massive change on behalf of clients and, sometimes, the entire world. \n\nThey study for years and have some of the most difficult schooling and exams of any career field in a subject that most people couldn't even comprehend. They are specialists. \n\nSure, some suck, but that's every career.  \n\nDid your dad hate lawyers or something? Because this is giving a very learned attitude kind of feeling.""]",-0.2263,0.895,-0.07910731707317073
1lwuztr,I just applied to GameStop and am waiting for a response. What should I know before working here?,0,https://www.reddit.com/r/GameStop/comments/1lwuztr/i_just_applied_to_gamestop_and_am_waiting_for_a/,1752199758.0, What should I know before working at the job?,"['Metrics suck right now and they appear to be closing stores.', ""Don't be afraid to ask questions or ask for help\n\nUnderstand people are going to be annoying and stupid"", 'To find another job', 'They are most likely NOT hiring.  If you saw it online and applied through something like career builder or indeed it’s an “evergreen” posting.  GameStop maintains job postings for EVERY position at every store at all times just to have a constant pool of applicants because turnover is so high.\n\n  \nUnless you went into a store and the manager personally said they are looking for someone it ain’t real lol.  you don’t want to work here anyways, it’s a shit show.  terrible pay, no hours, you always work alone, metrics are hell and if you don’t hit goals you get no hours.  oh and also they are constantly closing stores.', ""Play a bunch of games and work on your sales pitch for a game that's coming out."", 'Chances are the job you applied to doesn’t actually exist, GS uses the listings basically to farm resumes and when it comes time to hire people SM’s will take a look, so you could get a call back in a few days or a few months', 'Ask about the sales commissions.   🤪', ""Don't"", 'You should know to not work here. Keep applying elsewhere', 'If you hated Pokemon and football card nerds before, you’re in for a new level of hatred..\n\nGet ready to clean dirty consoles cause people don’t know how to take care of their things..\n\nOh and don’t plan on closing on time. Some douchebag and his 5 kids want to walk in 5 minutes before close to trade in 3 different consoles and 45 games more often than not..', 'That if you don’t want depression or ptsd you should not do it.', 'Keep your resume open', 'Know how to fill out more applications.', 'That the company has been circling the drain for years.', 'It’s a sales position first. It can be fun. But it’s draining and can/will affect your passion for gaming.\n\nThe real thing is if you have a manager that sucks. Your life will be hell. But that’s every other job.\n\nI’d rather go back to GameStop than ever tough food service again in any capacity.\n\nThere is however upward mobility in the company. But the all digital future of gaming that seems to be coming on the horizon is scary for any long term plans.\n\nIt got me through college and I was there for 6 years. I met my wife and all my current friends there.\n\nWould do it again. \n\nSo heed the warnings from the others. But it’s not as bad as any other job. Don’t go JUST because you love games. You will be disappointed.', ""The company is dying man don't do it.  If you are gonna try to actually get anywhere try a place with a future and opportunity for advancement and that treat their workers well.  I have heard Costco is pretty nice."", 'Bankruptcy is right around the corner', 'Don’t', ""If this subreddit has taught me anything, the only real answer would be this:\n\n\n\nDon't work for GameStop."", 'Be ready to work a sales job with no commission for probably a few bucks at best above whatever you local minimum wage is. You ability to sell the paid tier of the membership, warranties, and get guests to reserve upcoming games and cards is going to be weighed far more heavily then your customer service skills and gaming knowledge. You\'ll be lucky to get 16 hours of training in before being thrusted onto your own working many of your shifts on solo coverage, expected to know how to do almost everything. Depending on how much of a whip cracker your prospective Store Leader and District Manager can really dictate your experience working there. \n\nWhen it comes to scratching numbers, the amount of hours you get will probably depend on how well you do. Doing well means you get a pat on your back and you get to keep your job and maybe a chance at promotion down the road. Doing poorly means potential write ups and eventual washing out of the job completely cause some people just can\'t handle the expectations that come with the job. Most people would agree, the amount of expectations the company puts on it\'s store level employees isn\'t worth the below average at best pay rate especially compared to comparable retail. The company loves to take advantage of naïve fresh out of high school and college age kids to work around video games or working in ""the industry"" who don\'t know any better.\n\nAs I tell anyone, you\'d probably get more hours bagging groceries, corralling carts, and stocking shelves at your local chain grocery store then you would at GS, and all without the BS expectations around metrics to worry about.', 'dont work there, on top of all the issues with metrics and stores closing again in mass, gamestop while being a great place to work is a horrible company to work for', 'RUN', 'It appears the ""hard sell"" is still mandatory. \n\nI\'ll renew my pro membership when I want to buy some used shit.', 'Run now!', 'The second point, totally true. However I absolutely had managers freak out at me for asking too many questions.', 'Stg I applied and a whole year later got an email that I was declined. I had already been at another job and was so fucking confused😭', 'No joke a store closed close to me and I didn’t even know', ""It was because the manager who had been sitting on your application in their system for a year finally got around to cleaning out and purging the old applications sitting in the system. Not necessarily because you weren't qualified, but the general rule of thumb is applications older than six months are probably not up to date or the candidate isn't potentially looking any longer.""]",0.0,0.0,-0.087775
1lwx6kh,GameStop History Stapler,134,https://i.redd.it/m2yry1c856cf1.jpeg,1752206398.0,"Saw this guy on Twitter post the following picture about his meme auction. This dude is probably thinking he will win. How much would you pay for this piece of GameStop history? 

Is the value of meeting Ryan Cohen immeasurable? 

It seems that’s some apes appear to believe that. It’s only a matter of time before this thing hits 1 million with 5 days still left to auction ","[""Welcome to r/GME, for questions in regards to GME and DRS check out the links below!\n\nDue to an uptick in scammers offering non official GameStop merchandise (T-Shirts)\n\nDO NOT CLICK THE LINKS THAT ARE NOT OFFICIALLY FROM GAMESTOP. \n\nWe have partnered with Reddit directly to ensure the Communities Safety.\n\n[What is GME?](https://www.reddit.com/r/Superstonk/comments/qig65g/welcome_rall_looking_to_catch_up_on_the_gme_saga/?utm_source=share&utm_medium=ios_app&utm_name=iossmf)\n\n[GameStop's Accomplishments](https://www.reddit.com/r/GME/comments/x3hv46/list_of_official_gamestop_accomplishments/?utm_source=share&utm_medium=ios_app&utm_name=iossmf) \n\n[What is DRS? US / International](https://www.reddit.com/r/Superstonk/comments/ptvaka/when_you_wish_upon_a_star_a_complete_guide_to/?utm_source=share&utm_medium=ios_app&utm_name=iossmf)\n\n[ComputerShare International DRS Support](https://www.reddit.com/r/GMEJungle/comments/r9euj1/computershare_upgrades_drs_support_for/?utm_source=share&utm_medium=ios_app&utm_name=iossmf) \n\n[Feed The Bot Instructions](https://www.reddit.com/r/GMEOrphans/comments/qlvour/welcome_to_gmeorphans_read_this_post/?utm_source=share&utm_medium=ios_app&utm_name=iossmf)\n\n**Power To The Players** \n\n\n*I am a bot, and this action was performed automatically. Please [contact the moderators of this subreddit](/message/compose/?to=/r/GME) if you have any questions or concerns.*"", 'After MOASS this might become the most valuable object in the world', 'It is for a good, even great cause!', 'This is Genius... No fucking fake price or views 😻\n\nRyan did it again. Or should I say skankhunt42?', 'How can the max bid be lower than the current bid. Probably he canceled it. \nI just hope the bids dont get inflated using some weird ebay trick and at expiration day, all those high bids are not cancelled', 'Canadian Miser', 'Canadian $5B MISER is donating his underwear to Children’s Miracle Network. He is Canadian scum.', ""We won't exist by that time."", 'So let’s move GME stock to eBay?', 'Max bid is $242,069. Highest competing offer just under $205,100. It’s gone up since last night', 'Yep, I dont know how ebay bidding works tho. Has the highest bidder been proven to have enough funds to pay? Can he just cancel his bid 1 hour before the expiration?']",0.0,0.7399,0.22165454545454547
1lx5yzn,"GameStop has an official eBay account now, and only 4977 people are watching the stapler auction. That seems like a low number, considering how many of us there are, right?",0,https://www.ebay.com/usr/gamestop,1752237964.0,,"[""[Why GME?](https://www.reddit.com/r/Superstonk/comments/qig65g/welcome_rall_looking_to_catch_up_on_the_gme_saga/) || [What is DRS?](https://www.reddit.com/r/Superstonk/comments/ptvaka/when_you_wish_upon_a_star_a_complete_guide_to/) || Low karma apes [feed the bot here](https://www.reddit.com/r/GMEOrphans/comments/qlvour/welcome_to_gmeorphans_read_this_post/) || [Superstonk Discord](https://discord.gg/hZqWV2kQtq) || [Community Post: *Open Forum*](https://www.reddit.com/r/Superstonk/comments/1ipojer/open_forum/) || [Superstonk:Now with GIFs - Learn more](https://www.reddit.com/r/Superstonk/comments/1cr37r7/superstonk_gets_its_gif_on_get_hyped/)\n\n------------------------------------------------------------------------\n\nTo ensure your post doesn't get removed, please respond to this comment with how this post relates to GME the stock or Gamestop the company.\n\n------------------------------------------------------------------------\n\n\nPlease up- and downvote this comment to [help us determine if this post deserves a place on r/Superstonk!](https://www.reddit.com/r/Superstonk/wiki/index/rules/post_flairs/)"", ""I'm just watching from Reddit"", ""I'd also like to add that 166,432 different people have viewed their stapler auction in the last 24hours.\n\nI think it is interesting to see data points that Citadel and friends can't mess with immediately.\n\nIt has little to do with the stock performance, in a direct 1:1 sense, but knowing how many people are looking at something GME is doing is interesting in it's own way."", 'i think the better indicator for how strong this movement still is, is the fucking quarter million? bid on a freaking stapler. same as twatter, not everyone has it', 'I tried to click watch but you have to be signed in and I don’t remember my password and can’t be bothered to sort it out just to log a watch on that counter. I’d say there is a big overlap of people who are viewing and people who don’t have an ebay account.\xa0', ""Some of us really don't care about the stapler, or about dick riding the CEO's underwear. Not everyone is so fanatical."", 'Its recency bias. There’s likely not a lot of us here and we’re flooded with bots trying to karma farm.', '4977 is a lot', 'Waiting for RAPtv and/or Worldstar to post this story on their socials, after that should hit $1M bidding pretty quick imo', 'It shows almost half a million in views lol', 'Price updates are received faster on Superstonk', 'The problem is the charity auction has nothing to do with the manipulation our stock receives. If RC would address the crime as much as he cares about sharing his underwear this thing might actually make US some money. RC could donate the million he’s trying to reach with the auction and not even feel it. Instead he’s milking the public. Even Devin Nunes at least brought the short selling crime to the attention of the SEC for $orangemanstock. RC should be saying that shit daily until SEC does something. But he doesn’t say shit. We just sit around with thumbs up our asses hoping “today is the day” because we only have 2 choices, buy more or sell out.  I buy more but it would be nice to hear some support from the juvenile in charge that mainly cares about poop and underwear.', 'Who the hell still uses eBay', 'nah its not weird.. sure only 5k people ""watching on ebay"" but 176k people have looked at it in the last 24 hours.. i just reclick the link i have sent to my friends to see it when i want..', 'I’ll watch it now', ""yeah, i just don't feel like reactivating a 15 year old ebay account. I'm happy to keep a tab open for it though."", 'Yeah, me too. But also, on eBay, ""watching"" means how many people clicked the little heart icon, adding it to their watch-list.\n\nThat means those people have an eBay account, meaning less likely to be a bot. It\'s just an interesting data point.', ""It's an easy PR move for many people. Easy headline to grab, smile and get a picture. I can imagine a lot of different businesses that would put some budget towards grabbing a headline. And then there are people that would want to meet face to face w Ryan, too.\n\nSo, there's a decent amount of rationality to follow-through with this. I can see this being very effective. And it's for charity. Brilliant PR move.\n\nEven the PR guy doing it couldn't help but comment what a great move it was while doing it, on social media. Someone else shared it, and I was very surprised at his confidence out of the gate, but now that it's hitting 200k, it makes sense."", 'Ok.', ""> recency bias\n\nI'm not 100% certain that is the kind of bias I'm exhibiting when expecting the number of people adding this auction to their watchlist on eBay to be higher than 5k.\n\nI do 100% agree that this sub and platform is flooded w bots, many of which do karma farming as part of their journey to being sold/repurposed. I don't think the karma farming is the main problem with them, though. I think it might be the FUD sowing. The negativity is palpable, which is intentional. It's made many people stop using this place, as intended."", 'Especially for folks bidding over 100k', ""No doubt, I was just thinking about how many of us likely have an account (even if they havent used it in a while).\n\nIn my personal time, I'm into design/fashion, so eBay is super useful for getting hard-to-find clothes in my size (XXL), while also getting good deals and having protections as a buyer. I also use Mercari, Grailed, Depop, etc. But eBay is the king, for sure.\n\nTBH, I was hoping GME would partner with eBay over collectibles and reselling markets somehow. I think there could be some big ideas in that space. $EBAY market cap is $27B, so we can't buy it outright."", 'why those two in particular, out of all social media platforms?', 'Negative nancy, much?', ""134 million active buyers globally, as of last month.\n\n109 million monthly visitors, on top of those buyers.\n\nSeems to be about 243M people checking it out a month, right?\n\nWell, they also have a mobile app that has 64M people using it monthly, on top of the website.\n\nSo, now seems like 307M people are using eBay a month.\n\nAbout a third of a billion people are using eBay monthly, and you are aghast?\n\nIt's okay to just not know things or do things. You can't be into everything, and you probably don't want everyone in the world to be into what you're into either."", 'Assuming everyone has an EBay account is crazy work.', 'When those 2 yap about something, that’s when you know it’s mainstream public knowledge', ""Don't be yucky."", 'That’s not what his comment says, unless it was edited. He’s saying everyone “watching” the listing (the 4977 in the post title) have accounts.']",0.1779,0.0,0.17337241379310345
1lxcv7k,GameStop on X 👁️,396,https://i.redd.it/tt9706mu4acf1.jpeg,1752254697.0,,"['Hey OP, thanks for the Social Media post. \n\nIf this is from Twitter, and Twitter is NOT the original source of this information, this WILL get removed!  \nPlease post the original source!  \n\n**Please respond to this comment within 10 minutes with the URL to the source**  \nIf there is no source or if you yourself are the author, you can reply `OC`', '![gif](giphy|UQOFnGPnp93GzaBImC|downsized)', 'Is the branding redacted?', ""They're not tighty whities because the CEO is based.\n\nWhat fucking timeline are we in currently ? Seems like a TV show sometimes, at least it's charitable."", 'If they want to buy to cover their shorts it will cost over $200,000.', ""The SHF lost this game the moment they crossed us. We're obviously too regarded to defeat by conventional means."", 'Emoji timeline still in play?', 'Shorts R fukd', 'What if the black underwear represents a few things - being in the black.\n\nHowever, what if it was posted when the stapler reached the price per share that would enable shorts to unwind and close their positions??? \n\nAnyone got math skills for an approx.?', 'Looks like there’s room for a big wee wee in there.', ""If you're naked you might want to buy those."", 'Idk guys, looks like shorts.. maybe it’ll be brief.', 'Wonder if they include the package. 😂', 'Is it to COVER THE SHORTS?', 'White ones would have shown up the skid marks better. \nThen again, r/superstonk would have been trying to read the skid marks like goat entrails for clues to MOASS dates. \nMaybe black is best.', 'Now this i like', ""Couldn't find the sell button if our life depended on it."", 'Where would we even be at this point', 'You know RC has a small we wee, right?', 'If his underwear is off, is he showing mo ass?', '""Sell"" ... yeah, that word does sound kind of familiar.', 'The pirate flag undies on the flag pole, obviously... (Flag/mic?)', 'Maybe stock market melt up 🔥', 'But…. *he wrote it backwards*\n\n![gif](giphy|Wt6kNaMjofj1jHkF7t)']",0.0,0.0,0.14513333333333334
1lxd4wu,🔮 GameStop Staplegate eBay listing is now the SIXTH highest priced item in the entire video game consoles category — And it's about to be the FOURTH when it surpasses $250k 🔥💥🍻,390,https://i.redd.it/1qnmrf1w5acf1.png,1752255339.0,# SAUCE: [https://www.ebay.com/b/Video-Game-Consoles/139971/bn\_320033?\_dmd=2&\_sop=16&mag=1&rt=nc](https://www.ebay.com/b/Video-Game-Consoles/139971/bn_320033?_dmd=2&_sop=16&mag=1&rt=nc),"['Hey OP, thanks for the Social Media post. \n\nIf this is from Twitter, and Twitter is NOT the original source of this information, this WILL get removed!  \nPlease post the original source!  \n\n**Please respond to this comment within 10 minutes with the URL to the source**  \nIf there is no source or if you yourself are the author, you can reply `OC`', 'Those aren’t the same, I could put a rock up for $10M at OBO.\n\nCompleted sold listings is what you should be referring to', 'Ginger spiced signed gameboys deff on my list', 'Technically its the highest one *with bids*', '5200 still watching!', ""It's actually the #1 listing considering that's a live bid. Those other absurd prices are Buy It Now, and the listings have probably been sitting dormant for months or years. \n\nGME is #1 Boys & Girls. As always!\n\nLFGGGG!"", ""I'd bid on that GameCube but $118 for shipping?!? No way."", 'atleast 5200 people  watching too', 'From memes to making history — GME legends turning collectibles into gold.', 'Looks like the only one with bids, the rest are just pipe dream pricing that no one actually wants at those prices.', 'eBay is just sitting over there salivating on the cut of this they are going to get!', 'There are no rocks ahead of GameStop’s listing- only legit consoles\n\n#Edit: Meaning, GameStop’s listing is 100% legit. Maybe I’m misunderstanding you- are you saying the other listings ahead of it aren’t really legit?\n\n#Edit2: Pretty sure that’s what you meant- my apologies all :)', 'This guy ebays', 'Aaaand I think that actually makes it #1 tbh, and not just in our hearts :)', 'This', 'Yeah but his point is obviously nobody is going to buy any of these consoles at those prices', 'Yeah $1.3M for that Gamecube is BS and no one is ever going to buy that.', 'I might’ve misunderstood- just edited my comment', ""Whaaaat you mean someone isn't gonna drop a Milly on a Gameboy Advanced signed by a SPICE GIRL?!""]",-0.5994,0.0,0.09795263157894736
